
Training Data:
                        Patient  Weeks   FVC     Percent  Age     Sex     SmokingStatus  WHERE  Confidence Patient_Week  min_week  min_FVC  base_week  Male  Female  Ex-smoker  Never smoked  Currently smokes       age      BASE      week   percent
0     ID00007637202177411956430     -4  2315   58.253649   79    Male         Ex-smoker  train         NaN          NaN      -4.0     2315        0.0     1       0          1             0                 0  0.769231  0.241456  0.294737  0.236393
1     ID00007637202177411956430      5  2214   55.712129   79    Male         Ex-smoker  train         NaN          NaN      -4.0     2315        9.0     1       0          1             0                 0  0.769231  0.241456  0.342105  0.215941
2     ID00007637202177411956430      7  2061   51.862104   79    Male         Ex-smoker  train         NaN          NaN      -4.0     2315       11.0     1       0          1             0                 0  0.769231  0.241456  0.352632  0.184960
3     ID00007637202177411956430      9  2144   53.950679   79    Male         Ex-smoker  train         NaN          NaN      -4.0     2315       13.0     1       0          1             0                 0  0.769231  0.241456  0.363158  0.201767
4     ID00007637202177411956430     11  2069   52.063412   79    Male         Ex-smoker  train         NaN          NaN      -4.0     2315       15.0     1       0          1             0                 0  0.769231  0.241456  0.373684  0.186580
5     ID00007637202177411956430     17  2101   52.868646   79    Male         Ex-smoker  train         NaN          NaN      -4.0     2315       21.0     1       0          1             0                 0  0.769231  0.241456  0.405263  0.193059
6     ID00007637202177411956430     29  2000   50.327126   79    Male         Ex-smoker  train         NaN          NaN      -4.0     2315       33.0     1       0          1             0                 0  0.769231  0.241456  0.468421  0.172607
7     ID00007637202177411956430     41  2064   51.937594   79    Male         Ex-smoker  train         NaN          NaN      -4.0     2315       45.0     1       0          1             0                 0  0.769231  0.241456  0.531579  0.185567
8     ID00007637202177411956430     57  2057   51.761449   79    Male         Ex-smoker  train         NaN          NaN      -4.0     2315       61.0     1       0          1             0                 0  0.769231  0.241456  0.615789  0.184150
9     ID00009637202177434476278      8  3660   85.282878   69    Male         Ex-smoker  train         NaN          NaN       8.0     3660        0.0     1       0          1             0                 0  0.512821  0.491270  0.294737  0.453901
10    ID00009637202177434476278      9  3610   84.117812   69    Male         Ex-smoker  train         NaN          NaN       8.0     3660        1.0     1       0          1             0                 0  0.512821  0.491270  0.300000  0.444526
11    ID00009637202177434476278     11  3895   90.758691   69    Male         Ex-smoker  train         NaN          NaN       8.0     3660        3.0     1       0          1             0                 0  0.512821  0.491270  0.310526  0.497966
12    ID00009637202177434476278     13  3759   87.589710   69    Male         Ex-smoker  train         NaN          NaN       8.0     3660        5.0     1       0          1             0                 0  0.512821  0.491270  0.321053  0.472465
13    ID00009637202177434476278     15  3639   84.793550   69    Male         Ex-smoker  train         NaN          NaN       8.0     3660        7.0     1       0          1             0                 0  0.512821  0.491270  0.331579  0.449963
14    ID00009637202177434476278     22  3578   83.372169   69    Male         Ex-smoker  train         NaN          NaN       8.0     3660       14.0     1       0          1             0                 0  0.512821  0.491270  0.368421  0.438525
15    ID00009637202177434476278     33  3625   84.467332   69    Male         Ex-smoker  train         NaN          NaN       8.0     3660       25.0     1       0          1             0                 0  0.512821  0.491270  0.426316  0.447338
16    ID00009637202177434476278     45  3390   78.991518   69    Male         Ex-smoker  train         NaN          NaN       8.0     3660       37.0     1       0          1             0                 0  0.512821  0.491270  0.489474  0.403274
17    ID00009637202177434476278     60  3214   74.890484   69    Male         Ex-smoker  train         NaN          NaN       8.0     3660       52.0     1       0          1             0                 0  0.512821  0.491270  0.568421  0.370272
18    ID00010637202177584971671      0  3523   94.724672   60    Male         Ex-smoker  train         NaN          NaN       0.0     3523        0.0     1       0          1             0                 0  0.282051  0.465825  0.294737  0.529881
19    ID00010637202177584971671      1  3373   90.691547   60    Male         Ex-smoker  train         NaN          NaN       0.0     3523        1.0     1       0          1             0                 0  0.282051  0.465825  0.300000  0.497425
20    ID00010637202177584971671      3  3327   89.454721   60    Male         Ex-smoker  train         NaN          NaN       0.0     3523        3.0     1       0          1             0                 0  0.282051  0.465825  0.310526  0.487473
21    ID00010637202177584971671      5  2993   80.474296   60    Male         Ex-smoker  train         NaN          NaN       0.0     3523        5.0     1       0          1             0                 0  0.282051  0.465825  0.321053  0.415206
22    ID00010637202177584971671      7  3030   81.469133   60    Male         Ex-smoker  train         NaN          NaN       0.0     3523        7.0     1       0          1             0                 0  0.282051  0.465825  0.331579  0.423211
23    ID00010637202177584971671     13  3103   83.431921   60    Male         Ex-smoker  train         NaN          NaN       0.0     3523       13.0     1       0          1             0                 0  0.282051  0.465825  0.363158  0.439006
24    ID00010637202177584971671     25  2993   80.474296   60    Male         Ex-smoker  train         NaN          NaN       0.0     3523       25.0     1       0          1             0                 0  0.282051  0.465825  0.426316  0.415206
25    ID00010637202177584971671     37  2474   66.519682   60    Male         Ex-smoker  train         NaN          NaN       0.0     3523       37.0     1       0          1             0                 0  0.282051  0.465825  0.489474  0.302911
26    ID00010637202177584971671     54  2518   67.702732   60    Male         Ex-smoker  train         NaN          NaN       0.0     3523       54.0     1       0          1             0                 0  0.282051  0.465825  0.578947  0.312431
27    ID00011637202177653955184      6  3326   85.987590   72    Male         Ex-smoker  train         NaN          NaN       6.0     3326        0.0     1       0          1             0                 0  0.589744  0.429235  0.294737  0.459572
28    ID00011637202177653955184      7  3419   88.391934   72    Male         Ex-smoker  train         NaN          NaN       6.0     3326        1.0     1       0          1             0                 0  0.589744  0.429235  0.300000  0.478920
29    ID00011637202177653955184      9  3541   91.546019   72    Male         Ex-smoker  train         NaN          NaN       6.0     3326        3.0     1       0          1             0                 0  0.589744  0.429235  0.310526  0.504302
30    ID00011637202177653955184     11  3502   90.537746   72    Male         Ex-smoker  train         NaN          NaN       6.0     3326        5.0     1       0          1             0                 0  0.589744  0.429235  0.321053  0.496188
31    ID00011637202177653955184     13  3410   88.159255   72    Male         Ex-smoker  train         NaN          NaN       6.0     3326        7.0     1       0          1             0                 0  0.589744  0.429235  0.331579  0.477048
32    ID00011637202177653955184     19  3477   89.891417   72    Male         Ex-smoker  train         NaN          NaN       6.0     3326       13.0     1       0          1             0                 0  0.589744  0.429235  0.363158  0.490987
33    ID00011637202177653955184     32  3269   84.513961   72    Male         Ex-smoker  train         NaN          NaN       6.0     3326       26.0     1       0          1             0                 0  0.589744  0.429235  0.431579  0.447714
34    ID00011637202177653955184     43  3346   86.504654   72    Male         Ex-smoker  train         NaN          NaN       6.0     3326       37.0     1       0          1             0                 0  0.589744  0.429235  0.489474  0.463733
35    ID00011637202177653955184     58  3193   82.549121   72    Male         Ex-smoker  train         NaN          NaN       6.0     3326       52.0     1       0          1             0                 0  0.589744  0.429235  0.568421  0.431902
36    ID00012637202177665765362     33  3418   93.726006   65    Male      Never smoked  train         NaN          NaN      33.0     3418        0.0     1       0          0             1                 0  0.410256  0.446322  0.294737  0.521844
37    ID00012637202177665765362     35  3759  103.076670   65    Male      Never smoked  train         NaN          NaN      33.0     3418        2.0     1       0          0             1                 0  0.410256  0.446322  0.305263  0.597090
38    ID00012637202177665765362     37  3276   89.832182   65    Male      Never smoked  train         NaN          NaN      33.0     3418        4.0     1       0          0             1                 0  0.410256  0.446322  0.315789  0.490510
39    ID00012637202177665765362     39  3443   94.411539   65    Male      Never smoked  train         NaN          NaN      33.0     3418        6.0     1       0          0             1                 0  0.410256  0.446322  0.326316  0.527361
40    ID00012637202177665765362     41  3268   89.612811   65    Male      Never smoked  train         NaN          NaN      33.0     3418        8.0     1       0          0             1                 0  0.410256  0.446322  0.336842  0.488745
41    ID00012637202177665765362     47  3449   94.576067   65    Male      Never smoked  train         NaN          NaN      33.0     3418       14.0     1       0          0             1                 0  0.410256  0.446322  0.368421  0.528685
42    ID00012637202177665765362     58  3324   91.148404   65    Male      Never smoked  train         NaN          NaN      33.0     3418       25.0     1       0          0             1                 0  0.410256  0.446322  0.426316  0.501102
43    ID00012637202177665765362     71  3231   88.598223   65    Male      Never smoked  train         NaN          NaN      33.0     3418       38.0     1       0          0             1                 0  0.410256  0.446322  0.494737  0.480580
44    ID00012637202177665765362     87  2971   81.468685   65    Male      Never smoked  train         NaN          NaN      33.0     3418       54.0     1       0          0             1                 0  0.410256  0.446322  0.578947  0.423208
45    ID00014637202177757139317      0  3807   90.076661   56    Male         Ex-smoker  train         NaN          NaN       0.0     3807        0.0     1       0          1             0                 0  0.179487  0.518574  0.294737  0.492477
46    ID00014637202177757139317      2  3897   92.206133   56    Male         Ex-smoker  train         NaN          NaN       0.0     3807        2.0     1       0          1             0                 0  0.179487  0.518574  0.305263  0.509614
47    ID00014637202177757139317      4  3615   85.533788   56    Male         Ex-smoker  train         NaN          NaN       0.0     3807        4.0     1       0          1             0                 0  0.179487  0.518574  0.315789  0.455920
48    ID00014637202177757139317      6  3786   89.579784   56    Male         Ex-smoker  train         NaN          NaN       0.0     3807        6.0     1       0          1             0                 0  0.179487  0.518574  0.326316  0.488479
49    ID00014637202177757139317      8  3756   88.869960   56    Male         Ex-smoker  train         NaN          NaN       0.0     3807        8.0     1       0          1             0                 0  0.179487  0.518574  0.336842  0.482767
50    ID00014637202177757139317     14  3238   76.613666   56    Male         Ex-smoker  train         NaN          NaN       0.0     3807       14.0     1       0          1             0                 0  0.179487  0.518574  0.368421  0.384139
51    ID00014637202177757139317     26  3221   76.211433   56    Male         Ex-smoker  train         NaN          NaN       0.0     3807       26.0     1       0          1             0                 0  0.179487  0.518574  0.431579  0.380902
52    ID00014637202177757139317     37  3439   81.369487   56    Male         Ex-smoker  train         NaN          NaN       0.0     3807       37.0     1       0          1             0                 0  0.179487  0.518574  0.489474  0.422410
53    ID00014637202177757139317     54  3027   71.621238   56    Male         Ex-smoker  train         NaN          NaN       0.0     3807       54.0     1       0          1             0                 0  0.179487  0.518574  0.578947  0.343964
54    ID00015637202177877247924     12  3042   78.645295   71    Male         Ex-smoker  train         NaN          NaN      12.0     3042        0.0     1       0          1             0                 0  0.564103  0.376486  0.294737  0.400488
55    ID00015637202177877247924     17  3120   80.661841   71    Male         Ex-smoker  train         NaN          NaN      12.0     3042        5.0     1       0          1             0                 0  0.564103  0.376486  0.321053  0.416715
56    ID00015637202177877247924     19  2890   74.715615   71    Male         Ex-smoker  train         NaN          NaN      12.0     3042        7.0     1       0          1             0                 0  0.564103  0.376486  0.331579  0.368865
57    ID00015637202177877247924     21  2667   68.950362   71    Male         Ex-smoker  train         NaN          NaN      12.0     3042        9.0     1       0          1             0                 0  0.564103  0.376486  0.342105  0.322471
58    ID00015637202177877247924     31  2968   76.732161   71    Male         Ex-smoker  train         NaN          NaN      12.0     3042       19.0     1       0          1             0                 0  0.564103  0.376486  0.394737  0.385092
59    ID00015637202177877247924     40  2697   69.725957   71    Male         Ex-smoker  train         NaN          NaN      12.0     3042       28.0     1       0          1             0                 0  0.564103  0.376486  0.442105  0.328713
60    ID00015637202177877247924     52  2682   69.338159   71    Male         Ex-smoker  train         NaN          NaN      12.0     3042       40.0     1       0          1             0                 0  0.564103  0.376486  0.505263  0.325592
61    ID00015637202177877247924     69  2585   66.830403   71    Male         Ex-smoker  train         NaN          NaN      12.0     3042       57.0     1       0          1             0                 0  0.564103  0.376486  0.594737  0.305412
62    ID00019637202178323708467     13  2100   92.858722   83  Female         Ex-smoker  train         NaN          NaN      13.0     2100        0.0     0       1          1             0                 0  0.871795  0.201523  0.294737  0.514865
63    ID00019637202178323708467     14  2047   90.515145   83  Female         Ex-smoker  train         NaN          NaN      13.0     2100        1.0     0       1          1             0                 0  0.871795  0.201523  0.300000  0.496006
64    ID00019637202178323708467     16  2001   88.481097   83  Female         Ex-smoker  train         NaN          NaN      13.0     2100        3.0     0       1          1             0                 0  0.871795  0.201523  0.310526  0.479638
65    ID00019637202178323708467     18  2054   90.824674   83  Female         Ex-smoker  train         NaN          NaN      13.0     2100        5.0     0       1          1             0                 0  0.871795  0.201523  0.321053  0.498497
66    ID00019637202178323708467     20  2002   88.525315   83  Female         Ex-smoker  train         NaN          NaN      13.0     2100        7.0     0       1          1             0                 0  0.871795  0.201523  0.331579  0.479994
67    ID00019637202178323708467     26  2116   93.566217   83  Female         Ex-smoker  train         NaN          NaN      13.0     2100       13.0     0       1          1             0                 0  0.871795  0.201523  0.363158  0.520558
68    ID00019637202178323708467     38  1946   86.049082   83  Female         Ex-smoker  train         NaN          NaN      13.0     2100       25.0     0       1          1             0                 0  0.871795  0.201523  0.426316  0.460067
69    ID00019637202178323708467     53  1808   79.946938   83  Female         Ex-smoker  train         NaN          NaN      13.0     2100       40.0     0       1          1             0                 0  0.871795  0.201523  0.505263  0.410962
70    ID00019637202178323708467     66  1778   78.620385   83  Female         Ex-smoker  train         NaN          NaN      13.0     2100       53.0     0       1          1             0                 0  0.871795  0.201523  0.573684  0.400287
71    ID00020637202178344345685     18  2297  117.770714   66  Female      Never smoked  train         NaN          NaN      18.0     2297        0.0     0       1          0             1                 0  0.435897  0.238113  0.294737  0.715335
72    ID00020637202178344345685     19  2145  109.977441   66  Female      Never smoked  train         NaN          NaN      18.0     2297        1.0     0       1          0             1                 0  0.435897  0.238113  0.300000  0.652622
73    ID00020637202178344345685     21  2245  115.104594   66  Female      Never smoked  train         NaN          NaN      18.0     2297        3.0     0       1          0             1                 0  0.435897  0.238113  0.310526  0.693881
74    ID00020637202178344345685     23  2250  115.360952   66  Female      Never smoked  train         NaN          NaN      18.0     2297        5.0     0       1          0             1                 0  0.435897  0.238113  0.321053  0.695944
75    ID00020637202178344345685     25  2096  107.465135   66  Female      Never smoked  train         NaN          NaN      18.0     2297        7.0     0       1          0             1                 0  0.435897  0.238113  0.331579  0.632405
76    ID00020637202178344345685     31  2115  108.439295   66  Female      Never smoked  train         NaN          NaN      18.0     2297       13.0     0       1          0             1                 0  0.435897  0.238113  0.363158  0.640244
77    ID00020637202178344345685     44  2058  105.516817   66  Female      Never smoked  train         NaN          NaN      18.0     2297       26.0     0       1          0             1                 0  0.435897  0.238113  0.431579  0.616726
78    ID00020637202178344345685     54  1940   99.466776   66  Female      Never smoked  train         NaN          NaN      18.0     2297       36.0     0       1          0             1                 0  0.435897  0.238113  0.484211  0.568041
79    ID00020637202178344345685     70  1861   95.416325   66  Female      Never smoked  train         NaN          NaN      18.0     2297       52.0     0       1          0             1                 0  0.435897  0.238113  0.568421  0.535446
80    ID00023637202179104603099     -3  1536   65.306122   71  Female         Ex-smoker  train         NaN          NaN      -3.0     1536        0.0     0       1          1             0                 0  0.564103  0.096768  0.294737  0.293145
81    ID00023637202179104603099      3  1368   58.163265   71  Female         Ex-smoker  train         NaN          NaN      -3.0     1536        6.0     0       1          1             0                 0  0.564103  0.096768  0.326316  0.235666
82    ID00023637202179104603099      5  1361   57.865646   71  Female         Ex-smoker  train         NaN          NaN      -3.0     1536        8.0     0       1          1             0                 0  0.564103  0.096768  0.336842  0.233271
83    ID00023637202179104603099      7  1465   62.287415   71  Female         Ex-smoker  train         NaN          NaN      -3.0     1536       10.0     0       1          1             0                 0  0.564103  0.096768  0.347368  0.268854
84    ID00023637202179104603099      9  1681   71.471088   71  Female         Ex-smoker  train         NaN          NaN      -3.0     1536       12.0     0       1          1             0                 0  0.564103  0.096768  0.357895  0.342756
85    ID00023637202179104603099     15  1461   62.117347   71  Female         Ex-smoker  train         NaN          NaN      -3.0     1536       18.0     0       1          1             0                 0  0.564103  0.096768  0.389474  0.267485
86    ID00023637202179104603099     27  1337   56.845238   71  Female         Ex-smoker  train         NaN          NaN      -3.0     1536       30.0     0       1          1             0                 0  0.564103  0.096768  0.452632  0.225060
87    ID00023637202179104603099     39  1304   55.442177   71  Female         Ex-smoker  train         NaN          NaN      -3.0     1536       42.0     0       1          1             0                 0  0.564103  0.096768  0.515789  0.213769
88    ID00023637202179104603099     55  1406   59.778912   71  Female         Ex-smoker  train         NaN          NaN      -3.0     1536       58.0     0       1          1             0                 0  0.564103  0.096768  0.600000  0.248667
89    ID00025637202179541264076      0  2903   73.777574   65    Male         Ex-smoker  train         NaN          NaN       0.0     2903        0.0     1       0          1             0                 0  0.410256  0.350669  0.294737  0.361316
90    ID00025637202179541264076      1  3159   80.283623   65    Male         Ex-smoker  train         NaN          NaN       0.0     2903        1.0     1       0          1             0                 0  0.410256  0.350669  0.300000  0.413671
91    ID00025637202179541264076      3  3277   83.282505   65    Male         Ex-smoker  train         NaN          NaN       0.0     2903        3.0     1       0          1             0                 0  0.410256  0.350669  0.310526  0.437804
92    ID00025637202179541264076      6  3042   77.310156   65    Male         Ex-smoker  train         NaN          NaN       0.0     2903        6.0     1       0          1             0                 0  0.410256  0.350669  0.326316  0.389744
93    ID00025637202179541264076      7  3277   83.282505   65    Male         Ex-smoker  train         NaN          NaN       0.0     2903        7.0     1       0          1             0                 0  0.410256  0.350669  0.331579  0.437804
94    ID00025637202179541264076     14  3086   78.428383   65    Male         Ex-smoker  train         NaN          NaN       0.0     2903       14.0     1       0          1             0                 0  0.410256  0.350669  0.368421  0.398742
95    ID00025637202179541264076     26  2880   73.193047   65    Male         Ex-smoker  train         NaN          NaN       0.0     2903       26.0     1       0          1             0                 0  0.410256  0.350669  0.431579  0.356613
96    ID00025637202179541264076     38  2811   71.439463   65    Male         Ex-smoker  train         NaN          NaN       0.0     2903       38.0     1       0          1             0                 0  0.410256  0.350669  0.494737  0.342501
97    ID00025637202179541264076     53  2533   64.374301   65    Male         Ex-smoker  train         NaN          NaN       0.0     2903       53.0     1       0          1             0                 0  0.410256  0.350669  0.573684  0.285647
98    ID00026637202179561894768     41  2884   79.571791   57    Male         Ex-smoker  train         NaN          NaN      41.0     2884        0.0     1       0          1             0                 0  0.205128  0.347140  0.294737  0.407943
99    ID00026637202179561894768     45  2766   76.316080   57    Male         Ex-smoker  train         NaN          NaN      41.0     2884        4.0     1       0          1             0                 0  0.205128  0.347140  0.315789  0.381744
100   ID00026637202179561894768     47  3007   82.965456   57    Male         Ex-smoker  train         NaN          NaN      41.0     2884        6.0     1       0          1             0                 0  0.205128  0.347140  0.326316  0.435253
101   ID00026637202179561894768     49  2981   82.248096   57    Male         Ex-smoker  train         NaN          NaN      41.0     2884        8.0     1       0          1             0                 0  0.205128  0.347140  0.336842  0.429480
102   ID00026637202179561894768     51  2868   79.130339   57    Male         Ex-smoker  train         NaN          NaN      41.0     2884       10.0     1       0          1             0                 0  0.205128  0.347140  0.347368  0.404391
103   ID00026637202179561894768     57  2917   80.482287   57    Male         Ex-smoker  train         NaN          NaN      41.0     2884       16.0     1       0          1             0                 0  0.205128  0.347140  0.378947  0.415270
104   ID00026637202179561894768     69  3002   82.827502   57    Male         Ex-smoker  train         NaN          NaN      41.0     2884       28.0     1       0          1             0                 0  0.205128  0.347140  0.442105  0.434142
105   ID00026637202179561894768     81  2793   77.061031   57    Male         Ex-smoker  train         NaN          NaN      41.0     2884       40.0     1       0          1             0                 0  0.205128  0.347140  0.505263  0.387739
106   ID00026637202179561894768     98  2700   74.495089   57    Male         Ex-smoker  train         NaN          NaN      41.0     2884       57.0     1       0          1             0                 0  0.205128  0.347140  0.594737  0.367090
107   ID00027637202179689871102     12  2472   64.341489   73    Male         Ex-smoker  train         NaN          NaN      12.0     2472        0.0     1       0          1             0                 0  0.615385  0.270617  0.294737  0.285383
108   ID00027637202179689871102     14  2795   72.748568   73    Male         Ex-smoker  train         NaN          NaN      12.0     2472        2.0     1       0          1             0                 0  0.615385  0.270617  0.305263  0.353036
109   ID00027637202179689871102     16  2750   71.577303   73    Male         Ex-smoker  train         NaN          NaN      12.0     2472        4.0     1       0          1             0                 0  0.615385  0.270617  0.315789  0.343611
110   ID00027637202179689871102     18  2697   70.197814   73    Male         Ex-smoker  train         NaN          NaN      12.0     2472        6.0     1       0          1             0                 0  0.615385  0.270617  0.326316  0.332510
111   ID00027637202179689871102     23  2887   75.143155   73    Male         Ex-smoker  train         NaN          NaN      12.0     2472       11.0     1       0          1             0                 0  0.615385  0.270617  0.352632  0.372305
112   ID00027637202179689871102     26  2547   66.293597   73    Male         Ex-smoker  train         NaN          NaN      12.0     2472       14.0     1       0          1             0                 0  0.615385  0.270617  0.368421  0.301092
113   ID00027637202179689871102     38  2564   66.736075   73    Male         Ex-smoker  train         NaN          NaN      12.0     2472       26.0     1       0          1             0                 0  0.615385  0.270617  0.431579  0.304653
114   ID00027637202179689871102     51  2539   66.085372   73    Male         Ex-smoker  train         NaN          NaN      12.0     2472       39.0     1       0          1             0                 0  0.615385  0.270617  0.500000  0.299416
115   ID00027637202179689871102     66  2378   61.894846   73    Male         Ex-smoker  train         NaN          NaN      12.0     2472       54.0     1       0          1             0                 0  0.615385  0.270617  0.578947  0.265694
116   ID00030637202181211009029     19  2506   59.187530   69    Male         Ex-smoker  train         NaN          NaN      19.0     2506        0.0     1       0          1             0                 0  0.512821  0.276932  0.294737  0.243908
117   ID00030637202181211009029     30  2561   60.486538   69    Male         Ex-smoker  train         NaN          NaN      19.0     2506       11.0     1       0          1             0                 0  0.512821  0.276932  0.352632  0.254362
118   ID00030637202181211009029     33  2388   56.400567   69    Male         Ex-smoker  train         NaN          NaN      19.0     2506       14.0     1       0          1             0                 0  0.512821  0.276932  0.368421  0.221481
119   ID00030637202181211009029     34  2694   63.627775   69    Male         Ex-smoker  train         NaN          NaN      19.0     2506       15.0     1       0          1             0                 0  0.512821  0.276932  0.373684  0.279640
120   ID00030637202181211009029     36  2595   61.289561   69    Male         Ex-smoker  train         NaN          NaN      19.0     2506       17.0     1       0          1             0                 0  0.512821  0.276932  0.384211  0.260824
121   ID00030637202181211009029     42  2552   60.273973   69    Male         Ex-smoker  train         NaN          NaN      19.0     2506       23.0     1       0          1             0                 0  0.512821  0.276932  0.415789  0.252651
122   ID00030637202181211009029     54  2328   54.983467   69    Male         Ex-smoker  train         NaN          NaN      19.0     2506       35.0     1       0          1             0                 0  0.512821  0.276932  0.478947  0.210078
123   ID00030637202181211009029     65  2378   56.164384   69    Male         Ex-smoker  train         NaN          NaN      19.0     2506       46.0     1       0          1             0                 0  0.512821  0.276932  0.536842  0.219581
124   ID00032637202181710233084     30  5045  119.629138   63    Male         Ex-smoker  train         NaN          NaN      30.0     5045        0.0     1       0          1             0                 0  0.358974  0.748514  0.294737  0.730290
125   ID00032637202181710233084     35  4825  114.412406   63    Male         Ex-smoker  train         NaN          NaN      30.0     5045        5.0     1       0          1             0                 0  0.358974  0.748514  0.321053  0.688310
126   ID00032637202181710233084     37  4876  115.621740   63    Male         Ex-smoker  train         NaN          NaN      30.0     5045        7.0     1       0          1             0                 0  0.358974  0.748514  0.331579  0.698042
127   ID00032637202181710233084     39  4665  110.618420   63    Male         Ex-smoker  train         NaN          NaN      30.0     5045        9.0     1       0          1             0                 0  0.358974  0.748514  0.342105  0.657780
128   ID00032637202181710233084     41  4753  112.705112   63    Male         Ex-smoker  train         NaN          NaN      30.0     5045       11.0     1       0          1             0                 0  0.358974  0.748514  0.352632  0.674572
129   ID00032637202181710233084     47  4487  106.397610   63    Male         Ex-smoker  train         NaN          NaN      30.0     5045       17.0     1       0          1             0                 0  0.358974  0.748514  0.384211  0.623814
130   ID00032637202181710233084     59  4679  110.950394   63    Male         Ex-smoker  train         NaN          NaN      30.0     5045       29.0     1       0          1             0                 0  0.358974  0.748514  0.447368  0.660451
131   ID00032637202181710233084     71  4743  112.467988   63    Male         Ex-smoker  train         NaN          NaN      30.0     5045       41.0     1       0          1             0                 0  0.358974  0.748514  0.510526  0.672663
132   ID00032637202181710233084     87  3846   91.197951   63    Male         Ex-smoker  train         NaN          NaN      30.0     5045       57.0     1       0          1             0                 0  0.358974  0.748514  0.594737  0.501501
133   ID00035637202182204917484     11  2728   74.576271   69    Male         Ex-smoker  train         NaN          NaN      11.0     2728        0.0     1       0          1             0                 0  0.512821  0.318165  0.294737  0.367744
134   ID00035637202182204917484     12  2603   71.159103   69    Male         Ex-smoker  train         NaN          NaN      11.0     2728        1.0     1       0          1             0                 0  0.512821  0.318165  0.300000  0.340245
135   ID00035637202182204917484     14  2634   72.006561   69    Male         Ex-smoker  train         NaN          NaN      11.0     2728        3.0     1       0          1             0                 0  0.512821  0.318165  0.310526  0.347065
136   ID00035637202182204917484     16  2668   72.936031   69    Male         Ex-smoker  train         NaN          NaN      11.0     2728        5.0     1       0          1             0                 0  0.512821  0.318165  0.321053  0.354544
137   ID00035637202182204917484     18  2684   73.373428   69    Male         Ex-smoker  train         NaN          NaN      11.0     2728        7.0     1       0          1             0                 0  0.512821  0.318165  0.331579  0.358064
138   ID00035637202182204917484     24  2787   76.189174   69    Male         Ex-smoker  train         NaN          NaN      11.0     2728       13.0     1       0          1             0                 0  0.512821  0.318165  0.363158  0.380723
139   ID00035637202182204917484     36  2391   65.363587   69    Male         Ex-smoker  train         NaN          NaN      11.0     2728       25.0     1       0          1             0                 0  0.512821  0.318165  0.426316  0.293608
140   ID00035637202182204917484     49  2195   60.005467   69    Male         Ex-smoker  train         NaN          NaN      11.0     2728       38.0     1       0          1             0                 0  0.512821  0.318165  0.494737  0.250490
141   ID00035637202182204917484     65  2272   62.110443   69    Male         Ex-smoker  train         NaN          NaN      11.0     2728       54.0     1       0          1             0                 0  0.512821  0.318165  0.578947  0.267429
142   ID00038637202182690843176      6  3946   97.029606   71    Male         Ex-smoker  train         NaN          NaN       6.0     3946        0.0     1       0          1             0                 0  0.564103  0.544391  0.294737  0.548429
143   ID00038637202182690843176     12  3905   96.021442   71    Male         Ex-smoker  train         NaN          NaN       6.0     3946        6.0     1       0          1             0                 0  0.564103  0.544391  0.326316  0.540316
144   ID00038637202182690843176     15  3787   93.119898   71    Male         Ex-smoker  train         NaN          NaN       6.0     3946        9.0     1       0          1             0                 0  0.564103  0.544391  0.342105  0.516967
145   ID00038637202182690843176     17  3988   98.062359   71    Male         Ex-smoker  train         NaN          NaN       6.0     3946       11.0     1       0          1             0                 0  0.564103  0.544391  0.352632  0.556739
146   ID00038637202182690843176     19  4000   98.357431   71    Male         Ex-smoker  train         NaN          NaN       6.0     3946       13.0     1       0          1             0                 0  0.564103  0.544391  0.363158  0.559114
147   ID00038637202182690843176     24  3831   94.201829   71    Male         Ex-smoker  train         NaN          NaN       6.0     3946       18.0     1       0          1             0                 0  0.564103  0.544391  0.389474  0.525673
148   ID00038637202182690843176     36  3846   94.570670   71    Male         Ex-smoker  train         NaN          NaN       6.0     3946       30.0     1       0          1             0                 0  0.564103  0.544391  0.452632  0.528641
149   ID00038637202182690843176     49  3878   95.357529   71    Male         Ex-smoker  train         NaN          NaN       6.0     3946       43.0     1       0          1             0                 0  0.564103  0.544391  0.521053  0.534973
150   ID00038637202182690843176     63  3896   95.800138   71    Male         Ex-smoker  train         NaN          NaN       6.0     3946       57.0     1       0          1             0                 0  0.564103  0.544391  0.594737  0.538535
151   ID00042637202184406822975      1  3791  103.692560   58    Male         Ex-smoker  train         NaN          NaN       1.0     3791        0.0     1       0          1             0                 0  0.230769  0.515602  0.294737  0.602046
152   ID00042637202184406822975      6  3555   97.237418   58    Male         Ex-smoker  train         NaN          NaN       1.0     3791        5.0     1       0          1             0                 0  0.230769  0.515602  0.321053  0.550101
153   ID00042637202184406822975      9  3514   96.115974   58    Male         Ex-smoker  train         NaN          NaN       1.0     3791        8.0     1       0          1             0                 0  0.230769  0.515602  0.336842  0.541077
154   ID00042637202184406822975     11  3451   94.392779   58    Male         Ex-smoker  train         NaN          NaN       1.0     3791       10.0     1       0          1             0                 0  0.230769  0.515602  0.347368  0.527210
155   ID00042637202184406822975     12  3626   99.179431   58    Male         Ex-smoker  train         NaN          NaN       1.0     3791       11.0     1       0          1             0                 0  0.230769  0.515602  0.352632  0.565729
156   ID00042637202184406822975     18  3515   96.143326   58    Male         Ex-smoker  train         NaN          NaN       1.0     3791       17.0     1       0          1             0                 0  0.230769  0.515602  0.384211  0.541297
157   ID00042637202184406822975     31  3679  100.629103   58    Male         Ex-smoker  train         NaN          NaN       1.0     3791       30.0     1       0          1             0                 0  0.230769  0.515602  0.452632  0.577394
158   ID00042637202184406822975     44  3961  108.342451   58    Male         Ex-smoker  train         NaN          NaN       1.0     3791       43.0     1       0          1             0                 0  0.230769  0.515602  0.521053  0.639465
159   ID00042637202184406822975     60  3431   93.845733   58    Male         Ex-smoker  train         NaN          NaN       1.0     3791       59.0     1       0          1             0                 0  0.230769  0.515602  0.605263  0.522808
160   ID00047637202184938901501      2  3313   89.929425   68    Male         Ex-smoker  train         NaN          NaN       2.0     3313        0.0     1       0          1             0                 0  0.487179  0.426820  0.294737  0.491293
161   ID00047637202184938901501      4  3235   87.812161   68    Male         Ex-smoker  train         NaN          NaN       2.0     3313        2.0     1       0          1             0                 0  0.487179  0.426820  0.305263  0.474255
162   ID00047637202184938901501      6  3370   91.476656   68    Male         Ex-smoker  train         NaN          NaN       2.0     3313        4.0     1       0          1             0                 0  0.487179  0.426820  0.315789  0.503743
163   ID00047637202184938901501      8  3129   84.934853   68    Male         Ex-smoker  train         NaN          NaN       2.0     3313        6.0     1       0          1             0                 0  0.487179  0.426820  0.326316  0.451101
164   ID00047637202184938901501     10  3236   87.839305   68    Male         Ex-smoker  train         NaN          NaN       2.0     3313        8.0     1       0          1             0                 0  0.487179  0.426820  0.336842  0.474473
165   ID00047637202184938901501     29  3012   81.758958   68    Male         Ex-smoker  train         NaN          NaN       2.0     3313       27.0     1       0          1             0                 0  0.487179  0.426820  0.436842  0.425544
166   ID00048637202185016727717     11  1399   61.107714   70  Female      Never smoked  train         NaN          NaN      11.0     1399        0.0     0       1          0             1                 0  0.538462  0.071322  0.294737  0.259360
167   ID00048637202185016727717     13  1447   63.204333   70  Female      Never smoked  train         NaN          NaN      11.0     1399        2.0     0       1          0             1                 0  0.538462  0.071322  0.305263  0.276232
168   ID00048637202185016727717     15  1466   64.034245   70  Female      Never smoked  train         NaN          NaN      11.0     1399        4.0     0       1          0             1                 0  0.538462  0.071322  0.315789  0.282911
169   ID00048637202185016727717     21  1441   62.942256   70  Female      Never smoked  train         NaN          NaN      11.0     1399       10.0     0       1          0             1                 0  0.538462  0.071322  0.347368  0.274123
170   ID00048637202185016727717     33  1414   61.762907   70  Female      Never smoked  train         NaN          NaN      11.0     1399       22.0     0       1          0             1                 0  0.538462  0.071322  0.410526  0.264633
171   ID00048637202185016727717     47  1387   60.583559   70  Female      Never smoked  train         NaN          NaN      11.0     1399       36.0     0       1          0             1                 0  0.538462  0.071322  0.484211  0.255142
172   ID00048637202185016727717     61  1370   59.841006   70  Female      Never smoked  train         NaN          NaN      11.0     1399       50.0     0       1          0             1                 0  0.538462  0.071322  0.557895  0.249167
173   ID00051637202185848464638     -1  1697   81.645417   73  Female         Ex-smoker  train         NaN          NaN      -1.0     1697        0.0     0       1          1             0                 0  0.615385  0.126672  0.294737  0.424630
174   ID00051637202185848464638      1  1569   75.487130   73  Female         Ex-smoker  train         NaN          NaN      -1.0     1697        2.0     0       1          1             0                 0  0.615385  0.126672  0.305263  0.375073
175   ID00051637202185848464638      3  1776   85.446235   73  Female         Ex-smoker  train         NaN          NaN      -1.0     1697        4.0     0       1          1             0                 0  0.615385  0.126672  0.315789  0.455216
176   ID00051637202185848464638      6  1718   82.655761   73  Female         Ex-smoker  train         NaN          NaN      -1.0     1697        7.0     0       1          1             0                 0  0.615385  0.126672  0.331579  0.432760
177   ID00051637202185848464638      7  1682   80.923743   73  Female         Ex-smoker  train         NaN          NaN      -1.0     1697        8.0     0       1          1             0                 0  0.615385  0.126672  0.336842  0.418823
178   ID00051637202185848464638     13  1624   78.133269   73  Female         Ex-smoker  train         NaN          NaN      -1.0     1697       14.0     0       1          1             0                 0  0.615385  0.126672  0.368421  0.396367
179   ID00051637202185848464638     26  1616   77.748376   73  Female         Ex-smoker  train         NaN          NaN      -1.0     1697       27.0     0       1          1             0                 0  0.615385  0.126672  0.436842  0.393270
180   ID00051637202185848464638     37  1520   73.129661   73  Female         Ex-smoker  train         NaN          NaN      -1.0     1697       38.0     0       1          1             0                 0  0.615385  0.126672  0.494737  0.356103
181   ID00051637202185848464638     54  1532   73.707000   73  Female         Ex-smoker  train         NaN          NaN      -1.0     1697       55.0     0       1          1             0                 0  0.615385  0.126672  0.584211  0.360749
182   ID00052637202186188008618     48  2489   58.969864   54    Male         Ex-smoker  train         NaN          NaN      48.0     2489        0.0     1       0          1             0                 0  0.128205  0.273774  0.294737  0.242157
183   ID00052637202186188008618     51  2522   59.751706   54    Male         Ex-smoker  train         NaN          NaN      48.0     2489        3.0     1       0          1             0                 0  0.128205  0.273774  0.310526  0.248448
184   ID00052637202186188008618     53  2517   59.633245   54    Male         Ex-smoker  train         NaN          NaN      48.0     2489        5.0     1       0          1             0                 0  0.128205  0.273774  0.321053  0.247495
185   ID00052637202186188008618     56  2292   54.302502   54    Male         Ex-smoker  train         NaN          NaN      48.0     2489        8.0     1       0          1             0                 0  0.128205  0.273774  0.336842  0.204598
186   ID00052637202186188008618     58  2251   53.331122   54    Male         Ex-smoker  train         NaN          NaN      48.0     2489       10.0     1       0          1             0                 0  0.128205  0.273774  0.347368  0.196781
187   ID00052637202186188008618     63  2436   57.714177   54    Male         Ex-smoker  train         NaN          NaN      48.0     2489       15.0     1       0          1             0                 0  0.128205  0.273774  0.373684  0.232052
188   ID00052637202186188008618     75  1848   43.783169   54    Male         Ex-smoker  train         NaN          NaN      48.0     2489       27.0     1       0          1             0                 0  0.128205  0.273774  0.436842  0.119947
189   ID00060637202187965290703     16  3255   85.343471   63    Male         Ex-smoker  train         NaN          NaN      16.0     3255        0.0     1       0          1             0                 0  0.358974  0.416048  0.294737  0.454389
190   ID00060637202187965290703     18  3370   88.358679   63    Male         Ex-smoker  train         NaN          NaN      16.0     3255        2.0     1       0          1             0                 0  0.358974  0.416048  0.305263  0.478653
191   ID00060637202187965290703     20  3418   89.617200   63    Male         Ex-smoker  train         NaN          NaN      16.0     3255        4.0     1       0          1             0                 0  0.358974  0.416048  0.315789  0.488780
192   ID00060637202187965290703     23  3284   86.103828   63    Male         Ex-smoker  train         NaN          NaN      16.0     3255        7.0     1       0          1             0                 0  0.358974  0.416048  0.331579  0.460507
193   ID00060637202187965290703     24  3050   79.968537   63    Male         Ex-smoker  train         NaN          NaN      16.0     3255        8.0     1       0          1             0                 0  0.358974  0.416048  0.336842  0.411136
194   ID00060637202187965290703     31  3135   82.197168   63    Male         Ex-smoker  train         NaN          NaN      16.0     3255       15.0     1       0          1             0                 0  0.358974  0.416048  0.373684  0.429070
195   ID00060637202187965290703     43  3292   86.313582   63    Male         Ex-smoker  train         NaN          NaN      16.0     3255       27.0     1       0          1             0                 0  0.358974  0.416048  0.436842  0.462195
196   ID00060637202187965290703     55  3064   80.335606   63    Male         Ex-smoker  train         NaN          NaN      16.0     3255       39.0     1       0          1             0                 0  0.358974  0.416048  0.500000  0.414090
197   ID00060637202187965290703     71  2890   75.773466   63    Male         Ex-smoker  train         NaN          NaN      16.0     3255       55.0     1       0          1             0                 0  0.358974  0.416048  0.584211  0.377378
198   ID00061637202188184085559     23  3969  108.501914   68    Male         Ex-smoker  train         NaN          NaN      23.0     3969        0.0     1       0          1             0                 0  0.487179  0.548663  0.294737  0.640748
199   ID00061637202188184085559     24  2511   68.644068   68    Male         Ex-smoker  train         NaN          NaN      23.0     3969        1.0     1       0          1             0                 0  0.487179  0.548663  0.300000  0.320006
200   ID00061637202188184085559     26  4134  113.012575   68    Male         Ex-smoker  train         NaN          NaN      23.0     3969        3.0     1       0          1             0                 0  0.487179  0.548663  0.310526  0.677046
201   ID00061637202188184085559     28  4024  110.005467   68    Male         Ex-smoker  train         NaN          NaN      23.0     3969        5.0     1       0          1             0                 0  0.487179  0.548663  0.321053  0.652847
202   ID00061637202188184085559     30  4043  110.524877   68    Male         Ex-smoker  train         NaN          NaN      23.0     3969        7.0     1       0          1             0                 0  0.487179  0.548663  0.331579  0.657027
203   ID00061637202188184085559     36  4048  110.661564   68    Male         Ex-smoker  train         NaN          NaN      23.0     3969       13.0     1       0          1             0                 0  0.487179  0.548663  0.363158  0.658127
204   ID00061637202188184085559     48  4128  112.848551   68    Male         Ex-smoker  train         NaN          NaN      23.0     3969       25.0     1       0          1             0                 0  0.487179  0.548663  0.426316  0.675726
205   ID00061637202188184085559     60  3902  106.670312   68    Male         Ex-smoker  train         NaN          NaN      23.0     3969       37.0     1       0          1             0                 0  0.487179  0.548663  0.489474  0.626009
206   ID00061637202188184085559     76  4089  111.782395   68    Male         Ex-smoker  train         NaN          NaN      23.0     3969       53.0     1       0          1             0                 0  0.487179  0.548663  0.573684  0.667146
207   ID00062637202188654068490     44  2301   76.455343   74    Male      Never smoked  train         NaN          NaN      44.0     2301        0.0     1       0          0             1                 0  0.641026  0.238856  0.294737  0.382865
208   ID00062637202188654068490     46  2336   77.618288   74    Male      Never smoked  train         NaN          NaN      44.0     2301        2.0     1       0          0             1                 0  0.641026  0.238856  0.305263  0.392223
209   ID00062637202188654068490     48  2341   77.784423   74    Male      Never smoked  train         NaN          NaN      44.0     2301        4.0     1       0          0             1                 0  0.641026  0.238856  0.315789  0.393560
210   ID00062637202188654068490     50  2158   71.703881   74    Male      Never smoked  train         NaN          NaN      44.0     2301        6.0     1       0          0             1                 0  0.641026  0.238856  0.326316  0.344629
211   ID00062637202188654068490     52  2260   75.093036   74    Male      Never smoked  train         NaN          NaN      44.0     2301        8.0     1       0          0             1                 0  0.641026  0.238856  0.336842  0.371902
212   ID00062637202188654068490     58  2212   73.498139   74    Male      Never smoked  train         NaN          NaN      44.0     2301       14.0     1       0          0             1                 0  0.641026  0.238856  0.368421  0.359068
213   ID00062637202188654068490     70  2239   74.395268   74    Male      Never smoked  train         NaN          NaN      44.0     2301       26.0     1       0          0             1                 0  0.641026  0.238856  0.431579  0.366287
214   ID00062637202188654068490     83  2172   72.169059   74    Male      Never smoked  train         NaN          NaN      44.0     2301       39.0     1       0          0             1                 0  0.641026  0.238856  0.500000  0.348372
215   ID00062637202188654068490     98  2071   68.813131   74    Male      Never smoked  train         NaN          NaN      44.0     2301       54.0     1       0          0             1                 0  0.641026  0.238856  0.578947  0.321367
216   ID00067637202189903532242      4  3456   91.235480   64    Male         Ex-smoker  train         NaN          NaN       4.0     3456        0.0     1       0          1             0                 0  0.384615  0.453380  0.294737  0.501803
217   ID00067637202189903532242      5  3295   86.985216   64    Male         Ex-smoker  train         NaN          NaN       4.0     3456        1.0     1       0          1             0                 0  0.384615  0.453380  0.300000  0.467600
218   ID00067637202189903532242      7  3420   90.285111   64    Male         Ex-smoker  train         NaN          NaN       4.0     3456        3.0     1       0          1             0                 0  0.384615  0.453380  0.310526  0.494155
219   ID00067637202189903532242      9  3608   95.248152   64    Male         Ex-smoker  train         NaN          NaN       4.0     3456        5.0     1       0          1             0                 0  0.384615  0.453380  0.321053  0.534093
220   ID00067637202189903532242     11  3363   88.780359   64    Male         Ex-smoker  train         NaN          NaN       4.0     3456        7.0     1       0          1             0                 0  0.384615  0.453380  0.331579  0.482046
221   ID00067637202189903532242     17  3410   90.021119   64    Male         Ex-smoker  train         NaN          NaN       4.0     3456       13.0     1       0          1             0                 0  0.384615  0.453380  0.363158  0.492030
222   ID00067637202189903532242     28  3256   85.955649   64    Male         Ex-smoker  train         NaN          NaN       4.0     3456       24.0     1       0          1             0                 0  0.384615  0.453380  0.421053  0.459315
223   ID00067637202189903532242     41  3230   85.269271   64    Male         Ex-smoker  train         NaN          NaN       4.0     3456       37.0     1       0          1             0                 0  0.384615  0.453380  0.489474  0.453792
224   ID00068637202190879923934     13  2784   82.337632   73    Male         Ex-smoker  train         NaN          NaN      13.0     2784        0.0     1       0          1             0                 0  0.615385  0.328566  0.294737  0.430200
225   ID00068637202190879923934     15  2740   81.036318   73    Male         Ex-smoker  train         NaN          NaN      13.0     2784        2.0     1       0          1             0                 0  0.615385  0.328566  0.305263  0.419729
226   ID00068637202190879923934     16  2819   83.372767   73    Male         Ex-smoker  train         NaN          NaN      13.0     2784        3.0     1       0          1             0                 0  0.615385  0.328566  0.310526  0.438530
227   ID00068637202190879923934     22  2592   76.659174   73    Male         Ex-smoker  train         NaN          NaN      13.0     2784        9.0     1       0          1             0                 0  0.615385  0.328566  0.342105  0.384505
228   ID00068637202190879923934     35  2459   72.725660   73    Male         Ex-smoker  train         NaN          NaN      13.0     2784       22.0     1       0          1             0                 0  0.615385  0.328566  0.410526  0.352852
229   ID00068637202190879923934     46  2626   77.664734   73    Male         Ex-smoker  train         NaN          NaN      13.0     2784       33.0     1       0          1             0                 0  0.615385  0.328566  0.468421  0.392597
230   ID00068637202190879923934     62  2476   73.228440   73    Male         Ex-smoker  train         NaN          NaN      13.0     2784       49.0     1       0          1             0                 0  0.615385  0.328566  0.552632  0.356897
231   ID00072637202198161894406     15  2359   72.353086   71    Male         Ex-smoker  train         NaN          NaN      15.0     2359        0.0     1       0          1             0                 0  0.564103  0.249629  0.294737  0.349853
232   ID00072637202198161894406     18  2357   72.291743   71    Male         Ex-smoker  train         NaN          NaN      15.0     2359        3.0     1       0          1             0                 0  0.564103  0.249629  0.310526  0.349360
233   ID00072637202198161894406     20  2376   72.874494   71    Male         Ex-smoker  train         NaN          NaN      15.0     2359        5.0     1       0          1             0                 0  0.564103  0.249629  0.321053  0.354049
234   ID00072637202198161894406     22  2352   72.138388   71    Male         Ex-smoker  train         NaN          NaN      15.0     2359        7.0     1       0          1             0                 0  0.564103  0.249629  0.331579  0.348126
235   ID00072637202198161894406     24  2414   74.039995   71    Male         Ex-smoker  train         NaN          NaN      15.0     2359        9.0     1       0          1             0                 0  0.564103  0.249629  0.342105  0.363428
236   ID00072637202198161894406     30  2308   70.788860   71    Male         Ex-smoker  train         NaN          NaN      15.0     2359       15.0     1       0          1             0                 0  0.564103  0.249629  0.373684  0.337266
237   ID00072637202198161894406     42  2233   68.488529   71    Male         Ex-smoker  train         NaN          NaN      15.0     2359       27.0     1       0          1             0                 0  0.564103  0.249629  0.436842  0.318755
238   ID00072637202198161894406     55  2356   72.261072   71    Male         Ex-smoker  train         NaN          NaN      15.0     2359       40.0     1       0          1             0                 0  0.564103  0.249629  0.505263  0.349113
239   ID00072637202198161894406     70  2247   68.917924   71    Male         Ex-smoker  train         NaN          NaN      15.0     2359       55.0     1       0          1             0                 0  0.564103  0.249629  0.584211  0.322210
240   ID00073637202198167792918      3  2547   70.742140   69    Male         Ex-smoker  train         NaN          NaN       3.0     2547        0.0     1       0          1             0                 0  0.512821  0.284547  0.294737  0.336890
241   ID00073637202198167792918      6  2409   66.909232   69    Male         Ex-smoker  train         NaN          NaN       3.0     2547        3.0     1       0          1             0                 0  0.512821  0.284547  0.310526  0.306046
242   ID00073637202198167792918      8  2361   65.576047   69    Male         Ex-smoker  train         NaN          NaN       3.0     2547        5.0     1       0          1             0                 0  0.512821  0.284547  0.321053  0.295318
243   ID00073637202198167792918     10  2354   65.381624   69    Male         Ex-smoker  train         NaN          NaN       3.0     2547        7.0     1       0          1             0                 0  0.512821  0.284547  0.331579  0.293753
244   ID00073637202198167792918     12  2410   66.937007   69    Male         Ex-smoker  train         NaN          NaN       3.0     2547        9.0     1       0          1             0                 0  0.512821  0.284547  0.342105  0.306269
245   ID00073637202198167792918     18  2353   65.353850   69    Male         Ex-smoker  train         NaN          NaN       3.0     2547       15.0     1       0          1             0                 0  0.512821  0.284547  0.373684  0.293530
246   ID00073637202198167792918     30  2130   59.160093   69    Male         Ex-smoker  train         NaN          NaN       3.0     2547       27.0     1       0          1             0                 0  0.512821  0.284547  0.436842  0.243688
247   ID00073637202198167792918     42  1709   47.466948   69    Male         Ex-smoker  train         NaN          NaN       3.0     2547       39.0     1       0          1             0                 0  0.512821  0.284547  0.500000  0.149591
248   ID00075637202198610425520     25  1641   67.053488   52  Female      Never smoked  train         NaN          NaN      25.0     1641        0.0     0       1          0             1                 0  0.076923  0.116270  0.294737  0.307207
249   ID00075637202198610425520     28  1541   62.967352   52  Female      Never smoked  train         NaN          NaN      25.0     1641        3.0     0       1          0             1                 0  0.076923  0.116270  0.310526  0.274325
250   ID00075637202198610425520     29  1529   62.477015   52  Female      Never smoked  train         NaN          NaN      25.0     1641        4.0     0       1          0             1                 0  0.076923  0.116270  0.315789  0.270379
251   ID00075637202198610425520     32  1613   65.909370   52  Female      Never smoked  train         NaN          NaN      25.0     1641        7.0     0       1          0             1                 0  0.076923  0.116270  0.331579  0.298000
252   ID00075637202198610425520     33  1615   65.991092   52  Female      Never smoked  train         NaN          NaN      25.0     1641        8.0     0       1          0             1                 0  0.076923  0.116270  0.336842  0.298658
253   ID00075637202198610425520     40  1623   66.317983   52  Female      Never smoked  train         NaN          NaN      25.0     1641       15.0     0       1          0             1                 0  0.076923  0.116270  0.373684  0.301288
254   ID00075637202198610425520     51  1469   60.025334   52  Female      Never smoked  train         NaN          NaN      25.0     1641       26.0     0       1          0             1                 0  0.076923  0.116270  0.431579  0.250650
255   ID00075637202198610425520     61  1296   52.956319   52  Female      Never smoked  train         NaN          NaN      25.0     1641       36.0     0       1          0             1                 0  0.076923  0.116270  0.484211  0.193765
256   ID00075637202198610425520     79  1185   48.420709   52  Female      Never smoked  train         NaN          NaN      25.0     1641       54.0     0       1          0             1                 0  0.076923  0.116270  0.578947  0.157266
257   ID00076637202199015035026     -4  2298   52.749977   51    Male      Never smoked  train         NaN          NaN      -4.0     2298        0.0     1       0          0             1                 0  0.051282  0.238299  0.294737  0.192104
258   ID00076637202199015035026      3  2576   59.131393   51    Male      Never smoked  train         NaN          NaN      -4.0     2298        7.0     1       0          0             1                 0  0.051282  0.238299  0.331579  0.243457
259   ID00076637202199015035026      5  2182   50.087228   51    Male      Never smoked  train         NaN          NaN      -4.0     2298        9.0     1       0          0             1                 0  0.051282  0.238299  0.342105  0.170677
260   ID00076637202199015035026      6  2374   54.494537   51    Male      Never smoked  train         NaN          NaN      -4.0     2298       10.0     1       0          0             1                 0  0.051282  0.238299  0.347368  0.206143
261   ID00076637202199015035026      9  2370   54.402718   51    Male      Never smoked  train         NaN          NaN      -4.0     2298       13.0     1       0          0             1                 0  0.051282  0.238299  0.363158  0.205404
262   ID00076637202199015035026     15  2480   56.927738   51    Male      Never smoked  train         NaN          NaN      -4.0     2298       19.0     1       0          0             1                 0  0.051282  0.238299  0.394737  0.225723
263   ID00076637202199015035026     27  2683   61.587549   51    Male      Never smoked  train         NaN          NaN      -4.0     2298       31.0     1       0          0             1                 0  0.051282  0.238299  0.457895  0.263222
264   ID00076637202199015035026     40  2914   66.890093   51    Male      Never smoked  train         NaN          NaN      -4.0     2298       44.0     1       0          0             1                 0  0.051282  0.238299  0.526316  0.305892
265   ID00076637202199015035026     55  2853   65.489854   51    Male      Never smoked  train         NaN          NaN      -4.0     2298       59.0     1       0          0             1                 0  0.051282  0.238299  0.605263  0.294624
266   ID00077637202199102000916      5  3170   82.073322   70    Male         Ex-smoker  train         NaN          NaN       5.0     3170        0.0     1       0          1             0                 0  0.538462  0.400260  0.294737  0.428073
267   ID00077637202199102000916      6  3121   80.804681   70    Male         Ex-smoker  train         NaN          NaN       5.0     3170        1.0     1       0          1             0                 0  0.538462  0.400260  0.300000  0.417865
268   ID00077637202199102000916      8  3223   83.445526   70    Male         Ex-smoker  train         NaN          NaN       5.0     3170        3.0     1       0          1             0                 0  0.538462  0.400260  0.310526  0.439116
269   ID00077637202199102000916     10  3380   87.510356   70    Male         Ex-smoker  train         NaN          NaN       5.0     3170        5.0     1       0          1             0                 0  0.538462  0.400260  0.321053  0.471826
270   ID00077637202199102000916     12  3255   84.274027   70    Male         Ex-smoker  train         NaN          NaN       5.0     3170        7.0     1       0          1             0                 0  0.538462  0.400260  0.331579  0.445783
271   ID00077637202199102000916     18  3391   87.795153   70    Male         Ex-smoker  train         NaN          NaN       5.0     3170       13.0     1       0          1             0                 0  0.538462  0.400260  0.363158  0.474118
272   ID00077637202199102000916     29  3504   90.720795   70    Male         Ex-smoker  train         NaN          NaN       5.0     3170       24.0     1       0          1             0                 0  0.538462  0.400260  0.421053  0.497661
273   ID00077637202199102000916     42  3378   87.458575   70    Male         Ex-smoker  train         NaN          NaN       5.0     3170       37.0     1       0          1             0                 0  0.538462  0.400260  0.489474  0.471409
274   ID00077637202199102000916     59  3391   87.795153   70    Male         Ex-smoker  train         NaN          NaN       5.0     3170       54.0     1       0          1             0                 0  0.538462  0.400260  0.578947  0.474118
275   ID00078637202199415319443      0  1860   68.289459   55  Female         Ex-smoker  train         NaN          NaN       0.0     1860        0.0     0       1          1             0                 0  0.153846  0.156947  0.294737  0.317153
276   ID00078637202199415319443      5  1901   69.794764   55  Female         Ex-smoker  train         NaN          NaN       0.0     1860        5.0     0       1          1             0                 0  0.153846  0.156947  0.321053  0.329266
277   ID00078637202199415319443      7  1823   66.931013   55  Female         Ex-smoker  train         NaN          NaN       0.0     1860        7.0     0       1          1             0                 0  0.153846  0.156947  0.331579  0.306221
278   ID00078637202199415319443      9  1799   66.049859   55  Female         Ex-smoker  train         NaN          NaN       0.0     1860        9.0     0       1          1             0                 0  0.153846  0.156947  0.342105  0.299130
279   ID00078637202199415319443     11  1753   64.360980   55  Female         Ex-smoker  train         NaN          NaN       0.0     1860       11.0     0       1          1             0                 0  0.153846  0.156947  0.352632  0.285540
280   ID00078637202199415319443     17  1780   65.352278   55  Female         Ex-smoker  train         NaN          NaN       0.0     1860       17.0     0       1          1             0                 0  0.153846  0.156947  0.384211  0.293517
281   ID00078637202199415319443     28  1763   64.728127   55  Female         Ex-smoker  train         NaN          NaN       0.0     1860       28.0     0       1          1             0                 0  0.153846  0.156947  0.442105  0.288494
282   ID00078637202199415319443     40  1718   63.075963   55  Female         Ex-smoker  train         NaN          NaN       0.0     1860       40.0     0       1          1             0                 0  0.153846  0.156947  0.505263  0.275199
283   ID00078637202199415319443     58  1385   50.849947   55  Female         Ex-smoker  train         NaN          NaN       0.0     1860       58.0     0       1          1             0                 0  0.153846  0.156947  0.600000  0.176815
284   ID00082637202201836229724     19  2918   99.794802   49  Female  Currently smokes  train         NaN          NaN      19.0     2918        0.0     0       1          0             0                 1  0.000000  0.353455  0.294737  0.570681
285   ID00082637202201836229724     27  2955  101.060192   49  Female  Currently smokes  train         NaN          NaN      19.0     2918        8.0     0       1          0             0                 1  0.000000  0.353455  0.336842  0.580863
286   ID00082637202201836229724     29  2873   98.255814   49  Female  Currently smokes  train         NaN          NaN      19.0     2918       10.0     0       1          0             0                 1  0.000000  0.353455  0.347368  0.558296
287   ID00082637202201836229724     31  2963  101.333789   49  Female  Currently smokes  train         NaN          NaN      19.0     2918       12.0     0       1          0             0                 1  0.000000  0.353455  0.357895  0.583065
288   ID00082637202201836229724     33  2885   98.666211   49  Female  Currently smokes  train         NaN          NaN      19.0     2918       14.0     0       1          0             0                 1  0.000000  0.353455  0.368421  0.561599
289   ID00082637202201836229724     39  2837   97.024624   49  Female  Currently smokes  train         NaN          NaN      19.0     2918       20.0     0       1          0             0                 1  0.000000  0.353455  0.400000  0.548389
290   ID00082637202201836229724     51  2975  101.744186   49  Female  Currently smokes  train         NaN          NaN      19.0     2918       32.0     0       1          0             0                 1  0.000000  0.353455  0.463158  0.586368
291   ID00082637202201836229724     63  2957  101.128591   49  Female  Currently smokes  train         NaN          NaN      19.0     2918       44.0     0       1          0             0                 1  0.000000  0.353455  0.526316  0.581414
292   ID00082637202201836229724     79  2875   98.324213   49  Female  Currently smokes  train         NaN          NaN      19.0     2918       60.0     0       1          0             0                 1  0.000000  0.353455  0.610526  0.558847
293   ID00086637202203494931510     -5  3367  117.628563   65  Female      Never smoked  train         NaN          NaN      -5.0     3367        0.0     0       1          0             1                 0  0.410256  0.436850  0.294737  0.714191
294   ID00086637202203494931510      6  3303  115.392677   65  Female      Never smoked  train         NaN          NaN      -5.0     3367       11.0     0       1          0             1                 0  0.410256  0.436850  0.352632  0.696199
295   ID00086637202203494931510      8  3424  119.619899   65  Female      Never smoked  train         NaN          NaN      -5.0     3367       13.0     0       1          0             1                 0  0.410256  0.436850  0.363158  0.730216
296   ID00086637202203494931510      9  3442  120.248742   65  Female      Never smoked  train         NaN          NaN      -5.0     3367       14.0     0       1          0             1                 0  0.410256  0.436850  0.368421  0.735276
297   ID00086637202203494931510     12  3486  121.785914   65  Female      Never smoked  train         NaN          NaN      -5.0     3367       17.0     0       1          0             1                 0  0.410256  0.436850  0.384211  0.747646
298   ID00086637202203494931510     18  3076  107.462269   65  Female      Never smoked  train         NaN          NaN      -5.0     3367       23.0     0       1          0             1                 0  0.410256  0.436850  0.415789  0.632382
299   ID00086637202203494931510     30  3351  117.069592   65  Female      Never smoked  train         NaN          NaN      -5.0     3367       35.0     0       1          0             1                 0  0.410256  0.436850  0.478947  0.709693
300   ID00086637202203494931510     42  3461  120.912521   65  Female      Never smoked  train         NaN          NaN      -5.0     3367       47.0     0       1          0             1                 0  0.410256  0.436850  0.542105  0.740618
301   ID00086637202203494931510     58  3327  116.231135   65  Female      Never smoked  train         NaN          NaN      -5.0     3367       63.0     0       1          0             1                 0  0.410256  0.436850  0.626316  0.702946
302   ID00089637202204675567570      9  2571   60.143165   63    Male      Never smoked  train         NaN          NaN       9.0     2571        0.0     1       0          0             1                 0  0.358974  0.289004  0.294737  0.251598
303   ID00089637202204675567570     11  2511   58.739590   63    Male      Never smoked  train         NaN          NaN       9.0     2571        2.0     1       0          0             1                 0  0.358974  0.289004  0.305263  0.240304
304   ID00089637202204675567570     14  2297   53.733508   63    Male      Never smoked  train         NaN          NaN       9.0     2571        5.0     1       0          0             1                 0  0.358974  0.289004  0.321053  0.200019
305   ID00089637202204675567570     20  2241   52.423505   63    Male      Never smoked  train         NaN          NaN       9.0     2571       11.0     1       0          0             1                 0  0.358974  0.289004  0.352632  0.189477
306   ID00089637202204675567570     31  2076   48.563675   63    Male      Never smoked  train         NaN          NaN       9.0     2571       22.0     1       0          0             1                 0  0.358974  0.289004  0.410526  0.158417
307   ID00089637202204675567570     44  2031   47.510995   63    Male      Never smoked  train         NaN          NaN       9.0     2571       35.0     1       0          0             1                 0  0.358974  0.289004  0.478947  0.149946
308   ID00089637202204675567570     60  1918   44.867596   63    Male      Never smoked  train         NaN          NaN       9.0     2571       51.0     1       0          0             1                 0  0.358974  0.289004  0.563158  0.128674
309   ID00090637202204766623410     17  3562   95.057643   69    Male         Ex-smoker  train         NaN          NaN      17.0     3562        0.0     1       0          1             0                 0  0.512821  0.473068  0.294737  0.532560
310   ID00090637202204766623410     21  3024   80.700256   69    Male         Ex-smoker  train         NaN          NaN      17.0     3562        4.0     1       0          1             0                 0  0.512821  0.473068  0.315789  0.417024
311   ID00090637202204766623410     23  2958   78.938941   69    Male         Ex-smoker  train         NaN          NaN      17.0     3562        6.0     1       0          1             0                 0  0.512821  0.473068  0.326316  0.402851
312   ID00090637202204766623410     27  2969   79.232494   69    Male         Ex-smoker  train         NaN          NaN      17.0     3562       10.0     1       0          1             0                 0  0.512821  0.473068  0.347368  0.405213
313   ID00090637202204766623410     33  2982   79.579419   69    Male         Ex-smoker  train         NaN          NaN      17.0     3562       16.0     1       0          1             0                 0  0.512821  0.473068  0.378947  0.408005
314   ID00090637202204766623410     44  2877   76.777327   69    Male         Ex-smoker  train         NaN          NaN      17.0     3562       27.0     1       0          1             0                 0  0.512821  0.473068  0.436842  0.385456
315   ID00090637202204766623410     59  2948   78.672075   69    Male         Ex-smoker  train         NaN          NaN      17.0     3562       42.0     1       0          1             0                 0  0.512821  0.473068  0.515789  0.400703
316   ID00090637202204766623410     73  2907   77.577925   69    Male         Ex-smoker  train         NaN          NaN      17.0     3562       56.0     1       0          1             0                 0  0.512821  0.473068  0.589474  0.391898
317   ID00093637202205278167493     -1  3695   84.958153   69    Male         Ex-smoker  train         NaN          NaN      -1.0     3695        0.0     1       0          1             0                 0  0.512821  0.497771  0.294737  0.451288
318   ID00093637202205278167493      3  3570   82.084061   69    Male         Ex-smoker  train         NaN          NaN      -1.0     3695        4.0     1       0          1             0                 0  0.512821  0.497771  0.315789  0.428160
319   ID00093637202205278167493      6  3834   88.154143   69    Male         Ex-smoker  train         NaN          NaN      -1.0     3695        7.0     1       0          1             0                 0  0.512821  0.497771  0.331579  0.477007
320   ID00093637202205278167493      8  3794   87.234434   69    Male         Ex-smoker  train         NaN          NaN      -1.0     3695        9.0     1       0          1             0                 0  0.512821  0.497771  0.342105  0.469606
321   ID00093637202205278167493      9  3592   82.589902   69    Male         Ex-smoker  train         NaN          NaN      -1.0     3695       10.0     1       0          1             0                 0  0.512821  0.497771  0.347368  0.432230
322   ID00093637202205278167493     16  2728   62.724179   69    Male         Ex-smoker  train         NaN          NaN      -1.0     3695       17.0     1       0          1             0                 0  0.512821  0.497771  0.384211  0.272368
323   ID00093637202205278167493     28  3475   79.899752   69    Male         Ex-smoker  train         NaN          NaN      -1.0     3695       29.0     1       0          1             0                 0  0.512821  0.497771  0.447368  0.410582
324   ID00093637202205278167493     39  3841   88.315092   69    Male         Ex-smoker  train         NaN          NaN      -1.0     3695       40.0     1       0          1             0                 0  0.512821  0.497771  0.505263  0.478302
325   ID00093637202205278167493     54  3668   84.337349   69    Male         Ex-smoker  train         NaN          NaN      -1.0     3695       55.0     1       0          1             0                 0  0.512821  0.497771  0.584211  0.446292
326   ID00094637202205333947361      0  4916  117.293377   64    Male         Ex-smoker  train         NaN          NaN       0.0     4916        0.0     1       0          1             0                 0  0.384615  0.724554  0.294737  0.711494
327   ID00094637202205333947361      6  4799  114.501813   64    Male         Ex-smoker  train         NaN          NaN       0.0     4916        6.0     1       0          1             0                 0  0.384615  0.724554  0.326316  0.689030
328   ID00094637202205333947361      9  4738  113.046383   64    Male         Ex-smoker  train         NaN          NaN       0.0     4916        9.0     1       0          1             0                 0  0.384615  0.724554  0.342105  0.677318
329   ID00094637202205333947361     11  4856  115.861806   64    Male         Ex-smoker  train         NaN          NaN       0.0     4916       11.0     1       0          1             0                 0  0.384615  0.724554  0.352632  0.699974
330   ID00094637202205333947361     12  4692  111.948845   64    Male         Ex-smoker  train         NaN          NaN       0.0     4916       12.0     1       0          1             0                 0  0.384615  0.724554  0.357895  0.668486
331   ID00094637202205333947361     18  4756  113.475854   64    Male         Ex-smoker  train         NaN          NaN       0.0     4916       18.0     1       0          1             0                 0  0.384615  0.724554  0.389474  0.680774
332   ID00094637202205333947361     30  4753  113.404276   64    Male         Ex-smoker  train         NaN          NaN       0.0     4916       30.0     1       0          1             0                 0  0.384615  0.724554  0.452632  0.680198
333   ID00094637202205333947361     42  4574  109.133422   64    Male         Ex-smoker  train         NaN          NaN       0.0     4916       42.0     1       0          1             0                 0  0.384615  0.724554  0.515789  0.645830
334   ID00094637202205333947361     58  4752  113.380416   64    Male         Ex-smoker  train         NaN          NaN       0.0     4916       58.0     1       0          1             0                 0  0.384615  0.724554  0.600000  0.680006
335   ID00099637202206203080121     44  2934   82.212508   68    Male         Ex-smoker  train         NaN          NaN      44.0     2934        0.0     1       0          1             0                 0  0.487179  0.356426  0.294737  0.429193
336   ID00099637202206203080121     47  2866   80.307106   68    Male         Ex-smoker  train         NaN          NaN      44.0     2934        3.0     1       0          1             0                 0  0.487179  0.356426  0.310526  0.413860
337   ID00099637202206203080121     49  3065   85.883210   68    Male         Ex-smoker  train         NaN          NaN      44.0     2934        5.0     1       0          1             0                 0  0.487179  0.356426  0.321053  0.458732
338   ID00099637202206203080121     51  3089   86.555705   68    Male         Ex-smoker  train         NaN          NaN      44.0     2934        7.0     1       0          1             0                 0  0.487179  0.356426  0.331579  0.464144
339   ID00099637202206203080121     53  3005   84.201973   68    Male         Ex-smoker  train         NaN          NaN      44.0     2934        9.0     1       0          1             0                 0  0.487179  0.356426  0.342105  0.445203
340   ID00099637202206203080121     58  3001   84.089890   68    Male         Ex-smoker  train         NaN          NaN      44.0     2934       14.0     1       0          1             0                 0  0.487179  0.356426  0.368421  0.444301
341   ID00099637202206203080121     70  2769   77.589106   68    Male         Ex-smoker  train         NaN          NaN      44.0     2934       26.0     1       0          1             0                 0  0.487179  0.356426  0.431579  0.391988
342   ID00099637202206203080121     83  2708   75.879848   68    Male         Ex-smoker  train         NaN          NaN      44.0     2934       39.0     1       0          1             0                 0  0.487179  0.356426  0.500000  0.378234
343   ID00099637202206203080121     98  2862   80.195024   68    Male         Ex-smoker  train         NaN          NaN      44.0     2934       54.0     1       0          1             0                 0  0.487179  0.356426  0.578947  0.412959
344   ID00099637202206203080121    102  2833   79.382425   68    Male         Ex-smoker  train         NaN          NaN      44.0     2934       58.0     1       0          1             0                 0  0.487179  0.356426  0.600000  0.406419
345   ID00102637202206574119190      3  2553   68.643794   60    Male         Ex-smoker  train         NaN          NaN       3.0     2553        0.0     1       0          1             0                 0  0.282051  0.285661  0.294737  0.320004
346   ID00102637202206574119190      5  2510   67.487632   60    Male         Ex-smoker  train         NaN          NaN       3.0     2553        2.0     1       0          1             0                 0  0.282051  0.285661  0.305263  0.310700
347   ID00102637202206574119190      7  2294   61.679931   60    Male         Ex-smoker  train         NaN          NaN       3.0     2553        4.0     1       0          1             0                 0  0.282051  0.285661  0.315789  0.263965
348   ID00102637202206574119190      9  2400   64.530006   60    Male         Ex-smoker  train         NaN          NaN       3.0     2553        6.0     1       0          1             0                 0  0.282051  0.285661  0.326316  0.286900
349   ID00102637202206574119190     11  2133   57.351043   60    Male         Ex-smoker  train         NaN          NaN       3.0     2553        8.0     1       0          1             0                 0  0.282051  0.285661  0.336842  0.229130
350   ID00102637202206574119190     17  1651   44.391267   60    Male         Ex-smoker  train         NaN          NaN       3.0     2553       14.0     1       0          1             0                 0  0.282051  0.285661  0.368421  0.124841
351   ID00102637202206574119190     29  2196   59.044956   60    Male         Ex-smoker  train         NaN          NaN       3.0     2553       26.0     1       0          1             0                 0  0.282051  0.285661  0.431579  0.242761
352   ID00102637202206574119190     41  2336   62.809206   60    Male         Ex-smoker  train         NaN          NaN       3.0     2553       38.0     1       0          1             0                 0  0.282051  0.285661  0.494737  0.273052
353   ID00102637202206574119190     58  2404   64.637556   60    Male         Ex-smoker  train         NaN          NaN       3.0     2553       55.0     1       0          1             0                 0  0.282051  0.285661  0.584211  0.287765
354   ID00104637202208063407045     20  2377   68.493545   74    Male      Never smoked  train         NaN          NaN      20.0     2377        0.0     1       0          0             1                 0  0.641026  0.252972  0.294737  0.318795
355   ID00104637202208063407045     21  2339   67.398571   74    Male      Never smoked  train         NaN          NaN      20.0     2377        1.0     1       0          0             1                 0  0.641026  0.252972  0.300000  0.309984
356   ID00104637202208063407045     23  2346   67.600277   74    Male      Never smoked  train         NaN          NaN      20.0     2377        3.0     1       0          0             1                 0  0.641026  0.252972  0.310526  0.311607
357   ID00104637202208063407045     26  2381   68.608806   74    Male      Never smoked  train         NaN          NaN      20.0     2377        6.0     1       0          0             1                 0  0.641026  0.252972  0.326316  0.319723
358   ID00104637202208063407045     28  2203   63.479714   74    Male      Never smoked  train         NaN          NaN      20.0     2377        8.0     1       0          0             1                 0  0.641026  0.252972  0.336842  0.278448
359   ID00104637202208063407045     33  2089   60.194790   74    Male      Never smoked  train         NaN          NaN      20.0     2377       13.0     1       0          0             1                 0  0.641026  0.252972  0.363158  0.252014
360   ID00104637202208063407045     45  2036   58.667589   74    Male      Never smoked  train         NaN          NaN      20.0     2377       25.0     1       0          0             1                 0  0.641026  0.252972  0.426316  0.239724
361   ID00104637202208063407045     58  1733   49.936607   74    Male      Never smoked  train         NaN          NaN      20.0     2377       38.0     1       0          0             1                 0  0.641026  0.252972  0.494737  0.169465
362   ID00105637202208831864134     44  2479   66.454000   64    Male         Ex-smoker  train         NaN          NaN      44.0     2479        0.0     1       0          1             0                 0  0.384615  0.271917  0.294737  0.302383
363   ID00105637202208831864134     45  2398   64.282651   64    Male         Ex-smoker  train         NaN          NaN      44.0     2479        1.0     1       0          1             0                 0  0.384615  0.271917  0.300000  0.284909
364   ID00105637202208831864134     47  2427   65.060047   64    Male         Ex-smoker  train         NaN          NaN      44.0     2479        3.0     1       0          1             0                 0  0.384615  0.271917  0.310526  0.291165
365   ID00105637202208831864134     49  2547   68.276860   64    Male         Ex-smoker  train         NaN          NaN      44.0     2479        5.0     1       0          1             0                 0  0.384615  0.271917  0.321053  0.317051
366   ID00105637202208831864134     51  2523   67.633498   64    Male         Ex-smoker  train         NaN          NaN      44.0     2479        7.0     1       0          1             0                 0  0.384615  0.271917  0.331579  0.311874
367   ID00105637202208831864134     57  2483   66.561227   64    Male         Ex-smoker  train         NaN          NaN      44.0     2479       13.0     1       0          1             0                 0  0.384615  0.271917  0.363158  0.303245
368   ID00105637202208831864134     69  2399   64.309457   64    Male         Ex-smoker  train         NaN          NaN      44.0     2479       25.0     1       0          1             0                 0  0.384615  0.271917  0.426316  0.285125
369   ID00105637202208831864134     82  2322   62.245336   64    Male         Ex-smoker  train         NaN          NaN      44.0     2479       38.0     1       0          1             0                 0  0.384615  0.271917  0.494737  0.268515
370   ID00105637202208831864134     97  2237   59.966760   64    Male         Ex-smoker  train         NaN          NaN      44.0     2479       53.0     1       0          1             0                 0  0.384615  0.271917  0.573684  0.250179
371   ID00105637202208831864134    100  2076   55.650869   64    Male         Ex-smoker  train         NaN          NaN      44.0     2479       56.0     1       0          1             0                 0  0.384615  0.271917  0.589474  0.215448
372   ID00108637202209619669361     11  2914   82.596372   73    Male         Ex-smoker  train         NaN          NaN      11.0     2914        0.0     1       0          1             0                 0  0.615385  0.352712  0.294737  0.432282
373   ID00108637202209619669361     13  2795   79.223356   73    Male         Ex-smoker  train         NaN          NaN      11.0     2914        2.0     1       0          1             0                 0  0.615385  0.352712  0.305263  0.405139
374   ID00108637202209619669361     15  2808   79.591837   73    Male         Ex-smoker  train         NaN          NaN      11.0     2914        4.0     1       0          1             0                 0  0.615385  0.352712  0.315789  0.408105
375   ID00108637202209619669361     17  2707   76.729025   73    Male         Ex-smoker  train         NaN          NaN      11.0     2914        6.0     1       0          1             0                 0  0.615385  0.352712  0.326316  0.385067
376   ID00108637202209619669361     19  2686   76.133787   73    Male         Ex-smoker  train         NaN          NaN      11.0     2914        8.0     1       0          1             0                 0  0.615385  0.352712  0.336842  0.380277
377   ID00108637202209619669361     25  2850   80.782313   73    Male         Ex-smoker  train         NaN          NaN      11.0     2914       14.0     1       0          1             0                 0  0.615385  0.352712  0.368421  0.417685
378   ID00108637202209619669361     37  2667   75.595238   73    Male         Ex-smoker  train         NaN          NaN      11.0     2914       26.0     1       0          1             0                 0  0.615385  0.352712  0.431579  0.375943
379   ID00108637202209619669361     49  2641   74.858277   73    Male         Ex-smoker  train         NaN          NaN      11.0     2914       38.0     1       0          1             0                 0  0.615385  0.352712  0.494737  0.370013
380   ID00108637202209619669361     65  2611   74.007937   73    Male         Ex-smoker  train         NaN          NaN      11.0     2914       54.0     1       0          1             0                 0  0.615385  0.352712  0.578947  0.363170
381   ID00109637202210454292264     53  2073   53.956273   73    Male         Ex-smoker  train         NaN          NaN      53.0     2073        0.0     1       0          1             0                 0  0.615385  0.196508  0.294737  0.201812
382   ID00109637202210454292264     55  2142   55.752212   73    Male         Ex-smoker  train         NaN          NaN      53.0     2073        2.0     1       0          1             0                 0  0.615385  0.196508  0.305263  0.216264
383   ID00109637202210454292264     57  2274   59.187923   73    Male         Ex-smoker  train         NaN          NaN      53.0     2073        4.0     1       0          1             0                 0  0.615385  0.196508  0.315789  0.243912
384   ID00109637202210454292264     59  2186   56.897449   73    Male         Ex-smoker  train         NaN          NaN      53.0     2073        6.0     1       0          1             0                 0  0.615385  0.196508  0.326316  0.225480
385   ID00109637202210454292264     61  2269   59.057782   73    Male         Ex-smoker  train         NaN          NaN      53.0     2073        8.0     1       0          1             0                 0  0.615385  0.196508  0.336842  0.242864
386   ID00109637202210454292264     67  2228   57.990630   73    Male         Ex-smoker  train         NaN          NaN      53.0     2073       14.0     1       0          1             0                 0  0.615385  0.196508  0.368421  0.234277
387   ID00109637202210454292264     79  2327   60.567413   73    Male         Ex-smoker  train         NaN          NaN      53.0     2073       26.0     1       0          1             0                 0  0.615385  0.196508  0.431579  0.255012
388   ID00109637202210454292264     91  2112   54.971369   73    Male         Ex-smoker  train         NaN          NaN      53.0     2073       38.0     1       0          1             0                 0  0.615385  0.196508  0.494737  0.209980
389   ID00109637202210454292264    107  1725   44.898490   73    Male         Ex-smoker  train         NaN          NaN      53.0     2073       54.0     1       0          1             0                 0  0.615385  0.196508  0.578947  0.128922
390   ID00110637202210673668310     15  1995   62.688537   74    Male         Ex-smoker  train         NaN          NaN      15.0     1995        0.0     1       0          1             0                 0  0.641026  0.182021  0.294737  0.272081
391   ID00110637202210673668310     18  1884   59.200603   74    Male         Ex-smoker  train         NaN          NaN      15.0     1995        3.0     1       0          1             0                 0  0.641026  0.182021  0.310526  0.244014
392   ID00110637202210673668310     20  1806   56.749623   74    Male         Ex-smoker  train         NaN          NaN      15.0     1995        5.0     1       0          1             0                 0  0.641026  0.182021  0.321053  0.224290
393   ID00110637202210673668310     23  1666   52.350427   74    Male         Ex-smoker  train         NaN          NaN      15.0     1995        8.0     1       0          1             0                 0  0.641026  0.182021  0.336842  0.188889
394   ID00110637202210673668310     25  1316   41.352438   74    Male         Ex-smoker  train         NaN          NaN      15.0     1995       10.0     1       0          1             0                 0  0.641026  0.182021  0.347368  0.100387
395   ID00110637202210673668310     31  1085   34.093766   74    Male         Ex-smoker  train         NaN          NaN      15.0     1995       16.0     1       0          1             0                 0  0.641026  0.182021  0.378947  0.041975
396   ID00110637202210673668310     42   938   29.474610   74    Male         Ex-smoker  train         NaN          NaN      15.0     1995       27.0     1       0          1             0                 0  0.641026  0.182021  0.436842  0.004804
397   ID00110637202210673668310     56   919   28.877577   74    Male         Ex-smoker  train         NaN          NaN      15.0     1995       41.0     1       0          1             0                 0  0.641026  0.182021  0.510526  0.000000
398   ID00111637202210956877205      9  2389   68.950589   72    Male         Ex-smoker  train         NaN          NaN       9.0     2389        0.0     1       0          1             0                 0  0.589744  0.255201  0.294737  0.322473
399   ID00111637202210956877205     10  2419   69.816440   72    Male         Ex-smoker  train         NaN          NaN       9.0     2389        1.0     1       0          1             0                 0  0.589744  0.255201  0.300000  0.329441
400   ID00111637202210956877205     13  2400   69.268067   72    Male         Ex-smoker  train         NaN          NaN       9.0     2389        4.0     1       0          1             0                 0  0.589744  0.255201  0.315789  0.325028
401   ID00111637202210956877205     15  2181   62.947356   72    Male         Ex-smoker  train         NaN          NaN       9.0     2389        6.0     1       0          1             0                 0  0.589744  0.255201  0.326316  0.274164
402   ID00111637202210956877205     17  2275   65.660356   72    Male         Ex-smoker  train         NaN          NaN       9.0     2389        8.0     1       0          1             0                 0  0.589744  0.255201  0.336842  0.295996
403   ID00111637202210956877205     23  2235   64.505888   72    Male         Ex-smoker  train         NaN          NaN       9.0     2389       14.0     1       0          1             0                 0  0.589744  0.255201  0.368421  0.286706
404   ID00111637202210956877205     36  2083   60.118910   72    Male         Ex-smoker  train         NaN          NaN       9.0     2389       27.0     1       0          1             0                 0  0.589744  0.255201  0.436842  0.251403
405   ID00115637202211874187958     15  2548   77.749298   77    Male         Ex-smoker  train         NaN          NaN      15.0     2548        0.0     1       0          1             0                 0  0.717949  0.284733  0.294737  0.393277
406   ID00115637202211874187958     17  2509   76.559258   77    Male         Ex-smoker  train         NaN          NaN      15.0     2548        2.0     1       0          1             0                 0  0.717949  0.284733  0.305263  0.383701
407   ID00115637202211874187958     19  2543   77.596729   77    Male         Ex-smoker  train         NaN          NaN      15.0     2548        4.0     1       0          1             0                 0  0.717949  0.284733  0.315789  0.392050
408   ID00115637202211874187958     21  2399   73.202734   77    Male         Ex-smoker  train         NaN          NaN      15.0     2548        6.0     1       0          1             0                 0  0.717949  0.284733  0.326316  0.356691
409   ID00115637202211874187958     23  2507   76.498230   77    Male         Ex-smoker  train         NaN          NaN      15.0     2548        8.0     1       0          1             0                 0  0.717949  0.284733  0.336842  0.383210
410   ID00115637202211874187958     29  2156   65.787868   77    Male         Ex-smoker  train         NaN          NaN      15.0     2548       14.0     1       0          1             0                 0  0.717949  0.284733  0.368421  0.297022
411   ID00115637202211874187958     42  2134   65.116563   77    Male         Ex-smoker  train         NaN          NaN      15.0     2548       27.0     1       0          1             0                 0  0.717949  0.284733  0.436842  0.291620
412   ID00115637202211874187958     52  2446   74.636885   77    Male         Ex-smoker  train         NaN          NaN      15.0     2548       37.0     1       0          1             0                 0  0.717949  0.284733  0.489474  0.368231
413   ID00117637202212360228007      4  2933   79.614549   68    Male  Currently smokes  train         NaN          NaN       4.0     2933        0.0     1       0          0             0                 1  0.487179  0.356241  0.294737  0.408287
414   ID00117637202212360228007      8  3001   81.460369   68    Male  Currently smokes  train         NaN          NaN       4.0     2933        4.0     1       0          0             0                 1  0.487179  0.356241  0.315789  0.423141
415   ID00117637202212360228007     10  2904   78.827362   68    Male  Currently smokes  train         NaN          NaN       4.0     2933        6.0     1       0          0             0                 1  0.487179  0.356241  0.326316  0.401953
416   ID00117637202212360228007     12  2832   76.872964   68    Male  Currently smokes  train         NaN          NaN       4.0     2933        8.0     1       0          0             0                 1  0.487179  0.356241  0.336842  0.386225
417   ID00117637202212360228007     14  2866   77.795874   68    Male  Currently smokes  train         NaN          NaN       4.0     2933       10.0     1       0          0             0                 1  0.487179  0.356241  0.347368  0.393652
418   ID00117637202212360228007     20  2788   75.678610   68    Male  Currently smokes  train         NaN          NaN       4.0     2933       16.0     1       0          0             0                 1  0.487179  0.356241  0.378947  0.376614
419   ID00117637202212360228007     32  3022   82.030402   68    Male  Currently smokes  train         NaN          NaN       4.0     2933       28.0     1       0          0             0                 1  0.487179  0.356241  0.442105  0.427728
420   ID00117637202212360228007     44  2912   79.044517   68    Male  Currently smokes  train         NaN          NaN       4.0     2933       40.0     1       0          0             0                 1  0.487179  0.356241  0.505263  0.403700
421   ID00117637202212360228007     60  3037   82.437568   68    Male  Currently smokes  train         NaN          NaN       4.0     2933       56.0     1       0          0             0                 1  0.487179  0.356241  0.589474  0.431005
422   ID00119637202215426335765      2  2917   66.701729   57    Male         Ex-smoker  train         NaN          NaN       2.0     2917        0.0     1       0          1             0                 0  0.205128  0.353269  0.294737  0.304376
423   ID00119637202215426335765      4  2851   65.192536   57    Male         Ex-smoker  train         NaN          NaN       2.0     2917        2.0     1       0          1             0                 0  0.205128  0.353269  0.305263  0.292231
424   ID00119637202215426335765      6  2905   66.427330   57    Male         Ex-smoker  train         NaN          NaN       2.0     2917        4.0     1       0          1             0                 0  0.205128  0.353269  0.315789  0.302168
425   ID00119637202215426335765      8  2889   66.061465   57    Male         Ex-smoker  train         NaN          NaN       2.0     2917        6.0     1       0          1             0                 0  0.205128  0.353269  0.326316  0.299224
426   ID00119637202215426335765     10  2965   67.799323   57    Male         Ex-smoker  train         NaN          NaN       2.0     2917        8.0     1       0          1             0                 0  0.205128  0.353269  0.336842  0.313209
427   ID00119637202215426335765     16  2950   67.456325   57    Male         Ex-smoker  train         NaN          NaN       2.0     2917       14.0     1       0          1             0                 0  0.205128  0.353269  0.368421  0.310448
428   ID00119637202215426335765     28  2886   65.992866   57    Male         Ex-smoker  train         NaN          NaN       2.0     2917       26.0     1       0          1             0                 0  0.205128  0.353269  0.431579  0.298672
429   ID00119637202215426335765     40  2899   66.290131   57    Male         Ex-smoker  train         NaN          NaN       2.0     2917       38.0     1       0          1             0                 0  0.205128  0.353269  0.494737  0.301064
430   ID00119637202215426335765     56  2994   68.462453   57    Male         Ex-smoker  train         NaN          NaN       2.0     2917       54.0     1       0          1             0                 0  0.205128  0.353269  0.578947  0.318545
431   ID00119637202215426335765     59  2908   66.495930   57    Male         Ex-smoker  train         NaN          NaN       2.0     2917       57.0     1       0          1             0                 0  0.205128  0.353269  0.594737  0.302720
432   ID00122637202216437668965     -4  2581   69.501293   58    Male         Ex-smoker  train         NaN          NaN      -4.0     2581        0.0     1       0          1             0                 0  0.230769  0.290862  0.294737  0.326905
433   ID00122637202216437668965      6  2427   65.354373   58    Male         Ex-smoker  train         NaN          NaN      -4.0     2581       10.0     1       0          1             0                 0  0.230769  0.290862  0.347368  0.293534
434   ID00122637202216437668965      8  2404   64.735028   58    Male         Ex-smoker  train         NaN          NaN      -4.0     2581       12.0     1       0          1             0                 0  0.230769  0.290862  0.357895  0.288550
435   ID00122637202216437668965     10  2335   62.876993   58    Male         Ex-smoker  train         NaN          NaN      -4.0     2581       14.0     1       0          1             0                 0  0.230769  0.290862  0.368421  0.273598
436   ID00122637202216437668965     12  2279   61.369022   58    Male         Ex-smoker  train         NaN          NaN      -4.0     2581       16.0     1       0          1             0                 0  0.230769  0.290862  0.378947  0.261463
437   ID00122637202216437668965     18  2254   60.695821   58    Male         Ex-smoker  train         NaN          NaN      -4.0     2581       22.0     1       0          1             0                 0  0.230769  0.290862  0.410526  0.256046
438   ID00122637202216437668965     30  2146   57.787592   58    Male         Ex-smoker  train         NaN          NaN      -4.0     2581       34.0     1       0          1             0                 0  0.230769  0.290862  0.473684  0.232643
439   ID00122637202216437668965     43  2155   58.029944   58    Male         Ex-smoker  train         NaN          NaN      -4.0     2581       47.0     1       0          1             0                 0  0.230769  0.290862  0.542105  0.234593
440   ID00122637202216437668965     58  2091   56.306549   58    Male         Ex-smoker  train         NaN          NaN      -4.0     2581       62.0     1       0          1             0                 0  0.230769  0.290862  0.621053  0.220725
441   ID00123637202217151272140     48  1674   57.897831   69  Female      Never smoked  train         NaN          NaN      48.0     1674        0.0     0       1          0             1                 0  0.512821  0.122400  0.294737  0.233530
442   ID00123637202217151272140     49  1674   57.897831   69  Female      Never smoked  train         NaN          NaN      48.0     1674        1.0     0       1          0             1                 0  0.512821  0.122400  0.300000  0.233530
443   ID00123637202217151272140     51  1766   61.079791   69  Female      Never smoked  train         NaN          NaN      48.0     1674        3.0     0       1          0             1                 0  0.512821  0.122400  0.310526  0.259136
444   ID00123637202217151272140     53  1687   58.347456   69  Female      Never smoked  train         NaN          NaN      48.0     1674        5.0     0       1          0             1                 0  0.512821  0.122400  0.321053  0.237148
445   ID00123637202217151272140     55  1586   54.854218   69  Female      Never smoked  train         NaN          NaN      48.0     1674        7.0     0       1          0             1                 0  0.512821  0.122400  0.331579  0.209038
446   ID00123637202217151272140     61  1454   50.288797   69  Female      Never smoked  train         NaN          NaN      48.0     1674       13.0     0       1          0             1                 0  0.512821  0.122400  0.363158  0.172299
447   ID00123637202217151272140     73  1406   48.628645   69  Female      Never smoked  train         NaN          NaN      48.0     1674       25.0     0       1          0             1                 0  0.512821  0.122400  0.426316  0.158940
448   ID00123637202217151272140     85  1484   51.326393   69  Female      Never smoked  train         NaN          NaN      48.0     1674       37.0     0       1          0             1                 0  0.512821  0.122400  0.489474  0.180649
449   ID00123637202217151272140    102  1566   54.162487   69  Female      Never smoked  train         NaN          NaN      48.0     1674       54.0     0       1          0             1                 0  0.512821  0.122400  0.578947  0.203471
450   ID00124637202217596410344     47  3559   88.815133   60    Male         Ex-smoker  train         NaN          NaN      47.0     3559        0.0     1       0          1             0                 0  0.282051  0.472511  0.294737  0.482326
451   ID00124637202217596410344     48  3587   89.513875   60    Male         Ex-smoker  train         NaN          NaN      47.0     3559        1.0     1       0          1             0                 0  0.282051  0.472511  0.300000  0.487949
452   ID00124637202217596410344     50  3458   86.294670   60    Male         Ex-smoker  train         NaN          NaN      47.0     3559        3.0     1       0          1             0                 0  0.282051  0.472511  0.310526  0.462043
453   ID00124637202217596410344     53  3614   90.187662   60    Male         Ex-smoker  train         NaN          NaN      47.0     3559        6.0     1       0          1             0                 0  0.282051  0.472511  0.326316  0.493371
454   ID00124637202217596410344     55  3661   91.360551   60    Male         Ex-smoker  train         NaN          NaN      47.0     3559        8.0     1       0          1             0                 0  0.282051  0.472511  0.336842  0.502809
455   ID00124637202217596410344     60  3610   90.087842   60    Male         Ex-smoker  train         NaN          NaN      47.0     3559       13.0     1       0          1             0                 0  0.282051  0.472511  0.363158  0.492567
456   ID00124637202217596410344     72  3454   86.194849   60    Male         Ex-smoker  train         NaN          NaN      47.0     3559       25.0     1       0          1             0                 0  0.282051  0.472511  0.426316  0.461240
457   ID00124637202217596410344     84  3350   83.599521   60    Male         Ex-smoker  train         NaN          NaN      47.0     3559       37.0     1       0          1             0                 0  0.282051  0.472511  0.489474  0.440355
458   ID00124637202217596410344    100  3146   78.508684   60    Male         Ex-smoker  train         NaN          NaN      47.0     3559       53.0     1       0          1             0                 0  0.282051  0.472511  0.573684  0.399388
459   ID00125637202218590429387     10  2337   53.483156   65    Male      Never smoked  train         NaN          NaN      10.0     2337        0.0     1       0          0             1                 0  0.410256  0.245542  0.294737  0.198004
460   ID00125637202218590429387     12  2330   53.322959   65    Male      Never smoked  train         NaN          NaN      10.0     2337        2.0     1       0          0             1                 0  0.410256  0.245542  0.305263  0.196715
461   ID00125637202218590429387     14  2320   53.094105   65    Male      Never smoked  train         NaN          NaN      10.0     2337        4.0     1       0          0             1                 0  0.410256  0.245542  0.315789  0.194874
462   ID00125637202218590429387     20  2093   47.899121   65    Male      Never smoked  train         NaN          NaN      10.0     2337       10.0     1       0          0             1                 0  0.410256  0.245542  0.347368  0.153069
463   ID00125637202218590429387     34  2027   46.388685   65    Male      Never smoked  train         NaN          NaN      10.0     2337       24.0     1       0          0             1                 0  0.410256  0.245542  0.421053  0.140914
464   ID00125637202218590429387     45  1872   42.841450   65    Male      Never smoked  train         NaN          NaN      10.0     2337       35.0     1       0          0             1                 0  0.410256  0.245542  0.478947  0.112369
465   ID00126637202218610655908     18  2375   59.375000   78    Male         Ex-smoker  train         NaN          NaN      18.0     2375        0.0     1       0          1             0                 0  0.743590  0.252600  0.294737  0.245417
466   ID00126637202218610655908     26  2281   57.025000   78    Male         Ex-smoker  train         NaN          NaN      18.0     2375        8.0     1       0          1             0                 0  0.743590  0.252600  0.336842  0.226506
467   ID00126637202218610655908     28  2276   56.900000   78    Male         Ex-smoker  train         NaN          NaN      18.0     2375       10.0     1       0          1             0                 0  0.743590  0.252600  0.347368  0.225500
468   ID00126637202218610655908     30  2295   57.375000   78    Male         Ex-smoker  train         NaN          NaN      18.0     2375       12.0     1       0          1             0                 0  0.743590  0.252600  0.357895  0.229323
469   ID00126637202218610655908     32  2245   56.125000   78    Male         Ex-smoker  train         NaN          NaN      18.0     2375       14.0     1       0          1             0                 0  0.743590  0.252600  0.368421  0.219264
470   ID00126637202218610655908     38  2227   55.675000   78    Male         Ex-smoker  train         NaN          NaN      18.0     2375       20.0     1       0          1             0                 0  0.743590  0.252600  0.400000  0.215643
471   ID00126637202218610655908     50  2316   57.900000   78    Male         Ex-smoker  train         NaN          NaN      18.0     2375       32.0     1       0          1             0                 0  0.743590  0.252600  0.463158  0.233547
472   ID00126637202218610655908     62  2307   57.675000   78    Male         Ex-smoker  train         NaN          NaN      18.0     2375       44.0     1       0          1             0                 0  0.743590  0.252600  0.526316  0.231737
473   ID00126637202218610655908     78  2455   61.375000   78    Male         Ex-smoker  train         NaN          NaN      18.0     2375       60.0     1       0          1             0                 0  0.743590  0.252600  0.610526  0.261511
474   ID00127637202219096738943     44  1677   65.855095   55  Female         Ex-smoker  train         NaN          NaN      44.0     1677        0.0     0       1          1             0                 0  0.153846  0.122957  0.294737  0.297563
475   ID00127637202219096738943     48  1781   69.939132   55  Female         Ex-smoker  train         NaN          NaN      44.0     1677        4.0     0       1          1             0                 0  0.153846  0.122957  0.315789  0.330428
476   ID00127637202219096738943     50  1773   69.624975   55  Female         Ex-smoker  train         NaN          NaN      44.0     1677        6.0     0       1          1             0                 0  0.153846  0.122957  0.326316  0.327900
477   ID00127637202219096738943     52  1771   69.546436   55  Female         Ex-smoker  train         NaN          NaN      44.0     1677        8.0     0       1          1             0                 0  0.153846  0.122957  0.336842  0.327268
478   ID00127637202219096738943     54  1667   65.462399   55  Female         Ex-smoker  train         NaN          NaN      44.0     1677       10.0     0       1          1             0                 0  0.153846  0.122957  0.347368  0.294403
479   ID00127637202219096738943     61  1643   64.519929   55  Female         Ex-smoker  train         NaN          NaN      44.0     1677       17.0     0       1          1             0                 0  0.153846  0.122957  0.384211  0.286819
480   ID00127637202219096738943     72  1584   62.203024   55  Female         Ex-smoker  train         NaN          NaN      44.0     1677       28.0     0       1          1             0                 0  0.153846  0.122957  0.442105  0.268174
481   ID00127637202219096738943     84  1533   60.200275   55  Female         Ex-smoker  train         NaN          NaN      44.0     1677       40.0     0       1          1             0                 0  0.153846  0.122957  0.505263  0.252058
482   ID00127637202219096738943    100  1551   60.907127   55  Female         Ex-smoker  train         NaN          NaN      44.0     1677       56.0     0       1          1             0                 0  0.153846  0.122957  0.589474  0.257746
483   ID00128637202219474716089     34  2220   96.926301   87  Female      Never smoked  train         NaN          NaN      34.0     2220        0.0     0       1          0             1                 0  0.974359  0.223811  0.294737  0.547597
484   ID00128637202219474716089     36  2274   99.283968   87  Female      Never smoked  train         NaN          NaN      34.0     2220        2.0     0       1          0             1                 0  0.974359  0.223811  0.305263  0.566570
485   ID00128637202219474716089     37  2174   94.917918   87  Female      Never smoked  train         NaN          NaN      34.0     2220        3.0     0       1          0             1                 0  0.974359  0.223811  0.310526  0.531436
486   ID00128637202219474716089     39  2193   95.747468   87  Female      Never smoked  train         NaN          NaN      34.0     2220        5.0     0       1          0             1                 0  0.974359  0.223811  0.321053  0.538111
487   ID00128637202219474716089     41  2241   97.843171   87  Female      Never smoked  train         NaN          NaN      34.0     2220        7.0     0       1          0             1                 0  0.974359  0.223811  0.331579  0.554976
488   ID00128637202219474716089     47  2102   91.774363   87  Female      Never smoked  train         NaN          NaN      34.0     2220       13.0     0       1          0             1                 0  0.974359  0.223811  0.363158  0.506139
489   ID00128637202219474716089     59  2024   88.368844   87  Female      Never smoked  train         NaN          NaN      34.0     2220       25.0     0       1          0             1                 0  0.974359  0.223811  0.426316  0.478734
490   ID00129637202219868188000      0  2253   59.622102   71    Male      Never smoked  train         NaN          NaN       0.0     2253        0.0     1       0          0             1                 0  0.564103  0.229941  0.294737  0.247405
491   ID00129637202219868188000      3  2184   57.796126   71    Male      Never smoked  train         NaN          NaN       0.0     2253        3.0     1       0          0             1                 0  0.564103  0.229941  0.310526  0.232712
492   ID00129637202219868188000      5  2235   59.145761   71    Male      Never smoked  train         NaN          NaN       0.0     2253        5.0     1       0          0             1                 0  0.564103  0.229941  0.321053  0.243572
493   ID00129637202219868188000      7  2333   61.739176   71    Male      Never smoked  train         NaN          NaN       0.0     2253        7.0     1       0          0             1                 0  0.564103  0.229941  0.331579  0.264442
494   ID00129637202219868188000     10  2266   59.966127   71    Male      Never smoked  train         NaN          NaN       0.0     2253       10.0     1       0          0             1                 0  0.564103  0.229941  0.347368  0.250174
495   ID00129637202219868188000     15  2319   61.368688   71    Male      Never smoked  train         NaN          NaN       0.0     2253       15.0     1       0          0             1                 0  0.564103  0.229941  0.373684  0.261460
496   ID00129637202219868188000     27  2230   59.013443   71    Male      Never smoked  train         NaN          NaN       0.0     2253       27.0     1       0          0             1                 0  0.564103  0.229941  0.436842  0.242507
497   ID00129637202219868188000     39  2154   57.002223   71    Male      Never smoked  train         NaN          NaN       0.0     2253       39.0     1       0          0             1                 0  0.564103  0.229941  0.500000  0.226323
498   ID00129637202219868188000     56  2134   56.472954   71    Male      Never smoked  train         NaN          NaN       0.0     2253       56.0     1       0          0             1                 0  0.564103  0.229941  0.589474  0.222064
499   ID00130637202220059448013     11  1690   69.852029   65  Female      Never smoked  train         NaN          NaN      11.0     1690        0.0     0       1          0             1                 0  0.410256  0.125371  0.294737  0.329727
500   ID00130637202220059448013     12  1648   68.116062   65  Female      Never smoked  train         NaN          NaN      11.0     1690        1.0     0       1          0             1                 0  0.410256  0.125371  0.300000  0.315757
501   ID00130637202220059448013     14  1587   65.594776   65  Female      Never smoked  train         NaN          NaN      11.0     1690        3.0     0       1          0             1                 0  0.410256  0.125371  0.310526  0.295468
502   ID00130637202220059448013     17  1503   62.122840   65  Female      Never smoked  train         NaN          NaN      11.0     1690        6.0     0       1          0             1                 0  0.410256  0.125371  0.326316  0.267529
503   ID00130637202220059448013     18  1537   63.528147   65  Female      Never smoked  train         NaN          NaN      11.0     1690        7.0     0       1          0             1                 0  0.410256  0.125371  0.331579  0.278838
504   ID00130637202220059448013     24  1436   59.353559   65  Female      Never smoked  train         NaN          NaN      11.0     1690       13.0     0       1          0             1                 0  0.410256  0.125371  0.363158  0.245244
505   ID00130637202220059448013     36  1392   57.534926   65  Female      Never smoked  train         NaN          NaN      11.0     1690       25.0     0       1          0             1                 0  0.410256  0.125371  0.426316  0.230610
506   ID00130637202220059448013     48  1351   55.840291   65  Female      Never smoked  train         NaN          NaN      11.0     1690       37.0     0       1          0             1                 0  0.410256  0.125371  0.489474  0.216973
507   ID00130637202220059448013     64  1197   49.475076   65  Female      Never smoked  train         NaN          NaN      11.0     1690       53.0     0       1          0             1                 0  0.410256  0.125371  0.573684  0.165751
508   ID00131637202220424084844     63  3327   69.492021   61    Male      Never smoked  train         NaN          NaN      63.0     3327        0.0     1       0          0             1                 0  0.307692  0.429421  0.294737  0.326830
509   ID00131637202220424084844     64  3407   71.163004   61    Male      Never smoked  train         NaN          NaN      63.0     3327        1.0     1       0          0             1                 0  0.307692  0.429421  0.300000  0.340277
510   ID00131637202220424084844     66  3292   68.760966   61    Male      Never smoked  train         NaN          NaN      63.0     3327        3.0     1       0          0             1                 0  0.307692  0.429421  0.310526  0.320947
511   ID00131637202220424084844     68  3368   70.348400   61    Male      Never smoked  train         NaN          NaN      63.0     3327        5.0     1       0          0             1                 0  0.307692  0.429421  0.321053  0.333721
512   ID00131637202220424084844     70  3364   70.264851   61    Male      Never smoked  train         NaN          NaN      63.0     3327        7.0     1       0          0             1                 0  0.307692  0.429421  0.331579  0.333049
513   ID00131637202220424084844     76  3226   67.382405   61    Male      Never smoked  train         NaN          NaN      63.0     3327       13.0     1       0          0             1                 0  0.307692  0.429421  0.363158  0.309854
514   ID00131637202220424084844     89  3274   68.384995   61    Male      Never smoked  train         NaN          NaN      63.0     3327       26.0     1       0          0             1                 0  0.307692  0.429421  0.431579  0.317922
515   ID00131637202220424084844    101  3208   67.006433   61    Male      Never smoked  train         NaN          NaN      63.0     3327       38.0     1       0          0             1                 0  0.307692  0.429421  0.494737  0.306828
516   ID00131637202220424084844    116  2990   62.453004   61    Male      Never smoked  train         NaN          NaN      63.0     3327       53.0     1       0          0             1                 0  0.307692  0.429421  0.573684  0.270186
517   ID00132637202222178761324      6  2582   60.164041   69    Male         Ex-smoker  train         NaN          NaN       6.0     2582        0.0     1       0          1             0                 0  0.512821  0.291048  0.294737  0.251766
518   ID00132637202222178761324     10  2614   60.909684   69    Male         Ex-smoker  train         NaN          NaN       6.0     2582        4.0     1       0          1             0                 0  0.512821  0.291048  0.315789  0.257767
519   ID00132637202222178761324     13  2743   63.915556   69    Male         Ex-smoker  train         NaN          NaN       6.0     2582        7.0     1       0          1             0                 0  0.512821  0.291048  0.331579  0.281955
520   ID00132637202222178761324     14  2674   62.307764   69    Male         Ex-smoker  train         NaN          NaN       6.0     2582        8.0     1       0          1             0                 0  0.512821  0.291048  0.336842  0.269017
521   ID00132637202222178761324     16  2579   60.094137   69    Male         Ex-smoker  train         NaN          NaN       6.0     2582       10.0     1       0          1             0                 0  0.512821  0.291048  0.347368  0.251204
522   ID00132637202222178761324     22  2608   60.769876   69    Male         Ex-smoker  train         NaN          NaN       6.0     2582       16.0     1       0          1             0                 0  0.512821  0.291048  0.378947  0.256642
523   ID00132637202222178761324     34  2588   60.303849   69    Male         Ex-smoker  train         NaN          NaN       6.0     2582       28.0     1       0          1             0                 0  0.512821  0.291048  0.442105  0.252892
524   ID00132637202222178761324     46  2630   61.282505   69    Male         Ex-smoker  train         NaN          NaN       6.0     2582       40.0     1       0          1             0                 0  0.512821  0.291048  0.505263  0.260767
525   ID00132637202222178761324     63  2594   60.443657   69    Male         Ex-smoker  train         NaN          NaN       6.0     2582       57.0     1       0          1             0                 0  0.512821  0.291048  0.594737  0.254017
526   ID00133637202223847701934     -2  3195   92.856312   83    Male      Never smoked  train         NaN          NaN      -2.0     3195        0.0     1       0          0             1                 0  0.871795  0.404903  0.294737  0.514846
527   ID00133637202223847701934      2  3203   93.088817   83    Male      Never smoked  train         NaN          NaN      -2.0     3195        4.0     1       0          0             1                 0  0.871795  0.404903  0.315789  0.516717
528   ID00133637202223847701934      4  3097   90.008138   83    Male      Never smoked  train         NaN          NaN      -2.0     3195        6.0     1       0          0             1                 0  0.871795  0.404903  0.326316  0.491926
529   ID00133637202223847701934      6  3171   92.158800   83    Male      Never smoked  train         NaN          NaN      -2.0     3195        8.0     1       0          0             1                 0  0.871795  0.404903  0.336842  0.509233
530   ID00133637202223847701934      8  3115   90.531272   83    Male      Never smoked  train         NaN          NaN      -2.0     3195       10.0     1       0          0             1                 0  0.871795  0.404903  0.347368  0.496136
531   ID00133637202223847701934     13  3105   90.240642   83    Male      Never smoked  train         NaN          NaN      -2.0     3195       15.0     1       0          0             1                 0  0.871795  0.404903  0.373684  0.493797
532   ID00133637202223847701934     27  3035   88.206231   83    Male      Never smoked  train         NaN          NaN      -2.0     3195       29.0     1       0          0             1                 0  0.871795  0.404903  0.447368  0.477426
533   ID00133637202223847701934     38  3051   88.671239   83    Male      Never smoked  train         NaN          NaN      -2.0     3195       40.0     1       0          0             1                 0  0.871795  0.404903  0.505263  0.481168
534   ID00133637202223847701934     54  3033   88.148105   83    Male      Never smoked  train         NaN          NaN      -2.0     3195       56.0     1       0          0             1                 0  0.871795  0.404903  0.589474  0.476958
535   ID00134637202223873059688      2  2629   67.708870   67    Male         Ex-smoker  train         NaN          NaN       2.0     2629        0.0     1       0          1             0                 0  0.461538  0.299777  0.294737  0.312481
536   ID00134637202223873059688      8  2729   70.284331   67    Male         Ex-smoker  train         NaN          NaN       2.0     2629        6.0     1       0          1             0                 0  0.461538  0.299777  0.326316  0.333206
537   ID00134637202223873059688     11  2606   67.116514   67    Male         Ex-smoker  train         NaN          NaN       2.0     2629        9.0     1       0          1             0                 0  0.461538  0.299777  0.342105  0.307714
538   ID00134637202223873059688     13  2568   66.137839   67    Male         Ex-smoker  train         NaN          NaN       2.0     2629       11.0     1       0          1             0                 0  0.461538  0.299777  0.352632  0.299838
539   ID00134637202223873059688     14  2560   65.931802   67    Male         Ex-smoker  train         NaN          NaN       2.0     2629       12.0     1       0          1             0                 0  0.461538  0.299777  0.357895  0.298180
540   ID00134637202223873059688     21  2675   68.893582   67    Male         Ex-smoker  train         NaN          NaN       2.0     2629       19.0     1       0          1             0                 0  0.461538  0.299777  0.394737  0.322014
541   ID00134637202223873059688     33  2415   62.197383   67    Male         Ex-smoker  train         NaN          NaN       2.0     2629       31.0     1       0          1             0                 0  0.461538  0.299777  0.457895  0.268129
542   ID00134637202223873059688     44  2112   54.393736   67    Male         Ex-smoker  train         NaN          NaN       2.0     2629       42.0     1       0          1             0                 0  0.461538  0.299777  0.515789  0.205332
543   ID00134637202223873059688     59  2232   57.484290   67    Male         Ex-smoker  train         NaN          NaN       2.0     2629       57.0     1       0          1             0                 0  0.461538  0.299777  0.594737  0.230202
544   ID00135637202224630271439     31  3808  106.096066   65    Male      Never smoked  train         NaN          NaN      31.0     3808        0.0     1       0          0             1                 0  0.410256  0.518759  0.294737  0.621388
545   ID00135637202224630271439     35  4036  112.448456   65    Male      Never smoked  train         NaN          NaN      31.0     3808        4.0     1       0          0             1                 0  0.410256  0.518759  0.315789  0.672506
546   ID00135637202224630271439     37  4087  113.869386   65    Male      Never smoked  train         NaN          NaN      31.0     3808        6.0     1       0          0             1                 0  0.410256  0.518759  0.326316  0.683941
547   ID00135637202224630271439     40  3869  107.795609   65    Male      Never smoked  train         NaN          NaN      31.0     3808        9.0     1       0          0             1                 0  0.410256  0.518759  0.342105  0.635064
548   ID00135637202224630271439     42  3906  108.826479   65    Male      Never smoked  train         NaN          NaN      31.0     3808       11.0     1       0          0             1                 0  0.410256  0.518759  0.352632  0.643360
549   ID00135637202224630271439     48  3780  105.315948   65    Male      Never smoked  train         NaN          NaN      31.0     3808       17.0     1       0          0             1                 0  0.410256  0.518759  0.384211  0.615110
550   ID00135637202224630271439     60  3925  109.355845   65    Male      Never smoked  train         NaN          NaN      31.0     3808       29.0     1       0          0             1                 0  0.410256  0.518759  0.447368  0.647620
551   ID00135637202224630271439     73  3907  108.854341   65    Male      Never smoked  train         NaN          NaN      31.0     3808       42.0     1       0          0             1                 0  0.410256  0.518759  0.515789  0.643584
552   ID00135637202224630271439     89  3901  108.687173   65    Male      Never smoked  train         NaN          NaN      31.0     3808       58.0     1       0          0             1                 0  0.410256  0.518759  0.600000  0.642239
553   ID00136637202224951350618      3  3239   93.235463   64    Male         Ex-smoker  train         NaN          NaN       3.0     3239        0.0     1       0          1             0                 0  0.384615  0.413076  0.294737  0.517897
554   ID00136637202224951350618      6  3390   97.582038   64    Male         Ex-smoker  train         NaN          NaN       3.0     3239        3.0     1       0          1             0                 0  0.384615  0.413076  0.310526  0.552874
555   ID00136637202224951350618      8  3324   95.682211   64    Male         Ex-smoker  train         NaN          NaN       3.0     3239        5.0     1       0          1             0                 0  0.384615  0.413076  0.321053  0.537586
556   ID00136637202224951350618     10  3305   95.135291   64    Male         Ex-smoker  train         NaN          NaN       3.0     3239        7.0     1       0          1             0                 0  0.384615  0.413076  0.331579  0.533185
557   ID00136637202224951350618     12  3276   94.300518   64    Male         Ex-smoker  train         NaN          NaN       3.0     3239        9.0     1       0          1             0                 0  0.384615  0.413076  0.342105  0.526467
558   ID00136637202224951350618     18  3376   97.179044   64    Male         Ex-smoker  train         NaN          NaN       3.0     3239       15.0     1       0          1             0                 0  0.384615  0.413076  0.373684  0.549631
559   ID00136637202224951350618     30  3278   94.358089   64    Male         Ex-smoker  train         NaN          NaN       3.0     3239       27.0     1       0          1             0                 0  0.384615  0.413076  0.436842  0.526931
560   ID00136637202224951350618     43  3362   96.776051   64    Male         Ex-smoker  train         NaN          NaN       3.0     3239       40.0     1       0          1             0                 0  0.384615  0.413076  0.505263  0.546388
561   ID00136637202224951350618     58  3197   92.026482   64    Male         Ex-smoker  train         NaN          NaN       3.0     3239       55.0     1       0          1             0                 0  0.384615  0.413076  0.584211  0.508168
562   ID00138637202231603868088     14  4510  108.958253   66    Male         Ex-smoker  train         NaN          NaN      14.0     4510        0.0     1       0          1             0                 0  0.435897  0.649146  0.294737  0.644420
563   ID00138637202231603868088     18  4443  107.339583   66    Male         Ex-smoker  train         NaN          NaN      14.0     4510        4.0     1       0          1             0                 0  0.435897  0.649146  0.315789  0.631394
564   ID00138637202231603868088     20  4339  104.827020   66    Male         Ex-smoker  train         NaN          NaN      14.0     4510        6.0     1       0          1             0                 0  0.435897  0.649146  0.326316  0.611176
565   ID00138637202231603868088     22  4324  104.464631   66    Male         Ex-smoker  train         NaN          NaN      14.0     4510        8.0     1       0          1             0                 0  0.435897  0.649146  0.336842  0.608259
566   ID00138637202231603868088     24  4247  102.604368   66    Male         Ex-smoker  train         NaN          NaN      14.0     4510       10.0     1       0          1             0                 0  0.435897  0.649146  0.347368  0.593290
567   ID00138637202231603868088     30  4196  101.372246   66    Male         Ex-smoker  train         NaN          NaN      14.0     4510       16.0     1       0          1             0                 0  0.435897  0.649146  0.378947  0.583375
568   ID00138637202231603868088     42  4320  104.367994   66    Male         Ex-smoker  train         NaN          NaN      14.0     4510       28.0     1       0          1             0                 0  0.435897  0.649146  0.442105  0.607482
569   ID00138637202231603868088     54  4267  103.087553   66    Male         Ex-smoker  train         NaN          NaN      14.0     4510       40.0     1       0          1             0                 0  0.435897  0.649146  0.505263  0.597178
570   ID00138637202231603868088     70  4151  100.285079   66    Male         Ex-smoker  train         NaN          NaN      14.0     4510       56.0     1       0          1             0                 0  0.435897  0.649146  0.589474  0.574626
571   ID00139637202231703564336     16  3793  100.770457   76    Male         Ex-smoker  train         NaN          NaN      16.0     3793        0.0     1       0          1             0                 0  0.692308  0.515973  0.294737  0.578532
572   ID00139637202231703564336     21  3742   99.415515   76    Male         Ex-smoker  train         NaN          NaN      16.0     3793        5.0     1       0          1             0                 0  0.692308  0.515973  0.321053  0.567628
573   ID00139637202231703564336     24  3916  104.038257   76    Male         Ex-smoker  train         NaN          NaN      16.0     3793        8.0     1       0          1             0                 0  0.692308  0.515973  0.336842  0.604828
574   ID00139637202231703564336     25  4130  109.723698   76    Male         Ex-smoker  train         NaN          NaN      16.0     3793        9.0     1       0          1             0                 0  0.692308  0.515973  0.342105  0.650580
575   ID00139637202231703564336     27  4050  107.598300   76    Male         Ex-smoker  train         NaN          NaN      16.0     3793       11.0     1       0          1             0                 0  0.692308  0.515973  0.352632  0.633476
576   ID00139637202231703564336     33  3949  104.914984   76    Male         Ex-smoker  train         NaN          NaN      16.0     3793       17.0     1       0          1             0                 0  0.692308  0.515973  0.384211  0.611883
577   ID00139637202231703564336     47  4061  107.890542   76    Male         Ex-smoker  train         NaN          NaN      16.0     3793       31.0     1       0          1             0                 0  0.692308  0.515973  0.457895  0.635828
578   ID00139637202231703564336     58  3835  101.886291   76    Male         Ex-smoker  train         NaN          NaN      16.0     3793       42.0     1       0          1             0                 0  0.692308  0.515973  0.515789  0.587511
579   ID00139637202231703564336     73  3568   94.792774   76    Male         Ex-smoker  train         NaN          NaN      16.0     3793       57.0     1       0          1             0                 0  0.692308  0.515973  0.594737  0.530429
580   ID00140637202231728595149     16  4124   90.090877   58    Male  Currently smokes  train         NaN          NaN      16.0     4124        0.0     1       0          0             0                 1  0.230769  0.577452  0.294737  0.492592
581   ID00140637202231728595149     18  3981   86.966970   58    Male  Currently smokes  train         NaN          NaN      16.0     4124        2.0     1       0          0             0                 1  0.230769  0.577452  0.305263  0.467453
582   ID00140637202231728595149     20  4092   89.391821   58    Male  Currently smokes  train         NaN          NaN      16.0     4124        4.0     1       0          0             0                 1  0.230769  0.577452  0.315789  0.486966
583   ID00140637202231728595149     22  4201   91.772981   58    Male  Currently smokes  train         NaN          NaN      16.0     4124        6.0     1       0          0             0                 1  0.230769  0.577452  0.326316  0.506128
584   ID00140637202231728595149     24  4130   90.221950   58    Male  Currently smokes  train         NaN          NaN      16.0     4124        8.0     1       0          0             0                 1  0.230769  0.577452  0.336842  0.493647
585   ID00140637202231728595149     30  3973   86.792206   58    Male  Currently smokes  train         NaN          NaN      16.0     4124       14.0     1       0          0             0                 1  0.230769  0.577452  0.368421  0.466047
586   ID00140637202231728595149     42  3865   84.432891   58    Male  Currently smokes  train         NaN          NaN      16.0     4124       26.0     1       0          0             0                 1  0.230769  0.577452  0.431579  0.447061
587   ID00140637202231728595149     54  3852   84.148899   58    Male  Currently smokes  train         NaN          NaN      16.0     4124       38.0     1       0          0             0                 1  0.230769  0.577452  0.494737  0.444776
588   ID00140637202231728595149     70  4052   88.518001   58    Male  Currently smokes  train         NaN          NaN      16.0     4124       54.0     1       0          0             0                 1  0.230769  0.577452  0.578947  0.479935
589   ID00140637202231728595149     74  4089   89.326285   58    Male  Currently smokes  train         NaN          NaN      16.0     4124       58.0     1       0          0             0                 1  0.230769  0.577452  0.600000  0.486439
590   ID00149637202232704462834     44  3247  130.821918   66  Female         Ex-smoker  train         NaN          NaN      44.0     3247        0.0     0       1          1             0                 0  0.435897  0.414562  0.294737  0.820360
591   ID00149637202232704462834     48  3241  130.580177   66  Female         Ex-smoker  train         NaN          NaN      44.0     3247        4.0     0       1          1             0                 0  0.435897  0.414562  0.315789  0.818415
592   ID00149637202232704462834     50  3226  129.975826   66  Female         Ex-smoker  train         NaN          NaN      44.0     3247        6.0     0       1          1             0                 0  0.435897  0.414562  0.326316  0.813551
593   ID00149637202232704462834     52  3156  127.155520   66  Female         Ex-smoker  train         NaN          NaN      44.0     3247        8.0     0       1          1             0                 0  0.435897  0.414562  0.336842  0.790856
594   ID00149637202232704462834     54  3160  127.316680   66  Female         Ex-smoker  train         NaN          NaN      44.0     3247       10.0     0       1          1             0                 0  0.435897  0.414562  0.347368  0.792153
595   ID00149637202232704462834     60  2965  119.460113   66  Female         Ex-smoker  train         NaN          NaN      44.0     3247       16.0     0       1          1             0                 0  0.435897  0.414562  0.378947  0.728930
596   ID00149637202232704462834     73  3105  125.100725   66  Female         Ex-smoker  train         NaN          NaN      44.0     3247       29.0     0       1          1             0                 0  0.435897  0.414562  0.447368  0.774321
597   ID00149637202232704462834     84  2952  118.936342   66  Female         Ex-smoker  train         NaN          NaN      44.0     3247       40.0     0       1          1             0                 0  0.435897  0.414562  0.505263  0.724715
598   ID00149637202232704462834    100  2686  108.219178   66  Female         Ex-smoker  train         NaN          NaN      44.0     3247       56.0     0       1          1             0                 0  0.435897  0.414562  0.589474  0.638473
599   ID00161637202235731948764      8  2841   68.299837   63    Male         Ex-smoker  train         NaN          NaN       8.0     2841        0.0     1       0          1             0                 0  0.358974  0.339153  0.294737  0.317236
600   ID00161637202235731948764     10  2806   67.458409   63    Male         Ex-smoker  train         NaN          NaN       8.0     2841        2.0     1       0          1             0                 0  0.358974  0.339153  0.305263  0.310465
601   ID00161637202235731948764     12  2786   66.977594   63    Male         Ex-smoker  train         NaN          NaN       8.0     2841        4.0     1       0          1             0                 0  0.358974  0.339153  0.315789  0.306596
602   ID00161637202235731948764     14  2944   70.776036   63    Male         Ex-smoker  train         NaN          NaN       8.0     2841        6.0     1       0          1             0                 0  0.358974  0.339153  0.326316  0.337163
603   ID00161637202235731948764     16  3017   72.531013   63    Male         Ex-smoker  train         NaN          NaN       8.0     2841        8.0     1       0          1             0                 0  0.358974  0.339153  0.336842  0.351285
604   ID00161637202235731948764     22  2901   69.742283   63    Male         Ex-smoker  train         NaN          NaN       8.0     2841       14.0     1       0          1             0                 0  0.358974  0.339153  0.368421  0.328844
605   ID00161637202235731948764     34  2809   67.530532   63    Male         Ex-smoker  train         NaN          NaN       8.0     2841       26.0     1       0          1             0                 0  0.358974  0.339153  0.431579  0.311046
606   ID00161637202235731948764     46  2897   69.646120   63    Male         Ex-smoker  train         NaN          NaN       8.0     2841       38.0     1       0          1             0                 0  0.358974  0.339153  0.494737  0.328070
607   ID00161637202235731948764     61  2818   67.746899   63    Male         Ex-smoker  train         NaN          NaN       8.0     2841       53.0     1       0          1             0                 0  0.358974  0.339153  0.573684  0.312787
608   ID00165637202237320314458     79  2102   53.803624   54    Male         Ex-smoker  train         NaN          NaN      79.0     2102        0.0     1       0          1             0                 0  0.128205  0.201895  0.294737  0.200583
609   ID00165637202237320314458     81  2102   53.803624   54    Male         Ex-smoker  train         NaN          NaN      79.0     2102        2.0     1       0          1             0                 0  0.128205  0.201895  0.305263  0.200583
610   ID00165637202237320314458     83  2172   55.595372   54    Male         Ex-smoker  train         NaN          NaN      79.0     2102        4.0     1       0          1             0                 0  0.128205  0.201895  0.315789  0.215002
611   ID00165637202237320314458     85  2136   54.673902   54    Male         Ex-smoker  train         NaN          NaN      79.0     2102        6.0     1       0          1             0                 0  0.128205  0.201895  0.326316  0.207587
612   ID00165637202237320314458     87  2067   52.907751   54    Male         Ex-smoker  train         NaN          NaN      79.0     2102        8.0     1       0          1             0                 0  0.128205  0.201895  0.336842  0.193374
613   ID00165637202237320314458     92  2161   55.313812   54    Male         Ex-smoker  train         NaN          NaN      79.0     2102       13.0     1       0          1             0                 0  0.128205  0.201895  0.363158  0.212736
614   ID00165637202237320314458    104  2296   58.769325   54    Male         Ex-smoker  train         NaN          NaN      79.0     2102       25.0     1       0          1             0                 0  0.128205  0.201895  0.426316  0.240543
615   ID00165637202237320314458    117  2129   54.494727   54    Male         Ex-smoker  train         NaN          NaN      79.0     2102       38.0     1       0          1             0                 0  0.128205  0.201895  0.494737  0.206145
616   ID00165637202237320314458    133  2184   55.902529   54    Male         Ex-smoker  train         NaN          NaN      79.0     2102       54.0     1       0          1             0                 0  0.128205  0.201895  0.578947  0.217473
617   ID00167637202237397919352      7  4562   92.663308   58    Male         Ex-smoker  train         NaN          NaN       7.0     4562        0.0     1       0          1             0                 0  0.230769  0.658804  0.294737  0.513293
618   ID00167637202237397919352     11  4791   97.314755   58    Male         Ex-smoker  train         NaN          NaN       7.0     4562        4.0     1       0          1             0                 0  0.230769  0.658804  0.315789  0.550723
619   ID00167637202237397919352     13  4680   95.060123   58    Male         Ex-smoker  train         NaN          NaN       7.0     4562        6.0     1       0          1             0                 0  0.230769  0.658804  0.326316  0.532580
620   ID00167637202237397919352     15  4635   94.146084   58    Male         Ex-smoker  train         NaN          NaN       7.0     4562        8.0     1       0          1             0                 0  0.230769  0.658804  0.336842  0.525225
621   ID00167637202237397919352     17  4662   94.694508   58    Male         Ex-smoker  train         NaN          NaN       7.0     4562       10.0     1       0          1             0                 0  0.230769  0.658804  0.347368  0.529638
622   ID00167637202237397919352     23  4496   91.322717   58    Male         Ex-smoker  train         NaN          NaN       7.0     4562       16.0     1       0          1             0                 0  0.230769  0.658804  0.378947  0.502505
623   ID00167637202237397919352     34  4537   92.155509   58    Male         Ex-smoker  train         NaN          NaN       7.0     4562       27.0     1       0          1             0                 0  0.230769  0.658804  0.436842  0.509206
624   ID00167637202237397919352     47  4424   89.860253   58    Male         Ex-smoker  train         NaN          NaN       7.0     4562       40.0     1       0          1             0                 0  0.230769  0.658804  0.505263  0.490736
625   ID00167637202237397919352     62  4288   87.097823   58    Male         Ex-smoker  train         NaN          NaN       7.0     4562       55.0     1       0          1             0                 0  0.230769  0.658804  0.584211  0.468506
626   ID00167637202237397919352     66  3744   76.048099   58    Male         Ex-smoker  train         NaN          NaN       7.0     4562       59.0     1       0          1             0                 0  0.230769  0.658804  0.605263  0.379588
627   ID00168637202237852027833      7  3186   79.395933   62    Male         Ex-smoker  train         NaN          NaN       7.0     3186        0.0     1       0          1             0                 0  0.333333  0.403232  0.294737  0.406528
628   ID00168637202237852027833      8  3095   77.128190   62    Male         Ex-smoker  train         NaN          NaN       7.0     3186        1.0     1       0          1             0                 0  0.333333  0.403232  0.300000  0.388279
629   ID00168637202237852027833     10  3143   78.324362   62    Male         Ex-smoker  train         NaN          NaN       7.0     3186        3.0     1       0          1             0                 0  0.333333  0.403232  0.310526  0.397905
630   ID00168637202237852027833     12  2993   74.586324   62    Male         Ex-smoker  train         NaN          NaN       7.0     3186        5.0     1       0          1             0                 0  0.333333  0.403232  0.321053  0.367825
631   ID00168637202237852027833     14  3041   75.782496   62    Male         Ex-smoker  train         NaN          NaN       7.0     3186        7.0     1       0          1             0                 0  0.333333  0.403232  0.331579  0.377450
632   ID00168637202237852027833     21  2975   74.137759   62    Male         Ex-smoker  train         NaN          NaN       7.0     3186       14.0     1       0          1             0                 0  0.333333  0.403232  0.368421  0.364215
633   ID00168637202237852027833     33  2859   71.247010   62    Male         Ex-smoker  train         NaN          NaN       7.0     3186       26.0     1       0          1             0                 0  0.333333  0.403232  0.431579  0.340953
634   ID00168637202237852027833     44  2762   68.829745   62    Male         Ex-smoker  train         NaN          NaN       7.0     3186       37.0     1       0          1             0                 0  0.333333  0.403232  0.489474  0.321501
635   ID00168637202237852027833     60  2711   67.558812   62    Male         Ex-smoker  train         NaN          NaN       7.0     3186       53.0     1       0          1             0                 0  0.333333  0.403232  0.573684  0.311273
636   ID00169637202238024117706     12  2520  106.445890   66  Female      Never smoked  train         NaN          NaN      12.0     2520        0.0     0       1          0             1                 0  0.435897  0.279532  0.294737  0.624203
637   ID00169637202238024117706     16  2474  104.502830   66  Female      Never smoked  train         NaN          NaN      12.0     2520        4.0     0       1          0             1                 0  0.435897  0.279532  0.315789  0.608567
638   ID00169637202238024117706     18  2462  103.995945   66  Female      Never smoked  train         NaN          NaN      12.0     2520        6.0     0       1          0             1                 0  0.435897  0.279532  0.326316  0.604488
639   ID00169637202238024117706     20  2486  105.009715   66  Female      Never smoked  train         NaN          NaN      12.0     2520        8.0     0       1          0             1                 0  0.435897  0.279532  0.336842  0.612646
640   ID00169637202238024117706     23  2480  104.756273   66  Female      Never smoked  train         NaN          NaN      12.0     2520       11.0     0       1          0             1                 0  0.435897  0.279532  0.352632  0.610606
641   ID00169637202238024117706     28  2527  106.741573   66  Female      Never smoked  train         NaN          NaN      12.0     2520       16.0     0       1          0             1                 0  0.435897  0.279532  0.378947  0.626582
642   ID00169637202238024117706     40  2486  105.009715   66  Female      Never smoked  train         NaN          NaN      12.0     2520       28.0     0       1          0             1                 0  0.435897  0.279532  0.442105  0.612646
643   ID00169637202238024117706     53  2471  104.376109   66  Female      Never smoked  train         NaN          NaN      12.0     2520       41.0     0       1          0             1                 0  0.435897  0.279532  0.510526  0.607547
644   ID00169637202238024117706     66  2263   95.590099   66  Female      Never smoked  train         NaN          NaN      12.0     2520       54.0     0       1          0             1                 0  0.435897  0.279532  0.578947  0.536845
645   ID00170637202238079193844     38  1970   91.884328   79  Female         Ex-smoker  train         NaN          NaN      38.0     1970        0.0     0       1          1             0                 0  0.769231  0.177377  0.294737  0.507024
646   ID00170637202238079193844     44  2474  115.391791   79  Female         Ex-smoker  train         NaN          NaN      38.0     1970        6.0     0       1          1             0                 0  0.769231  0.177377  0.326316  0.696192
647   ID00170637202238079193844     46  2205  102.845149   79  Female         Ex-smoker  train         NaN          NaN      38.0     1970        8.0     0       1          1             0                 0  0.769231  0.177377  0.336842  0.595227
648   ID00170637202238079193844     48  2063   96.222015   79  Female         Ex-smoker  train         NaN          NaN      38.0     1970       10.0     0       1          1             0                 0  0.769231  0.177377  0.347368  0.541930
649   ID00170637202238079193844     50  2155  100.513060   79  Female         Ex-smoker  train         NaN          NaN      38.0     1970       12.0     0       1          1             0                 0  0.769231  0.177377  0.357895  0.576461
650   ID00170637202238079193844     56  2020   94.216418   79  Female         Ex-smoker  train         NaN          NaN      38.0     1970       18.0     0       1          1             0                 0  0.769231  0.177377  0.389474  0.525791
651   ID00170637202238079193844     68  2272  105.970149   79  Female         Ex-smoker  train         NaN          NaN      38.0     1970       30.0     0       1          1             0                 0  0.769231  0.177377  0.452632  0.620374
652   ID00170637202238079193844     79  2338  109.048507   79  Female         Ex-smoker  train         NaN          NaN      38.0     1970       41.0     0       1          1             0                 0  0.769231  0.177377  0.510526  0.645146
653   ID00170637202238079193844     96  2388  111.380597   79  Female         Ex-smoker  train         NaN          NaN      38.0     1970       58.0     0       1          1             0                 0  0.769231  0.177377  0.600000  0.663913
654   ID00172637202238316925179     35  2603   70.941895   73    Male         Ex-smoker  train         NaN          NaN      35.0     2603        0.0     1       0          1             0                 0  0.615385  0.294948  0.294737  0.338497
655   ID00172637202238316925179     37  2715   73.994331   73    Male         Ex-smoker  train         NaN          NaN      35.0     2603        2.0     1       0          1             0                 0  0.615385  0.294948  0.305263  0.363061
656   ID00172637202238316925179     39  2740   74.675679   73    Male         Ex-smoker  train         NaN          NaN      35.0     2603        4.0     1       0          1             0                 0  0.615385  0.294948  0.315789  0.368544
657   ID00172637202238316925179     41  2749   74.920964   73    Male         Ex-smoker  train         NaN          NaN      35.0     2603        6.0     1       0          1             0                 0  0.615385  0.294948  0.326316  0.370517
658   ID00172637202238316925179     43  2833   77.210291   73    Male         Ex-smoker  train         NaN          NaN      35.0     2603        8.0     1       0          1             0                 0  0.615385  0.294948  0.336842  0.388940
659   ID00172637202238316925179     49  2830   77.128529   73    Male         Ex-smoker  train         NaN          NaN      35.0     2603       14.0     1       0          1             0                 0  0.615385  0.294948  0.368421  0.388282
660   ID00172637202238316925179     60  2772   75.547803   73    Male         Ex-smoker  train         NaN          NaN      35.0     2603       25.0     1       0          1             0                 0  0.615385  0.294948  0.426316  0.375562
661   ID00172637202238316925179     72  2801   76.338166   73    Male         Ex-smoker  train         NaN          NaN      35.0     2603       37.0     1       0          1             0                 0  0.615385  0.294948  0.489474  0.381922
662   ID00172637202238316925179     92  2623   71.486973   73    Male         Ex-smoker  train         NaN          NaN      35.0     2603       57.0     1       0          1             0                 0  0.615385  0.294948  0.594737  0.342884
663   ID00173637202238329754031     11  2648   77.003606   73    Male         Ex-smoker  train         NaN          NaN      11.0     2648        0.0     1       0          1             0                 0  0.615385  0.303306  0.294737  0.387277
664   ID00173637202238329754031     17  2728   79.329999   73    Male         Ex-smoker  train         NaN          NaN      11.0     2648        6.0     1       0          1             0                 0  0.615385  0.303306  0.326316  0.405998
665   ID00173637202238329754031     19  2861   83.197627   73    Male         Ex-smoker  train         NaN          NaN      11.0     2648        8.0     1       0          1             0                 0  0.615385  0.303306  0.336842  0.437121
666   ID00173637202238329754031     21  2889   84.011865   73    Male         Ex-smoker  train         NaN          NaN      11.0     2648       10.0     1       0          1             0                 0  0.615385  0.303306  0.347368  0.443673
667   ID00173637202238329754031     23  2840   82.586949   73    Male         Ex-smoker  train         NaN          NaN      11.0     2648       12.0     1       0          1             0                 0  0.615385  0.303306  0.357895  0.432207
668   ID00173637202238329754031     29  2697   78.428522   73    Male         Ex-smoker  train         NaN          NaN      11.0     2648       18.0     1       0          1             0                 0  0.615385  0.303306  0.389474  0.398743
669   ID00173637202238329754031     42  2675   77.788764   73    Male         Ex-smoker  train         NaN          NaN      11.0     2648       31.0     1       0          1             0                 0  0.615385  0.303306  0.457895  0.393595
670   ID00173637202238329754031     53  2576   74.909852   73    Male         Ex-smoker  train         NaN          NaN      11.0     2648       42.0     1       0          1             0                 0  0.615385  0.303306  0.515789  0.370428
671   ID00173637202238329754031     69  2563   74.531813   73    Male         Ex-smoker  train         NaN          NaN      11.0     2648       58.0     1       0          1             0                 0  0.615385  0.303306  0.600000  0.367386
672   ID00180637202240177410333      9  3009   85.697198   68    Male         Ex-smoker  train         NaN          NaN       9.0     3009        0.0     1       0          1             0                 0  0.487179  0.370357  0.294737  0.457235
673   ID00180637202240177410333     11  2954   84.130781   68    Male         Ex-smoker  train         NaN          NaN       9.0     3009        2.0     1       0          1             0                 0  0.487179  0.370357  0.305263  0.444630
674   ID00180637202240177410333     13  3102   88.345865   68    Male         Ex-smoker  train         NaN          NaN       9.0     3009        4.0     1       0          1             0                 0  0.487179  0.370357  0.315789  0.478549
675   ID00180637202240177410333     16  2962   84.358624   68    Male         Ex-smoker  train         NaN          NaN       9.0     3009        7.0     1       0          1             0                 0  0.487179  0.370357  0.331579  0.446464
676   ID00180637202240177410333     18  3054   86.978811   68    Male         Ex-smoker  train         NaN          NaN       9.0     3009        9.0     1       0          1             0                 0  0.487179  0.370357  0.342105  0.467549
677   ID00180637202240177410333     24  3049   86.836409   68    Male         Ex-smoker  train         NaN          NaN       9.0     3009       15.0     1       0          1             0                 0  0.487179  0.370357  0.373684  0.466403
678   ID00180637202240177410333     35  2866   81.624516   68    Male         Ex-smoker  train         NaN          NaN       9.0     3009       26.0     1       0          1             0                 0  0.487179  0.370357  0.431579  0.424462
679   ID00180637202240177410333     47  2761   78.634085   68    Male         Ex-smoker  train         NaN          NaN       9.0     3009       38.0     1       0          1             0                 0  0.487179  0.370357  0.494737  0.400397
680   ID00180637202240177410333     63  2860   81.453634   68    Male         Ex-smoker  train         NaN          NaN       9.0     3009       54.0     1       0          1             0                 0  0.487179  0.370357  0.578947  0.423087
681   ID00183637202241995351650     39  2541   70.465890   71    Male         Ex-smoker  train         NaN          NaN      39.0     2541        0.0     1       0          1             0                 0  0.564103  0.283432  0.294737  0.334667
682   ID00183637202241995351650     42  2358   65.391015   71    Male         Ex-smoker  train         NaN          NaN      39.0     2541        3.0     1       0          1             0                 0  0.564103  0.283432  0.310526  0.293829
683   ID00183637202241995351650     44  2350   65.169163   71    Male         Ex-smoker  train         NaN          NaN      39.0     2541        5.0     1       0          1             0                 0  0.564103  0.283432  0.321053  0.292043
684   ID00183637202241995351650     46  2346   65.058236   71    Male         Ex-smoker  train         NaN          NaN      39.0     2541        7.0     1       0          1             0                 0  0.564103  0.283432  0.331579  0.291151
685   ID00183637202241995351650     48  2427   67.304493   71    Male         Ex-smoker  train         NaN          NaN      39.0     2541        9.0     1       0          1             0                 0  0.564103  0.283432  0.342105  0.309227
686   ID00183637202241995351650     54  2449   67.914587   71    Male         Ex-smoker  train         NaN          NaN      39.0     2541       15.0     1       0          1             0                 0  0.564103  0.283432  0.373684  0.314136
687   ID00183637202241995351650     65  2537   70.354964   71    Male         Ex-smoker  train         NaN          NaN      39.0     2541       26.0     1       0          1             0                 0  0.564103  0.283432  0.431579  0.333774
688   ID00183637202241995351650     77  2461   68.247366   71    Male         Ex-smoker  train         NaN          NaN      39.0     2541       38.0     1       0          1             0                 0  0.564103  0.283432  0.494737  0.316814
689   ID00183637202241995351650     94  2393   66.361620   71    Male         Ex-smoker  train         NaN          NaN      39.0     2541       55.0     1       0          1             0                 0  0.564103  0.283432  0.584211  0.301639
690   ID00184637202242062969203     29  3130   67.311828   52    Male         Ex-smoker  train         NaN          NaN      29.0     3130        0.0     1       0          1             0                 0  0.076923  0.392831  0.294737  0.309286
691   ID00184637202242062969203     30  2965   63.763441   52    Male         Ex-smoker  train         NaN          NaN      29.0     3130        1.0     1       0          1             0                 0  0.076923  0.392831  0.300000  0.280731
692   ID00184637202242062969203     32  3197   68.752688   52    Male         Ex-smoker  train         NaN          NaN      29.0     3130        3.0     1       0          1             0                 0  0.076923  0.392831  0.310526  0.320880
693   ID00184637202242062969203     34  2761   59.376344   52    Male         Ex-smoker  train         NaN          NaN      29.0     3130        5.0     1       0          1             0                 0  0.076923  0.392831  0.321053  0.245428
694   ID00184637202242062969203     37  3009   64.709677   52    Male         Ex-smoker  train         NaN          NaN      29.0     3130        8.0     1       0          1             0                 0  0.076923  0.392831  0.336842  0.288346
695   ID00184637202242062969203     43  3175   68.279570   52    Male         Ex-smoker  train         NaN          NaN      29.0     3130       14.0     1       0          1             0                 0  0.076923  0.392831  0.368421  0.317073
696   ID00184637202242062969203     55  3021   64.967742   52    Male         Ex-smoker  train         NaN          NaN      29.0     3130       26.0     1       0          1             0                 0  0.076923  0.392831  0.431579  0.290422
697   ID00184637202242062969203     67  2991   64.322581   52    Male         Ex-smoker  train         NaN          NaN      29.0     3130       38.0     1       0          1             0                 0  0.076923  0.392831  0.494737  0.285231
698   ID00184637202242062969203     83  2743   58.989247   52    Male         Ex-smoker  train         NaN          NaN      29.0     3130       54.0     1       0          1             0                 0  0.076923  0.392831  0.578947  0.242313
699   ID00186637202242472088675      8  3096   77.330403   69    Male         Ex-smoker  train         NaN          NaN       8.0     3096        0.0     1       0          1             0                 0  0.512821  0.386516  0.294737  0.389907
700   ID00186637202242472088675     11  2781   69.462484   69    Male         Ex-smoker  train         NaN          NaN       8.0     3096        3.0     1       0          1             0                 0  0.512821  0.386516  0.310526  0.326592
701   ID00186637202242472088675     13  2826   70.586472   69    Male         Ex-smoker  train         NaN          NaN       8.0     3096        5.0     1       0          1             0                 0  0.512821  0.386516  0.321053  0.335637
702   ID00186637202242472088675     15  2759   68.912978   69    Male         Ex-smoker  train         NaN          NaN       8.0     3096        7.0     1       0          1             0                 0  0.512821  0.386516  0.331579  0.322170
703   ID00186637202242472088675     17  2591   64.716755   69    Male         Ex-smoker  train         NaN          NaN       8.0     3096        9.0     1       0          1             0                 0  0.512821  0.386516  0.342105  0.288403
704   ID00186637202242472088675     23  2428   60.645419   69    Male         Ex-smoker  train         NaN          NaN       8.0     3096       15.0     1       0          1             0                 0  0.512821  0.386516  0.373684  0.255640
705   ID00186637202242472088675     59  2119   52.927365   69    Male         Ex-smoker  train         NaN          NaN       8.0     3096       51.0     1       0          1             0                 0  0.512821  0.386516  0.563158  0.193532
706   ID00190637202244450116191      4  4291  112.013157   69    Male         Ex-smoker  train         NaN          NaN       4.0     4291        0.0     1       0          1             0                 0  0.512821  0.608470  0.294737  0.669003
707   ID00190637202244450116191     10  4488  117.155685   69    Male         Ex-smoker  train         NaN          NaN       4.0     4291        6.0     1       0          1             0                 0  0.512821  0.608470  0.326316  0.710386
708   ID00190637202244450116191     12  4490  117.207894   69    Male         Ex-smoker  train         NaN          NaN       4.0     4291        8.0     1       0          1             0                 0  0.512821  0.608470  0.336842  0.710806
709   ID00190637202244450116191     14  4424  115.485016   69    Male         Ex-smoker  train         NaN          NaN       4.0     4291       10.0     1       0          1             0                 0  0.512821  0.608470  0.347368  0.696942
710   ID00190637202244450116191     16  4307  112.430824   69    Male         Ex-smoker  train         NaN          NaN       4.0     4291       12.0     1       0          1             0                 0  0.512821  0.608470  0.357895  0.672364
711   ID00190637202244450116191     22  4330  113.031221   69    Male         Ex-smoker  train         NaN          NaN       4.0     4291       18.0     1       0          1             0                 0  0.512821  0.608470  0.389474  0.677196
712   ID00190637202244450116191     34  4169  108.828443   69    Male         Ex-smoker  train         NaN          NaN       4.0     4291       30.0     1       0          1             0                 0  0.512821  0.608470  0.452632  0.643376
713   ID00190637202244450116191     46  4193  109.454944   69    Male         Ex-smoker  train         NaN          NaN       4.0     4291       42.0     1       0          1             0                 0  0.512821  0.608470  0.515789  0.648417
714   ID00190637202244450116191     62  4461  116.450872   69    Male         Ex-smoker  train         NaN          NaN       4.0     4291       58.0     1       0          1             0                 0  0.512821  0.608470  0.600000  0.704714
715   ID00192637202245493238298      4  1728   56.279312   56  Female      Never smoked  train         NaN          NaN       4.0     1728        0.0     0       1          0             1                 0  0.179487  0.132429  0.294737  0.220506
716   ID00192637202245493238298     12  1929   62.825690   56  Female      Never smoked  train         NaN          NaN       4.0     1728        8.0     0       1          0             1                 0  0.179487  0.132429  0.336842  0.273185
717   ID00192637202245493238298     14  1874   61.034393   56  Female      Never smoked  train         NaN          NaN       4.0     1728       10.0     0       1          0             1                 0  0.179487  0.132429  0.347368  0.258770
718   ID00192637202245493238298     15  1831   59.633924   56  Female      Never smoked  train         NaN          NaN       4.0     1728       11.0     0       1          0             1                 0  0.179487  0.132429  0.352632  0.247501
719   ID00192637202245493238298     18  1783   58.070610   56  Female      Never smoked  train         NaN          NaN       4.0     1728       14.0     0       1          0             1                 0  0.179487  0.132429  0.368421  0.234920
720   ID00192637202245493238298     24  1829   59.568786   56  Female      Never smoked  train         NaN          NaN       4.0     1728       20.0     0       1          0             1                 0  0.179487  0.132429  0.400000  0.246976
721   ID00192637202245493238298     36  1850   60.252736   56  Female      Never smoked  train         NaN          NaN       4.0     1728       32.0     0       1          0             1                 0  0.179487  0.132429  0.463158  0.252480
722   ID00192637202245493238298     48  1653   53.836634   56  Female      Never smoked  train         NaN          NaN       4.0     1728       44.0     0       1          0             1                 0  0.179487  0.132429  0.526316  0.200849
723   ID00192637202245493238298     65  1568   51.068265   56  Female      Never smoked  train         NaN          NaN       4.0     1728       61.0     0       1          0             1                 0  0.179487  0.132429  0.615789  0.178572
724   ID00196637202246668775836      9  3849   89.921503   65    Male         Ex-smoker  train         NaN          NaN       9.0     3849        0.0     1       0          1             0                 0  0.410256  0.526374  0.294737  0.491229
725   ID00196637202246668775836     12  3799   88.753388   65    Male         Ex-smoker  train         NaN          NaN       9.0     3849        3.0     1       0          1             0                 0  0.410256  0.526374  0.310526  0.481829
726   ID00196637202246668775836     14  3871   90.435473   65    Male         Ex-smoker  train         NaN          NaN       9.0     3849        5.0     1       0          1             0                 0  0.410256  0.526374  0.321053  0.495365
727   ID00196637202246668775836     16  3903   91.183067   65    Male         Ex-smoker  train         NaN          NaN       9.0     3849        7.0     1       0          1             0                 0  0.410256  0.526374  0.331579  0.501381
728   ID00196637202246668775836     18  3930   91.813849   65    Male         Ex-smoker  train         NaN          NaN       9.0     3849        9.0     1       0          1             0                 0  0.410256  0.526374  0.342105  0.506457
729   ID00196637202246668775836     25  4360  101.859639   65    Male         Ex-smoker  train         NaN          NaN       9.0     3849       16.0     1       0          1             0                 0  0.410256  0.526374  0.378947  0.587297
730   ID00196637202246668775836     36  3811   89.033735   65    Male         Ex-smoker  train         NaN          NaN       9.0     3849       27.0     1       0          1             0                 0  0.410256  0.526374  0.436842  0.484085
731   ID00196637202246668775836     48  3792   88.589851   65    Male         Ex-smoker  train         NaN          NaN       9.0     3849       39.0     1       0          1             0                 0  0.410256  0.526374  0.500000  0.480513
732   ID00196637202246668775836     66  3856   90.085039   65    Male         Ex-smoker  train         NaN          NaN       9.0     3849       57.0     1       0          1             0                 0  0.410256  0.526374  0.594737  0.492545
733   ID00197637202246865691526      0  2776   73.790537   65    Male  Currently smokes  train         NaN          NaN       0.0     2776        0.0     1       0          0             0                 1  0.410256  0.327080  0.294737  0.361421
734   ID00197637202246865691526      5  2400   63.795853   65    Male  Currently smokes  train         NaN          NaN       0.0     2776        5.0     1       0          0             0                 1  0.410256  0.327080  0.321053  0.280992
735   ID00197637202246865691526      8  1950   51.834131   65    Male  Currently smokes  train         NaN          NaN       0.0     2776        8.0     1       0          0             0                 1  0.410256  0.327080  0.336842  0.184735
736   ID00197637202246865691526     10  2192   58.266879   65    Male  Currently smokes  train         NaN          NaN       0.0     2776       10.0     1       0          0             0                 1  0.410256  0.327080  0.347368  0.236500
737   ID00197637202246865691526     11  2360   62.732589   65    Male  Currently smokes  train         NaN          NaN       0.0     2776       11.0     1       0          0             0                 1  0.410256  0.327080  0.352632  0.272436
738   ID00197637202246865691526     18  1941   51.594896   65    Male  Currently smokes  train         NaN          NaN       0.0     2776       18.0     1       0          0             0                 1  0.410256  0.327080  0.389474  0.182809
739   ID00197637202246865691526     30  3399   90.350877   65    Male  Currently smokes  train         NaN          NaN       0.0     2776       30.0     1       0          0             0                 1  0.410256  0.327080  0.452632  0.494684
740   ID00197637202246865691526     41  2312   61.456672   65    Male  Currently smokes  train         NaN          NaN       0.0     2776       41.0     1       0          0             0                 1  0.410256  0.327080  0.510526  0.262168
741   ID00197637202246865691526     57  3283   87.267411   65    Male  Currently smokes  train         NaN          NaN       0.0     2776       57.0     1       0          0             0                 1  0.410256  0.327080  0.594737  0.469871
742   ID00199637202248141386743      7  2868   69.476744   62    Male         Ex-smoker  train         NaN          NaN       7.0     2868        0.0     1       0          1             0                 0  0.333333  0.344168  0.294737  0.326707
743   ID00199637202248141386743      9  2949   71.438953   62    Male         Ex-smoker  train         NaN          NaN       7.0     2868        2.0     1       0          1             0                 0  0.333333  0.344168  0.305263  0.342497
744   ID00199637202248141386743     12  2907   70.421512   62    Male         Ex-smoker  train         NaN          NaN       7.0     2868        5.0     1       0          1             0                 0  0.333333  0.344168  0.321053  0.334310
745   ID00199637202248141386743     17  2686   65.067829   62    Male         Ex-smoker  train         NaN          NaN       7.0     2868       10.0     1       0          1             0                 0  0.333333  0.344168  0.347368  0.291228
746   ID00199637202248141386743     30  2832   68.604651   62    Male         Ex-smoker  train         NaN          NaN       7.0     2868       23.0     1       0          1             0                 0  0.333333  0.344168  0.415789  0.319689
747   ID00199637202248141386743     42  2844   68.895349   62    Male         Ex-smoker  train         NaN          NaN       7.0     2868       35.0     1       0          1             0                 0  0.333333  0.344168  0.478947  0.322028
748   ID00199637202248141386743     57  2889   69.985465   62    Male         Ex-smoker  train         NaN          NaN       7.0     2868       50.0     1       0          1             0                 0  0.333333  0.344168  0.557895  0.330801
749   ID00202637202249376026949     20  4311  107.281505   64    Male      Never smoked  train         NaN          NaN      20.0     4311        0.0     1       0          0             1                 0  0.384615  0.612184  0.294737  0.630927
750   ID00202637202249376026949     21  4279  106.485168   64    Male      Never smoked  train         NaN          NaN      20.0     4311        1.0     1       0          0             1                 0  0.384615  0.612184  0.300000  0.624519
751   ID00202637202249376026949     23  4316  107.405933   64    Male      Never smoked  train         NaN          NaN      20.0     4311        3.0     1       0          0             1                 0  0.384615  0.612184  0.310526  0.631928
752   ID00202637202249376026949     25  4185  104.145929   64    Male      Never smoked  train         NaN          NaN      20.0     4311        5.0     1       0          0             1                 0  0.384615  0.612184  0.321053  0.605695
753   ID00202637202249376026949     27  4029  100.263787   64    Male      Never smoked  train         NaN          NaN      20.0     4311        7.0     1       0          0             1                 0  0.384615  0.612184  0.331579  0.574455
754   ID00202637202249376026949     33  4092  101.831575   64    Male      Never smoked  train         NaN          NaN      20.0     4311       13.0     1       0          0             1                 0  0.384615  0.612184  0.363158  0.587071
755   ID00202637202249376026949     45  4040  100.537527   64    Male      Never smoked  train         NaN          NaN      20.0     4311       25.0     1       0          0             1                 0  0.384615  0.612184  0.426316  0.576657
756   ID00202637202249376026949     58  3641   90.608202   64    Male      Never smoked  train         NaN          NaN      20.0     4311       38.0     1       0          0             1                 0  0.384615  0.612184  0.494737  0.496755
757   ID00202637202249376026949     75  3646   90.732630   64    Male      Never smoked  train         NaN          NaN      20.0     4311       55.0     1       0          0             1                 0  0.384615  0.612184  0.584211  0.497756
758   ID00207637202252526380974     33  2379   65.602250   67    Male         Ex-smoker  train         NaN          NaN      33.0     2379        0.0     1       0          1             0                 0  0.461538  0.253343  0.294737  0.295528
759   ID00207637202252526380974     35  2722   75.060666   67    Male         Ex-smoker  train         NaN          NaN      33.0     2379        2.0     1       0          1             0                 0  0.461538  0.253343  0.305263  0.371642
760   ID00207637202252526380974     37  2735   75.419148   67    Male         Ex-smoker  train         NaN          NaN      33.0     2379        4.0     1       0          1             0                 0  0.461538  0.253343  0.315789  0.374526
761   ID00207637202252526380974     38  2924   80.630929   67    Male         Ex-smoker  train         NaN          NaN      33.0     2379        5.0     1       0          1             0                 0  0.461538  0.253343  0.321053  0.416466
762   ID00207637202252526380974     41  2829   78.011251   67    Male         Ex-smoker  train         NaN          NaN      33.0     2379        8.0     1       0          1             0                 0  0.461538  0.253343  0.336842  0.395385
763   ID00207637202252526380974     47  2806   77.377013   67    Male         Ex-smoker  train         NaN          NaN      33.0     2379       14.0     1       0          1             0                 0  0.461538  0.253343  0.368421  0.390282
764   ID00207637202252526380974     59  2696   74.343702   67    Male         Ex-smoker  train         NaN          NaN      33.0     2379       26.0     1       0          1             0                 0  0.461538  0.253343  0.431579  0.365872
765   ID00207637202252526380974     71  2522   69.545555   67    Male         Ex-smoker  train         NaN          NaN      33.0     2379       38.0     1       0          1             0                 0  0.461538  0.253343  0.494737  0.327261
766   ID00207637202252526380974     86  2526   69.655857   67    Male         Ex-smoker  train         NaN          NaN      33.0     2379       53.0     1       0          1             0                 0  0.461538  0.253343  0.573684  0.328148
767   ID00210637202257228694086      0  2846   80.541091   76    Male  Currently smokes  train         NaN          NaN       0.0     2846        0.0     1       0          0             0                 1  0.692308  0.340082  0.294737  0.415743
768   ID00210637202257228694086      3  2860   80.937288   76    Male  Currently smokes  train         NaN          NaN       0.0     2846        3.0     1       0          0             0                 1  0.692308  0.340082  0.310526  0.418932
769   ID00210637202257228694086      5  2773   78.475209   76    Male  Currently smokes  train         NaN          NaN       0.0     2846        5.0     1       0          0             0                 1  0.692308  0.340082  0.321053  0.399119
770   ID00210637202257228694086      7  2780   78.673308   76    Male  Currently smokes  train         NaN          NaN       0.0     2846        7.0     1       0          0             0                 1  0.692308  0.340082  0.331579  0.400713
771   ID00210637202257228694086      9  2809   79.494000   76    Male  Currently smokes  train         NaN          NaN       0.0     2846        9.0     1       0          0             0                 1  0.692308  0.340082  0.342105  0.407317
772   ID00210637202257228694086     16  2837   80.286393   76    Male  Currently smokes  train         NaN          NaN       0.0     2846       16.0     1       0          0             0                 1  0.692308  0.340082  0.378947  0.413694
773   ID00210637202257228694086     27  2844   80.484492   76    Male  Currently smokes  train         NaN          NaN       0.0     2846       27.0     1       0          0             0                 1  0.692308  0.340082  0.436842  0.415288
774   ID00210637202257228694086     39  2845   80.512791   76    Male  Currently smokes  train         NaN          NaN       0.0     2846       39.0     1       0          0             0                 1  0.692308  0.340082  0.500000  0.415516
775   ID00210637202257228694086     56  2852   80.710890   76    Male  Currently smokes  train         NaN          NaN       0.0     2846       56.0     1       0          0             0                 1  0.692308  0.340082  0.589474  0.417110
776   ID00213637202257692916109      6  3035   83.562775   70    Male  Currently smokes  train         NaN          NaN       6.0     3035        0.0     1       0          0             0                 1  0.538462  0.375186  0.294737  0.440059
777   ID00213637202257692916109      9  3376   92.951542   70    Male  Currently smokes  train         NaN          NaN       6.0     3035        3.0     1       0          0             0                 1  0.538462  0.375186  0.310526  0.515612
778   ID00213637202257692916109     11  3057   84.168502   70    Male  Currently smokes  train         NaN          NaN       6.0     3035        5.0     1       0          0             0                 1  0.538462  0.375186  0.321053  0.444934
779   ID00213637202257692916109     13  3126   86.068282   70    Male  Currently smokes  train         NaN          NaN       6.0     3035        7.0     1       0          0             0                 1  0.538462  0.375186  0.331579  0.460221
780   ID00213637202257692916109     14  3220   88.656388   70    Male  Currently smokes  train         NaN          NaN       6.0     3035        8.0     1       0          0             0                 1  0.538462  0.375186  0.336842  0.481048
781   ID00213637202257692916109     21  3090   85.077093   70    Male  Currently smokes  train         NaN          NaN       6.0     3035       15.0     1       0          0             0                 1  0.538462  0.375186  0.373684  0.452245
782   ID00213637202257692916109     32  2972   81.828194   70    Male  Currently smokes  train         NaN          NaN       6.0     3035       26.0     1       0          0             0                 1  0.538462  0.375186  0.431579  0.426101
783   ID00213637202257692916109     44  3289   90.556167   70    Male  Currently smokes  train         NaN          NaN       6.0     3035       38.0     1       0          0             0                 1  0.538462  0.375186  0.494737  0.496336
784   ID00213637202257692916109     61  3017   83.067181   70    Male  Currently smokes  train         NaN          NaN       6.0     3035       55.0     1       0          0             0                 1  0.538462  0.375186  0.584211  0.436071
785   ID00214637202257820847190      3  2869   83.702882   69    Male         Ex-smoker  train         NaN          NaN       3.0     2869        0.0     1       0          1             0                 0  0.512821  0.344354  0.294737  0.441187
786   ID00214637202257820847190      4  2853   83.236084   69    Male         Ex-smoker  train         NaN          NaN       3.0     2869        1.0     1       0          1             0                 0  0.512821  0.344354  0.300000  0.437430
787   ID00214637202257820847190      6  2912   84.957405   69    Male         Ex-smoker  train         NaN          NaN       3.0     2869        3.0     1       0          1             0                 0  0.512821  0.344354  0.310526  0.451282
788   ID00214637202257820847190      8  2929   85.453378   69    Male         Ex-smoker  train         NaN          NaN       3.0     2869        5.0     1       0          1             0                 0  0.512821  0.344354  0.321053  0.455273
789   ID00214637202257820847190     10  2886   84.198856   69    Male         Ex-smoker  train         NaN          NaN       3.0     2869        7.0     1       0          1             0                 0  0.512821  0.344354  0.331579  0.445178
790   ID00214637202257820847190     16  2867   83.644533   69    Male         Ex-smoker  train         NaN          NaN       3.0     2869       13.0     1       0          1             0                 0  0.512821  0.344354  0.363158  0.440717
791   ID00214637202257820847190     28  2829   82.535885   69    Male         Ex-smoker  train         NaN          NaN       3.0     2869       25.0     1       0          1             0                 0  0.512821  0.344354  0.426316  0.431796
792   ID00214637202257820847190     40  2874   83.848757   69    Male         Ex-smoker  train         NaN          NaN       3.0     2869       37.0     1       0          1             0                 0  0.512821  0.344354  0.489474  0.442361
793   ID00214637202257820847190     55  2791   81.427238   69    Male         Ex-smoker  train         NaN          NaN       3.0     2869       52.0     1       0          1             0                 0  0.512821  0.344354  0.568421  0.422874
794   ID00216637202257988213445     10  2658   70.653907   65    Male      Never smoked  train         NaN          NaN      10.0     2658        0.0     1       0          0             1                 0  0.410256  0.305163  0.294737  0.336180
795   ID00216637202257988213445     11  2289   60.845295   65    Male      Never smoked  train         NaN          NaN      10.0     2658        1.0     1       0          0             1                 0  0.410256  0.305163  0.300000  0.257249
796   ID00216637202257988213445     13  2157   57.336523   65    Male      Never smoked  train         NaN          NaN      10.0     2658        3.0     1       0          0             1                 0  0.410256  0.305163  0.310526  0.229013
797   ID00216637202257988213445     15  1997   53.083466   65    Male      Never smoked  train         NaN          NaN      10.0     2658        5.0     1       0          0             1                 0  0.410256  0.305163  0.321053  0.194788
798   ID00216637202257988213445     17  2110   56.087188   65    Male      Never smoked  train         NaN          NaN      10.0     2658        7.0     1       0          0             1                 0  0.410256  0.305163  0.331579  0.218959
799   ID00216637202257988213445     23  2195   58.346624   65    Male      Never smoked  train         NaN          NaN      10.0     2658       13.0     1       0          0             1                 0  0.410256  0.305163  0.363158  0.237141
800   ID00216637202257988213445     34  2424   64.433812   65    Male      Never smoked  train         NaN          NaN      10.0     2658       24.0     1       0          0             1                 0  0.410256  0.305163  0.421053  0.286126
801   ID00216637202257988213445     47  2081   55.316321   65    Male      Never smoked  train         NaN          NaN      10.0     2658       37.0     1       0          0             1                 0  0.410256  0.305163  0.489474  0.212756
802   ID00216637202257988213445     63  2105   55.954280   65    Male      Never smoked  train         NaN          NaN      10.0     2658       53.0     1       0          0             1                 0  0.410256  0.305163  0.573684  0.217890
803   ID00218637202258156844710     20  2439   78.942258   81    Male         Ex-smoker  train         NaN          NaN      20.0     2439        0.0     1       0          1             0                 0  0.820513  0.264487  0.294737  0.402877
804   ID00218637202258156844710     22  2550   82.534956   81    Male         Ex-smoker  train         NaN          NaN      20.0     2439        2.0     1       0          1             0                 0  0.820513  0.264487  0.305263  0.431788
805   ID00218637202258156844710     25  2590   83.829622   81    Male         Ex-smoker  train         NaN          NaN      20.0     2439        5.0     1       0          1             0                 0  0.820513  0.264487  0.321053  0.442207
806   ID00218637202258156844710     26  2564   82.988089   81    Male         Ex-smoker  train         NaN          NaN      20.0     2439        6.0     1       0          1             0                 0  0.820513  0.264487  0.326316  0.435435
807   ID00218637202258156844710     29  2582   83.570689   81    Male         Ex-smoker  train         NaN          NaN      20.0     2439        9.0     1       0          1             0                 0  0.820513  0.264487  0.342105  0.440123
808   ID00218637202258156844710     34  2527   81.790523   81    Male         Ex-smoker  train         NaN          NaN      20.0     2439       14.0     1       0          1             0                 0  0.820513  0.264487  0.368421  0.425798
809   ID00218637202258156844710     46  2888   93.474883   81    Male         Ex-smoker  train         NaN          NaN      20.0     2439       26.0     1       0          1             0                 0  0.820513  0.264487  0.431579  0.519823
810   ID00218637202258156844710     59  2802   90.691352   81    Male         Ex-smoker  train         NaN          NaN      20.0     2439       39.0     1       0          1             0                 0  0.820513  0.264487  0.500000  0.497424
811   ID00218637202258156844710     75  2600   84.153288   81    Male         Ex-smoker  train         NaN          NaN      20.0     2439       55.0     1       0          1             0                 0  0.820513  0.264487  0.584211  0.444811
812   ID00219637202258203123958      0  6399  153.012912   71    Male         Ex-smoker  train         NaN          NaN       0.0     6399        0.0     1       0          1             0                 0  0.564103  1.000000  0.294737  0.998934
813   ID00219637202258203123958      4  5678  135.772358   71    Male         Ex-smoker  train         NaN          NaN       0.0     6399        4.0     1       0          1             0                 0  0.564103  1.000000  0.315789  0.860197
814   ID00219637202258203123958      7  5910  141.319943   71    Male         Ex-smoker  train         NaN          NaN       0.0     6399        7.0     1       0          1             0                 0  0.564103  1.000000  0.331579  0.904839
815   ID00219637202258203123958      9  5739  137.230990   71    Male         Ex-smoker  train         NaN          NaN       0.0     6399        9.0     1       0          1             0                 0  0.564103  1.000000  0.342105  0.871935
816   ID00219637202258203123958     11  5763  137.804878   71    Male         Ex-smoker  train         NaN          NaN       0.0     6399       11.0     1       0          1             0                 0  0.564103  1.000000  0.352632  0.876553
817   ID00219637202258203123958     17  5844  139.741750   71    Male         Ex-smoker  train         NaN          NaN       0.0     6399       17.0     1       0          1             0                 0  0.564103  1.000000  0.384211  0.892139
818   ID00219637202258203123958     27  5613  134.218077   71    Male         Ex-smoker  train         NaN          NaN       0.0     6399       27.0     1       0          1             0                 0  0.564103  1.000000  0.436842  0.847689
819   ID00219637202258203123958     40  5895  140.961263   71    Male         Ex-smoker  train         NaN          NaN       0.0     6399       40.0     1       0          1             0                 0  0.564103  1.000000  0.505263  0.901953
820   ID00219637202258203123958     56  5768  137.924438   71    Male         Ex-smoker  train         NaN          NaN       0.0     6399       56.0     1       0          1             0                 0  0.564103  1.000000  0.589474  0.877515
821   ID00221637202258717315571     11  1401   75.016063   76  Female         Ex-smoker  train         NaN          NaN      11.0     1401        0.0     0       1          1             0                 0  0.692308  0.071694  0.294737  0.371283
822   ID00221637202258717315571     12  1416   75.819233   76  Female         Ex-smoker  train         NaN          NaN      11.0     1401        1.0     0       1          1             0                 0  0.692308  0.071694  0.300000  0.377746
823   ID00221637202258717315571     14  1424   76.247590   76  Female         Ex-smoker  train         NaN          NaN      11.0     1401        3.0     0       1          1             0                 0  0.692308  0.071694  0.310526  0.381193
824   ID00221637202258717315571     16  1377   73.730992   76  Female         Ex-smoker  train         NaN          NaN      11.0     1401        5.0     0       1          1             0                 0  0.692308  0.071694  0.321053  0.360942
825   ID00221637202258717315571     18  1450   77.639752   76  Female         Ex-smoker  train         NaN          NaN      11.0     1401        7.0     0       1          1             0                 0  0.692308  0.071694  0.331579  0.392396
826   ID00221637202258717315571     24  1529   81.869779   76  Female         Ex-smoker  train         NaN          NaN      11.0     1401       13.0     0       1          1             0                 0  0.692308  0.071694  0.363158  0.426436
827   ID00221637202258717315571     36  1456   77.961019   76  Female         Ex-smoker  train         NaN          NaN      11.0     1401       25.0     0       1          1             0                 0  0.692308  0.071694  0.426316  0.394981
828   ID00221637202258717315571     48  1391   74.480617   76  Female         Ex-smoker  train         NaN          NaN      11.0     1401       37.0     0       1          1             0                 0  0.692308  0.071694  0.489474  0.366974
829   ID00221637202258717315571     64  1285   68.804883   76  Female         Ex-smoker  train         NaN          NaN      11.0     1401       53.0     0       1          1             0                 0  0.692308  0.071694  0.573684  0.321300
830   ID00222637202259066229764     -1  2644   62.832700   70    Male         Ex-smoker  train         NaN          NaN      -1.0     2644        0.0     1       0          1             0                 0  0.538462  0.302563  0.294737  0.273242
831   ID00222637202259066229764      5  2345   55.727186   70    Male         Ex-smoker  train         NaN          NaN      -1.0     2644        6.0     1       0          1             0                 0  0.538462  0.302563  0.326316  0.216062
832   ID00222637202259066229764      7  2492   59.220532   70    Male         Ex-smoker  train         NaN          NaN      -1.0     2644        8.0     1       0          1             0                 0  0.538462  0.302563  0.336842  0.244174
833   ID00222637202259066229764      9  2540   60.361217   70    Male         Ex-smoker  train         NaN          NaN      -1.0     2644       10.0     1       0          1             0                 0  0.538462  0.302563  0.347368  0.253353
834   ID00222637202259066229764     11  2549   60.575095   70    Male         Ex-smoker  train         NaN          NaN      -1.0     2644       12.0     1       0          1             0                 0  0.538462  0.302563  0.357895  0.255074
835   ID00222637202259066229764     16  2579   61.288023   70    Male         Ex-smoker  train         NaN          NaN      -1.0     2644       17.0     1       0          1             0                 0  0.538462  0.302563  0.384211  0.260811
836   ID00222637202259066229764     29  2371   56.345057   70    Male         Ex-smoker  train         NaN          NaN      -1.0     2644       30.0     1       0          1             0                 0  0.538462  0.302563  0.452632  0.221035
837   ID00222637202259066229764     41  2384   56.653992   70    Male         Ex-smoker  train         NaN          NaN      -1.0     2644       42.0     1       0          1             0                 0  0.538462  0.302563  0.515789  0.223521
838   ID00222637202259066229764     57  2316   55.038023   70    Male         Ex-smoker  train         NaN          NaN      -1.0     2644       58.0     1       0          1             0                 0  0.538462  0.302563  0.600000  0.210517
839   ID00224637202259281193413      0  2992   64.008215   72    Male      Never smoked  train         NaN          NaN       0.0     2992        0.0     1       0          0             1                 0  0.589744  0.367199  0.294737  0.282701
840   ID00224637202259281193413      3  2637   56.413657   72    Male      Never smoked  train         NaN          NaN       0.0     2992        3.0     1       0          0             1                 0  0.589744  0.367199  0.310526  0.221587
841   ID00224637202259281193413      5  2643   56.542016   72    Male      Never smoked  train         NaN          NaN       0.0     2992        5.0     1       0          0             1                 0  0.589744  0.367199  0.321053  0.222620
842   ID00224637202259281193413      7  2705   57.868390   72    Male      Never smoked  train         NaN          NaN       0.0     2992        7.0     1       0          0             1                 0  0.589744  0.367199  0.331579  0.233293
843   ID00224637202259281193413      9  2679   57.312168   72    Male      Never smoked  train         NaN          NaN       0.0     2992        9.0     1       0          0             1                 0  0.589744  0.367199  0.342105  0.228817
844   ID00224637202259281193413     15  2388   51.086770   72    Male      Never smoked  train         NaN          NaN       0.0     2992       15.0     1       0          0             1                 0  0.589744  0.367199  0.373684  0.178720
845   ID00224637202259281193413     27  2722   58.232073   72    Male      Never smoked  train         NaN          NaN       0.0     2992       27.0     1       0          0             1                 0  0.589744  0.367199  0.436842  0.236220
846   ID00224637202259281193413     39  2656   56.820127   72    Male      Never smoked  train         NaN          NaN       0.0     2992       39.0     1       0          0             1                 0  0.589744  0.367199  0.500000  0.224858
847   ID00224637202259281193413     55  2812   60.157453   72    Male      Never smoked  train         NaN          NaN       0.0     2992       55.0     1       0          0             1                 0  0.589744  0.367199  0.584211  0.251713
848   ID00225637202259339837603     13  1583   80.172195   77  Female      Never smoked  train         NaN          NaN      13.0     1583        0.0     0       1          0             1                 0  0.717949  0.105498  0.294737  0.412775
849   ID00225637202259339837603     17  1001   50.696379   77  Female      Never smoked  train         NaN          NaN      13.0     1583        4.0     0       1          0             1                 0  0.717949  0.105498  0.315789  0.175579
850   ID00225637202259339837603     19   997   50.493796   77  Female      Never smoked  train         NaN          NaN      13.0     1583        6.0     0       1          0             1                 0  0.717949  0.105498  0.326316  0.173949
851   ID00225637202259339837603     21  1031   52.215751   77  Female      Never smoked  train         NaN          NaN      13.0     1583        8.0     0       1          0             1                 0  0.717949  0.105498  0.336842  0.187805
852   ID00225637202259339837603     23   969   49.075715   77  Female      Never smoked  train         NaN          NaN      13.0     1583       10.0     0       1          0             1                 0  0.717949  0.105498  0.347368  0.162537
853   ID00225637202259339837603     29   974   49.328944   77  Female      Never smoked  train         NaN          NaN      13.0     1583       16.0     0       1          0             1                 0  0.717949  0.105498  0.378947  0.164575
854   ID00225637202259339837603     54   827   41.884021   77  Female      Never smoked  train         NaN          NaN      13.0     1583       41.0     0       1          0             1                 0  0.717949  0.105498  0.510526  0.104665
855   ID00225637202259339837603     69   828   41.934667   77  Female      Never smoked  train         NaN          NaN      13.0     1583       56.0     0       1          0             1                 0  0.717949  0.105498  0.589474  0.105072
856   ID00228637202259965313869     14  1885   85.576792   58  Female         Ex-smoker  train         NaN          NaN      14.0     1885        0.0     0       1          1             0                 0  0.230769  0.161590  0.294737  0.456266
857   ID00228637202259965313869     15  1905   86.484769   58  Female         Ex-smoker  train         NaN          NaN      14.0     1885        1.0     0       1          1             0                 0  0.230769  0.161590  0.300000  0.463573
858   ID00228637202259965313869     18  1905   86.484769   58  Female         Ex-smoker  train         NaN          NaN      14.0     1885        4.0     0       1          1             0                 0  0.230769  0.161590  0.315789  0.463573
859   ID00228637202259965313869     19  1972   89.526490   58  Female         Ex-smoker  train         NaN          NaN      14.0     1885        5.0     0       1          1             0                 0  0.230769  0.161590  0.321053  0.488050
860   ID00228637202259965313869     21  1851   84.033232   58  Female         Ex-smoker  train         NaN          NaN      14.0     1885        7.0     0       1          1             0                 0  0.230769  0.161590  0.331579  0.443845
861   ID00228637202259965313869     27  1693   76.860217   58  Female         Ex-smoker  train         NaN          NaN      14.0     1885       13.0     0       1          1             0                 0  0.230769  0.161590  0.363158  0.386123
862   ID00228637202259965313869     40  1833   83.216053   58  Female         Ex-smoker  train         NaN          NaN      14.0     1885       26.0     0       1          1             0                 0  0.230769  0.161590  0.431579  0.437269
863   ID00228637202259965313869     50  1657   75.225859   58  Female         Ex-smoker  train         NaN          NaN      14.0     1885       36.0     0       1          1             0                 0  0.230769  0.161590  0.484211  0.372971
864   ID00228637202259965313869     67  1662   75.452853   58  Female         Ex-smoker  train         NaN          NaN      14.0     1885       53.0     0       1          1             0                 0  0.230769  0.161590  0.573684  0.374798
865   ID00229637202260254240583     23  3518   78.702461   71    Male         Ex-smoker  train         NaN          NaN      23.0     3518        0.0     1       0          1             0                 0  0.564103  0.464896  0.294737  0.400948
866   ID00229637202260254240583     26  3531   78.993289   71    Male         Ex-smoker  train         NaN          NaN      23.0     3518        3.0     1       0          1             0                 0  0.564103  0.464896  0.310526  0.403288
867   ID00229637202260254240583     28  3402   76.107383   71    Male         Ex-smoker  train         NaN          NaN      23.0     3518        5.0     1       0          1             0                 0  0.564103  0.464896  0.321053  0.380065
868   ID00229637202260254240583     30  3539   79.172260   71    Male         Ex-smoker  train         NaN          NaN      23.0     3518        7.0     1       0          1             0                 0  0.564103  0.464896  0.331579  0.404728
869   ID00229637202260254240583     32  3649   81.633110   71    Male         Ex-smoker  train         NaN          NaN      23.0     3518        9.0     1       0          1             0                 0  0.564103  0.464896  0.342105  0.424531
870   ID00229637202260254240583     38  3603   80.604027   71    Male         Ex-smoker  train         NaN          NaN      23.0     3518       15.0     1       0          1             0                 0  0.564103  0.464896  0.373684  0.416250
871   ID00229637202260254240583     49  3489   78.053691   71    Male         Ex-smoker  train         NaN          NaN      23.0     3518       26.0     1       0          1             0                 0  0.564103  0.464896  0.431579  0.395727
872   ID00229637202260254240583     62  3410   76.286353   71    Male         Ex-smoker  train         NaN          NaN      23.0     3518       39.0     1       0          1             0                 0  0.564103  0.464896  0.500000  0.381505
873   ID00229637202260254240583     78  3355   75.055928   71    Male         Ex-smoker  train         NaN          NaN      23.0     3518       55.0     1       0          1             0                 0  0.564103  0.464896  0.584211  0.371604
874   ID00229637202260254240583     82  3342   74.765101   71    Male         Ex-smoker  train         NaN          NaN      23.0     3518       59.0     1       0          1             0                 0  0.564103  0.464896  0.605263  0.369263
875   ID00232637202260377586117      9  1909  115.431128   74  Female      Never smoked  train         NaN          NaN       9.0     1909        0.0     0       1          0             1                 0  0.641026  0.166048  0.294737  0.696508
876   ID00232637202260377586117     11  1977  119.542871   74  Female      Never smoked  train         NaN          NaN       9.0     1909        2.0     0       1          0             1                 0  0.641026  0.166048  0.305263  0.729596
877   ID00232637202260377586117     13  2095  126.677954   74  Female      Never smoked  train         NaN          NaN       9.0     1909        4.0     0       1          0             1                 0  0.641026  0.166048  0.315789  0.787013
878   ID00232637202260377586117     15  1841  111.319386   74  Female      Never smoked  train         NaN          NaN       9.0     1909        6.0     0       1          0             1                 0  0.641026  0.166048  0.326316  0.663421
879   ID00232637202260377586117     17  1803  109.021647   74  Female      Never smoked  train         NaN          NaN       9.0     1909        8.0     0       1          0             1                 0  0.641026  0.166048  0.336842  0.644930
880   ID00232637202260377586117     23  1732  104.728504   74  Female      Never smoked  train         NaN          NaN       9.0     1909       14.0     0       1          0             1                 0  0.641026  0.166048  0.368421  0.610383
881   ID00232637202260377586117     35  2095  126.677954   74  Female      Never smoked  train         NaN          NaN       9.0     1909       26.0     0       1          0             1                 0  0.641026  0.166048  0.431579  0.787013
882   ID00232637202260377586117     47  1813  109.626315   74  Female      Never smoked  train         NaN          NaN       9.0     1909       38.0     0       1          0             1                 0  0.641026  0.166048  0.494737  0.649796
883   ID00232637202260377586117     63  1845  111.561253   74  Female      Never smoked  train         NaN          NaN       9.0     1909       54.0     0       1          0             1                 0  0.641026  0.166048  0.578947  0.665367
884   ID00233637202260580149633     -3  3829  100.784376   68    Male         Ex-smoker  train         NaN          NaN      -3.0     3829        0.0     1       0          1             0                 0  0.487179  0.522660  0.294737  0.578644
885   ID00233637202260580149633      2  3467   91.256054   68    Male         Ex-smoker  train         NaN          NaN      -3.0     3829        5.0     1       0          1             0                 0  0.487179  0.522660  0.321053  0.501968
886   ID00233637202260580149633      4  3564   93.809223   68    Male         Ex-smoker  train         NaN          NaN      -3.0     3829        7.0     1       0          1             0                 0  0.487179  0.522660  0.331579  0.522514
887   ID00233637202260580149633      6  3574   94.072436   68    Male         Ex-smoker  train         NaN          NaN      -3.0     3829        9.0     1       0          1             0                 0  0.487179  0.522660  0.342105  0.524632
888   ID00233637202260580149633      9  3609   94.993683   68    Male         Ex-smoker  train         NaN          NaN      -3.0     3829       12.0     1       0          1             0                 0  0.487179  0.522660  0.357895  0.532045
889   ID00233637202260580149633     14  3685   96.994104   68    Male         Ex-smoker  train         NaN          NaN      -3.0     3829       17.0     1       0          1             0                 0  0.487179  0.522660  0.384211  0.548143
890   ID00233637202260580149633     27  3429   90.255843   68    Male         Ex-smoker  train         NaN          NaN      -3.0     3829       30.0     1       0          1             0                 0  0.487179  0.522660  0.452632  0.493919
891   ID00233637202260580149633     39  3252   85.596968   68    Male         Ex-smoker  train         NaN          NaN      -3.0     3829       42.0     1       0          1             0                 0  0.487179  0.522660  0.515789  0.456429
892   ID00233637202260580149633     54  3580   94.230364   68    Male         Ex-smoker  train         NaN          NaN      -3.0     3829       57.0     1       0          1             0                 0  0.487179  0.522660  0.594737  0.525903
893   ID00234637202261078001846      3  2080   57.445868   66    Male         Ex-smoker  train         NaN          NaN       3.0     2080        0.0     1       0          1             0                 0  0.435897  0.197808  0.294737  0.229893
894   ID00234637202261078001846      4  2022   55.844012   66    Male         Ex-smoker  train         NaN          NaN       3.0     2080        1.0     1       0          1             0                 0  0.435897  0.197808  0.300000  0.217003
895   ID00234637202261078001846      6  1769   48.856606   66    Male         Ex-smoker  train         NaN          NaN       3.0     2080        3.0     1       0          1             0                 0  0.435897  0.197808  0.310526  0.160774
896   ID00234637202261078001846      8  2002   55.291648   66    Male         Ex-smoker  train         NaN          NaN       3.0     2080        5.0     1       0          1             0                 0  0.435897  0.197808  0.321053  0.212558
897   ID00234637202261078001846     10  1756   48.497570   66    Male         Ex-smoker  train         NaN          NaN       3.0     2080        7.0     1       0          1             0                 0  0.435897  0.197808  0.331579  0.157885
898   ID00234637202261078001846     16  2008   55.457357   66    Male         Ex-smoker  train         NaN          NaN       3.0     2080       13.0     1       0          1             0                 0  0.435897  0.197808  0.363158  0.213891
899   ID00234637202261078001846     29  1848   51.038445   66    Male         Ex-smoker  train         NaN          NaN       3.0     2080       26.0     1       0          1             0                 0  0.435897  0.197808  0.431579  0.178332
900   ID00234637202261078001846     41  1897   52.391737   66    Male         Ex-smoker  train         NaN          NaN       3.0     2080       38.0     1       0          1             0                 0  0.435897  0.197808  0.494737  0.189222
901   ID00235637202261451839085     34  2061   53.879536   67    Male         Ex-smoker  train         NaN          NaN      34.0     2061        0.0     1       0          1             0                 0  0.461538  0.194279  0.294737  0.201194
902   ID00235637202261451839085     35  2129   55.657221   67    Male         Ex-smoker  train         NaN          NaN      34.0     2061        1.0     1       0          1             0                 0  0.461538  0.194279  0.300000  0.215499
903   ID00235637202261451839085     37  2095   54.768378   67    Male         Ex-smoker  train         NaN          NaN      34.0     2061        3.0     1       0          1             0                 0  0.461538  0.194279  0.310526  0.208347
904   ID00235637202261451839085     40  2142   55.997072   67    Male         Ex-smoker  train         NaN          NaN      34.0     2061        6.0     1       0          1             0                 0  0.461538  0.194279  0.326316  0.218234
905   ID00235637202261451839085     42  2120   55.421939   67    Male         Ex-smoker  train         NaN          NaN      34.0     2061        8.0     1       0          1             0                 0  0.461538  0.194279  0.336842  0.213606
906   ID00235637202261451839085     47  2185   57.121196   67    Male         Ex-smoker  train         NaN          NaN      34.0     2061       13.0     1       0          1             0                 0  0.461538  0.194279  0.363158  0.227280
907   ID00235637202261451839085     59  2124   55.526508   67    Male         Ex-smoker  train         NaN          NaN      34.0     2061       25.0     1       0          1             0                 0  0.461538  0.194279  0.426316  0.214448
908   ID00235637202261451839085     71  2179   56.964342   67    Male         Ex-smoker  train         NaN          NaN      34.0     2061       37.0     1       0          1             0                 0  0.461538  0.194279  0.489474  0.226018
909   ID00235637202261451839085     88  2257   59.003451   67    Male         Ex-smoker  train         NaN          NaN      34.0     2061       54.0     1       0          1             0                 0  0.461538  0.194279  0.578947  0.242427
910   ID00240637202264138860065      8  2872   75.301521   63    Male         Ex-smoker  train         NaN          NaN       8.0     2872        0.0     1       0          1             0                 0  0.358974  0.344911  0.294737  0.373580
911   ID00240637202264138860065      9  2807   73.597273   63    Male         Ex-smoker  train         NaN          NaN       8.0     2872        1.0     1       0          1             0                 0  0.358974  0.344911  0.300000  0.359866
912   ID00240637202264138860065     12  2779   72.863136   63    Male         Ex-smoker  train         NaN          NaN       8.0     2872        4.0     1       0          1             0                 0  0.358974  0.344911  0.315789  0.353958
913   ID00240637202264138860065     18  2713   71.132669   63    Male         Ex-smoker  train         NaN          NaN       8.0     2872       10.0     1       0          1             0                 0  0.358974  0.344911  0.347368  0.340033
914   ID00240637202264138860065     30  2503   65.626639   63    Male         Ex-smoker  train         NaN          NaN       8.0     2872       22.0     1       0          1             0                 0  0.358974  0.344911  0.410526  0.295725
915   ID00240637202264138860065     41  2762   72.417410   63    Male         Ex-smoker  train         NaN          NaN       8.0     2872       33.0     1       0          1             0                 0  0.358974  0.344911  0.468421  0.350371
916   ID00240637202264138860065     57  2782   72.941793   63    Male         Ex-smoker  train         NaN          NaN       8.0     2872       49.0     1       0          1             0                 0  0.358974  0.344911  0.552632  0.354591
917   ID00241637202264294508775      2  1399   78.896910   66  Female      Never smoked  train         NaN          NaN       2.0     1399        0.0     0       1          0             1                 0  0.435897  0.071322  0.294737  0.402512
918   ID00241637202264294508775      4  1365   76.979472   66  Female      Never smoked  train         NaN          NaN       2.0     1399        2.0     0       1          0             1                 0  0.435897  0.071322  0.305263  0.387083
919   ID00241637202264294508775      6  1349   76.077149   66  Female      Never smoked  train         NaN          NaN       2.0     1399        4.0     0       1          0             1                 0  0.435897  0.071322  0.315789  0.379821
920   ID00241637202264294508775      8  1373   77.430634   66  Female      Never smoked  train         NaN          NaN       2.0     1399        6.0     0       1          0             1                 0  0.435897  0.071322  0.326316  0.390713
921   ID00241637202264294508775     10  1331   75.062035   66  Female      Never smoked  train         NaN          NaN       2.0     1399        8.0     0       1          0             1                 0  0.435897  0.071322  0.336842  0.371653
922   ID00241637202264294508775     16  1344   75.795173   66  Female      Never smoked  train         NaN          NaN       2.0     1399       14.0     0       1          0             1                 0  0.435897  0.071322  0.368421  0.377552
923   ID00241637202264294508775     28  1313   74.046921   66  Female      Never smoked  train         NaN          NaN       2.0     1399       26.0     0       1          0             1                 0  0.435897  0.071322  0.431579  0.363484
924   ID00241637202264294508775     40  1290   72.749831   66  Female      Never smoked  train         NaN          NaN       2.0     1399       38.0     0       1          0             1                 0  0.435897  0.071322  0.494737  0.353046
925   ID00241637202264294508775     56  1188   66.997519   66  Female      Never smoked  train         NaN          NaN       2.0     1399       54.0     0       1          0             1                 0  0.435897  0.071322  0.578947  0.306756
926   ID00242637202264759739921      4  1853   54.744741   64    Male         Ex-smoker  train         NaN          NaN       4.0     1853        0.0     1       0          1             0                 0  0.384615  0.155646  0.294737  0.208157
927   ID00242637202264759739921      5  1715   50.667691   64    Male         Ex-smoker  train         NaN          NaN       4.0     1853        1.0     1       0          1             0                 0  0.384615  0.155646  0.300000  0.175348
928   ID00242637202264759739921      7  1825   53.917514   64    Male         Ex-smoker  train         NaN          NaN       4.0     1853        3.0     1       0          1             0                 0  0.384615  0.155646  0.310526  0.201500
929   ID00242637202264759739921      9  1918   56.665091   64    Male         Ex-smoker  train         NaN          NaN       4.0     1853        5.0     1       0          1             0                 0  0.384615  0.155646  0.321053  0.223610
930   ID00242637202264759739921     10  1785   52.735760   64    Male         Ex-smoker  train         NaN          NaN       4.0     1853        6.0     1       0          1             0                 0  0.384615  0.155646  0.326316  0.191990
931   ID00242637202264759739921     17  1843   54.449303   64    Male         Ex-smoker  train         NaN          NaN       4.0     1853       13.0     1       0          1             0                 0  0.384615  0.155646  0.363158  0.205779
932   ID00242637202264759739921     28  1631   48.186008   64    Male         Ex-smoker  train         NaN          NaN       4.0     1853       24.0     1       0          1             0                 0  0.384615  0.155646  0.421053  0.155378
933   ID00242637202264759739921     41  1644   48.570078   64    Male         Ex-smoker  train         NaN          NaN       4.0     1853       37.0     1       0          1             0                 0  0.384615  0.155646  0.489474  0.158468
934   ID00242637202264759739921     58  1761   52.026708   64    Male         Ex-smoker  train         NaN          NaN       4.0     1853       54.0     1       0          1             0                 0  0.384615  0.155646  0.578947  0.186284
935   ID00248637202266698862378     14  1272   79.554694   71  Female      Never smoked  train         NaN          NaN      14.0     1272        0.0     0       1          0             1                 0  0.564103  0.047734  0.294737  0.407806
936   ID00248637202266698862378     15  1481   92.626180   71  Female      Never smoked  train         NaN          NaN      14.0     1272        1.0     0       1          0             1                 0  0.564103  0.047734  0.300000  0.512994
937   ID00248637202266698862378     17  1316   82.306586   71  Female      Never smoked  train         NaN          NaN      14.0     1272        3.0     0       1          0             1                 0  0.564103  0.047734  0.310526  0.429951
938   ID00248637202266698862378     19  1334   83.432360   71  Female      Never smoked  train         NaN          NaN      14.0     1272        5.0     0       1          0             1                 0  0.564103  0.047734  0.321053  0.439010
939   ID00248637202266698862378     20  1384   86.559510   71  Female      Never smoked  train         NaN          NaN      14.0     1272        6.0     0       1          0             1                 0  0.564103  0.047734  0.326316  0.464174
940   ID00248637202266698862378     27  1384   86.559510   71  Female      Never smoked  train         NaN          NaN      14.0     1272       13.0     0       1          0             1                 0  0.564103  0.047734  0.363158  0.464174
941   ID00248637202266698862378     38  1266   79.179436   71  Female      Never smoked  train         NaN          NaN      14.0     1272       24.0     0       1          0             1                 0  0.564103  0.047734  0.421053  0.404786
942   ID00248637202266698862378     51  1424   89.061230   71  Female      Never smoked  train         NaN          NaN      14.0     1272       37.0     0       1          0             1                 0  0.564103  0.047734  0.489474  0.484306
943   ID00248637202266698862378     67  1441   90.124461   71  Female      Never smoked  train         NaN          NaN      14.0     1272       53.0     0       1          0             1                 0  0.564103  0.047734  0.573684  0.492862
944   ID00249637202266730854017     34  3255   92.073999   56    Male         Ex-smoker  train         NaN          NaN      34.0     3255        0.0     1       0          1             0                 0  0.179487  0.416048  0.294737  0.508550
945   ID00249637202266730854017     40  3246   91.819416   56    Male         Ex-smoker  train         NaN          NaN      34.0     3255        6.0     1       0          1             0                 0  0.179487  0.416048  0.326316  0.506502
946   ID00249637202266730854017     42  3243   91.734555   56    Male         Ex-smoker  train         NaN          NaN      34.0     3255        8.0     1       0          1             0                 0  0.179487  0.416048  0.336842  0.505819
947   ID00249637202266730854017     46  3175   89.811043   56    Male         Ex-smoker  train         NaN          NaN      34.0     3255       12.0     1       0          1             0                 0  0.179487  0.416048  0.357895  0.490340
948   ID00249637202266730854017     52  3102   87.746096   56    Male         Ex-smoker  train         NaN          NaN      34.0     3255       18.0     1       0          1             0                 0  0.179487  0.416048  0.389474  0.473723
949   ID00249637202266730854017     67  2334   66.021724   56    Male         Ex-smoker  train         NaN          NaN      34.0     3255       33.0     1       0          1             0                 0  0.179487  0.416048  0.468421  0.298904
950   ID00249637202266730854017     76  2139   60.505771   56    Male         Ex-smoker  train         NaN          NaN      34.0     3255       42.0     1       0          1             0                 0  0.179487  0.416048  0.515789  0.254516
951   ID00249637202266730854017     92  2161   61.128083   56    Male         Ex-smoker  train         NaN          NaN      34.0     3255       58.0     1       0          1             0                 0  0.179487  0.416048  0.600000  0.259524
952   ID00251637202267455595113     21  2075   62.185327   88    Male         Ex-smoker  train         NaN          NaN      21.0     2075        0.0     1       0          1             0                 0  1.000000  0.196880  0.294737  0.268032
953   ID00251637202267455595113     30  2100   62.934548   88    Male         Ex-smoker  train         NaN          NaN      21.0     2075        9.0     1       0          1             0                 0  1.000000  0.196880  0.342105  0.274061
954   ID00251637202267455595113     32  2065   61.885639   88    Male         Ex-smoker  train         NaN          NaN      21.0     2075       11.0     1       0          1             0                 0  1.000000  0.196880  0.352632  0.265620
955   ID00251637202267455595113     34  2065   61.885639   88    Male         Ex-smoker  train         NaN          NaN      21.0     2075       13.0     1       0          1             0                 0  1.000000  0.196880  0.363158  0.265620
956   ID00251637202267455595113     37  1937   58.049628   88    Male         Ex-smoker  train         NaN          NaN      21.0     2075       16.0     1       0          1             0                 0  1.000000  0.196880  0.378947  0.234751
957   ID00251637202267455595113     43  2039   61.106449   88    Male         Ex-smoker  train         NaN          NaN      21.0     2075       22.0     1       0          1             0                 0  1.000000  0.196880  0.410526  0.259350
958   ID00251637202267455595113     55  2026   60.716854   88    Male         Ex-smoker  train         NaN          NaN      21.0     2075       34.0     1       0          1             0                 0  1.000000  0.196880  0.473684  0.256215
959   ID00251637202267455595113     67  1715   51.396548   88    Male         Ex-smoker  train         NaN          NaN      21.0     2075       46.0     1       0          1             0                 0  1.000000  0.196880  0.536842  0.181213
960   ID00251637202267455595113     83  1808   54.183649   88    Male         Ex-smoker  train         NaN          NaN      21.0     2075       62.0     1       0          1             0                 0  1.000000  0.196880  0.621053  0.203641
961   ID00255637202267923028520      1  1563   64.887081   62  Female      Never smoked  train         NaN          NaN       1.0     1563        0.0     0       1          0             1                 0  0.333333  0.101783  0.294737  0.289773
962   ID00255637202267923028520      3  1584   65.758884   62  Female      Never smoked  train         NaN          NaN       1.0     1563        2.0     0       1          0             1                 0  0.333333  0.101783  0.305263  0.296789
963   ID00255637202267923028520      5  1647   68.374294   62  Female      Never smoked  train         NaN          NaN       1.0     1563        4.0     0       1          0             1                 0  0.333333  0.101783  0.315789  0.317835
964   ID00255637202267923028520      7  1498   62.188642   62  Female      Never smoked  train         NaN          NaN       1.0     1563        6.0     0       1          0             1                 0  0.333333  0.101783  0.326316  0.268059
965   ID00255637202267923028520     15  1487   61.731983   62  Female      Never smoked  train         NaN          NaN       1.0     1563       14.0     0       1          0             1                 0  0.333333  0.101783  0.368421  0.264384
966   ID00255637202267923028520     29  1317   54.674527   62  Female      Never smoked  train         NaN          NaN       1.0     1563       28.0     0       1          0             1                 0  0.333333  0.101783  0.442105  0.207592
967   ID00255637202267923028520     41  1315   54.591498   62  Female      Never smoked  train         NaN          NaN       1.0     1563       40.0     0       1          0             1                 0  0.333333  0.101783  0.505263  0.206923
968   ID00255637202267923028520     55  1607   66.713716   62  Female      Never smoked  train         NaN          NaN       1.0     1563       54.0     0       1          0             1                 0  0.333333  0.101783  0.578947  0.304473
969   ID00264637202270643353440     13  1938  114.647421   76  Female      Never smoked  train         NaN          NaN      13.0     1938        0.0     0       1          0             1                 0  0.692308  0.171434  0.294737  0.690202
970   ID00264637202270643353440     14  1967  116.362991   76  Female      Never smoked  train         NaN          NaN      13.0     1938        1.0     0       1          0             1                 0  0.692308  0.171434  0.300000  0.704007
971   ID00264637202270643353440     16  2018  119.380028   76  Female      Never smoked  train         NaN          NaN      13.0     1938        3.0     0       1          0             1                 0  0.692308  0.171434  0.310526  0.728286
972   ID00264637202270643353440     19  2239  132.453857   76  Female      Never smoked  train         NaN          NaN      13.0     1938        6.0     0       1          0             1                 0  0.692308  0.171434  0.326316  0.833493
973   ID00264637202270643353440     20  2064  122.101278   76  Female      Never smoked  train         NaN          NaN      13.0     1938        7.0     0       1          0             1                 0  0.692308  0.171434  0.331579  0.750184
974   ID00264637202270643353440     26  1931  114.233318   76  Female      Never smoked  train         NaN          NaN      13.0     1938       13.0     0       1          0             1                 0  0.692308  0.171434  0.363158  0.686869
975   ID00264637202270643353440     39  2044  120.918126   76  Female      Never smoked  train         NaN          NaN      13.0     1938       26.0     0       1          0             1                 0  0.692308  0.171434  0.431579  0.740663
976   ID00264637202270643353440     51  2021  119.557501   76  Female      Never smoked  train         NaN          NaN      13.0     1938       38.0     0       1          0             1                 0  0.692308  0.171434  0.494737  0.729714
977   ID00267637202270790561585      3  1015   50.158134   70  Female      Never smoked  train         NaN          NaN       3.0     1015        0.0     0       1          0             1                 0  0.538462  0.000000  0.294737  0.171248
978   ID00267637202270790561585      5  1065   52.628978   70  Female      Never smoked  train         NaN          NaN       3.0     1015        2.0     0       1          0             1                 0  0.538462  0.000000  0.305263  0.191131
979   ID00267637202270790561585      8  1019   50.355802   70  Female      Never smoked  train         NaN          NaN       3.0     1015        5.0     0       1          0             1                 0  0.538462  0.000000  0.321053  0.172838
980   ID00267637202270790561585     10  1031   50.948804   70  Female      Never smoked  train         NaN          NaN       3.0     1015        7.0     0       1          0             1                 0  0.538462  0.000000  0.331579  0.177610
981   ID00267637202270790561585     12   935   46.204784   70  Female      Never smoked  train         NaN          NaN       3.0     1015        9.0     0       1          0             1                 0  0.538462  0.000000  0.342105  0.139434
982   ID00267637202270790561585     31   865   42.745602   70  Female      Never smoked  train         NaN          NaN       3.0     1015       28.0     0       1          0             1                 0  0.538462  0.000000  0.442105  0.111598
983   ID00273637202271319294586      4  3020   79.961872   60    Male         Ex-smoker  train         NaN          NaN       4.0     3020        0.0     1       0          1             0                 0  0.282051  0.372400  0.294737  0.411082
984   ID00273637202271319294586      8  2860   75.725482   60    Male         Ex-smoker  train         NaN          NaN       4.0     3020        4.0     1       0          1             0                 0  0.282051  0.372400  0.315789  0.376992
985   ID00273637202271319294586     10  2847   75.381275   60    Male         Ex-smoker  train         NaN          NaN       4.0     3020        6.0     1       0          1             0                 0  0.282051  0.372400  0.326316  0.374222
986   ID00273637202271319294586     12  2708   71.700911   60    Male         Ex-smoker  train         NaN          NaN       4.0     3020        8.0     1       0          1             0                 0  0.282051  0.372400  0.336842  0.344605
987   ID00273637202271319294586     14  2797   74.057403   60    Male         Ex-smoker  train         NaN          NaN       4.0     3020       10.0     1       0          1             0                 0  0.282051  0.372400  0.347368  0.363568
988   ID00273637202271319294586     20  2845   75.328320   60    Male         Ex-smoker  train         NaN          NaN       4.0     3020       16.0     1       0          1             0                 0  0.282051  0.372400  0.378947  0.373795
989   ID00273637202271319294586     32  2911   77.075831   60    Male         Ex-smoker  train         NaN          NaN       4.0     3020       28.0     1       0          1             0                 0  0.282051  0.372400  0.442105  0.387858
990   ID00273637202271319294586     44  2886   76.413895   60    Male         Ex-smoker  train         NaN          NaN       4.0     3020       40.0     1       0          1             0                 0  0.282051  0.372400  0.505263  0.382531
991   ID00273637202271319294586     60  2962   78.426181   60    Male         Ex-smoker  train         NaN          NaN       4.0     3020       56.0     1       0          1             0                 0  0.282051  0.372400  0.589474  0.398724
992   ID00275637202271440119890     48  2080   82.680765   62  Female      Never smoked  train         NaN          NaN      48.0     2080        0.0     0       1          0             1                 0  0.333333  0.197808  0.294737  0.432962
993   ID00275637202271440119890     50  1903   75.644950   62  Female      Never smoked  train         NaN          NaN      48.0     2080        2.0     0       1          0             1                 0  0.333333  0.197808  0.305263  0.376343
994   ID00275637202271440119890     52  2133   84.787534   62  Female      Never smoked  train         NaN          NaN      48.0     2080        4.0     0       1          0             1                 0  0.333333  0.197808  0.315789  0.449915
995   ID00275637202271440119890     54  2167   86.139047   62  Female      Never smoked  train         NaN          NaN      48.0     2080        6.0     0       1          0             1                 0  0.333333  0.197808  0.326316  0.460791
996   ID00275637202271440119890     56  2044   81.249752   62  Female      Never smoked  train         NaN          NaN      48.0     2080        8.0     0       1          0             1                 0  0.333333  0.197808  0.336842  0.421446
997   ID00275637202271440119890     62  1989   79.063481   62  Female      Never smoked  train         NaN          NaN      48.0     2080       14.0     0       1          0             1                 0  0.333333  0.197808  0.368421  0.403853
998   ID00275637202271440119890     74  1965   78.109473   62  Female      Never smoked  train         NaN          NaN      48.0     2080       26.0     0       1          0             1                 0  0.333333  0.197808  0.431579  0.396176
999   ID00275637202271440119890     86  1481   58.870295   62  Female      Never smoked  train         NaN          NaN      48.0     2080       38.0     0       1          0             1                 0  0.333333  0.197808  0.494737  0.241356
1000  ID00275637202271440119890    102  1648   65.508606   62  Female      Never smoked  train         NaN          NaN      48.0     2080       54.0     0       1          0             1                 0  0.333333  0.197808  0.578947  0.294775
1001  ID00276637202271694539978      6  3107   87.147986   77    Male         Ex-smoker  train         NaN          NaN       6.0     3107        0.0     1       0          1             0                 0  0.717949  0.388559  0.294737  0.468910
1002  ID00276637202271694539978      7  2879   80.752833   77    Male         Ex-smoker  train         NaN          NaN       6.0     3107        1.0     1       0          1             0                 0  0.717949  0.388559  0.300000  0.417447
1003  ID00276637202271694539978      9  2828   79.322338   77    Male         Ex-smoker  train         NaN          NaN       6.0     3107        3.0     1       0          1             0                 0  0.717949  0.388559  0.310526  0.405936
1004  ID00276637202271694539978     11  2908   81.566252   77    Male         Ex-smoker  train         NaN          NaN       6.0     3107        5.0     1       0          1             0                 0  0.717949  0.388559  0.321053  0.423993
1005  ID00276637202271694539978     13  3002   84.202850   77    Male         Ex-smoker  train         NaN          NaN       6.0     3107        7.0     1       0          1             0                 0  0.717949  0.388559  0.331579  0.445210
1006  ID00276637202271694539978     19  2718   76.236957   77    Male         Ex-smoker  train         NaN          NaN       6.0     3107       13.0     1       0          1             0                 0  0.717949  0.388559  0.363158  0.381107
1007  ID00276637202271694539978     31  2738   76.797936   77    Male         Ex-smoker  train         NaN          NaN       6.0     3107       25.0     1       0          1             0                 0  0.717949  0.388559  0.426316  0.385622
1008  ID00279637202272164826258      8  4141   90.939037   70    Male         Ex-smoker  train         NaN          NaN       8.0     4141        0.0     1       0          1             0                 0  0.538462  0.580609  0.294737  0.499417
1009  ID00279637202272164826258     10  4167   91.510014   70    Male         Ex-smoker  train         NaN          NaN       8.0     4141        2.0     1       0          1             0                 0  0.538462  0.580609  0.305263  0.504012
1010  ID00279637202272164826258     12  4086   89.731202   70    Male         Ex-smoker  train         NaN          NaN       8.0     4141        4.0     1       0          1             0                 0  0.538462  0.580609  0.315789  0.489697
1011  ID00279637202272164826258     14  4036   88.633169   70    Male         Ex-smoker  train         NaN          NaN       8.0     4141        6.0     1       0          1             0                 0  0.538462  0.580609  0.326316  0.480861
1012  ID00279637202272164826258     17  4121   90.499824   70    Male         Ex-smoker  train         NaN          NaN       8.0     4141        9.0     1       0          1             0                 0  0.538462  0.580609  0.342105  0.495883
1013  ID00279637202272164826258     22  4089   89.797084   70    Male         Ex-smoker  train         NaN          NaN       8.0     4141       14.0     1       0          1             0                 0  0.538462  0.580609  0.368421  0.490228
1014  ID00279637202272164826258     34  3978   87.359452   70    Male         Ex-smoker  train         NaN          NaN       8.0     4141       26.0     1       0          1             0                 0  0.538462  0.580609  0.431579  0.470612
1015  ID00279637202272164826258     46  4046   88.852776   70    Male         Ex-smoker  train         NaN          NaN       8.0     4141       38.0     1       0          1             0                 0  0.538462  0.580609  0.494737  0.482629
1016  ID00279637202272164826258     63  3796   83.362614   70    Male         Ex-smoker  train         NaN          NaN       8.0     4141       55.0     1       0          1             0                 0  0.538462  0.580609  0.584211  0.438449
1017  ID00283637202278714365037      0  1965   54.522752   60    Male      Never smoked  train         NaN          NaN       0.0     1965        0.0     1       0          0             1                 0  0.282051  0.176449  0.294737  0.206370
1018  ID00283637202278714365037      3  1854   51.442841   60    Male      Never smoked  train         NaN          NaN       0.0     1965        3.0     1       0          0             1                 0  0.282051  0.176449  0.310526  0.181586
1019  ID00283637202278714365037      5  1957   54.300777   60    Male      Never smoked  train         NaN          NaN       0.0     1965        5.0     1       0          0             1                 0  0.282051  0.176449  0.321053  0.204584
1020  ID00283637202278714365037      7  1967   54.578246   60    Male      Never smoked  train         NaN          NaN       0.0     1965        7.0     1       0          0             1                 0  0.282051  0.176449  0.331579  0.206817
1021  ID00283637202278714365037      9  2109   58.518313   60    Male      Never smoked  train         NaN          NaN       0.0     1965        9.0     1       0          0             1                 0  0.282051  0.176449  0.342105  0.238523
1022  ID00283637202278714365037     15  1955   54.245283   60    Male      Never smoked  train         NaN          NaN       0.0     1965       15.0     1       0          0             1                 0  0.282051  0.176449  0.373684  0.204137
1023  ID00283637202278714365037     27  1925   53.412875   60    Male      Never smoked  train         NaN          NaN       0.0     1965       27.0     1       0          0             1                 0  0.282051  0.176449  0.436842  0.197439
1024  ID00283637202278714365037     39  2015   55.910100   60    Male      Never smoked  train         NaN          NaN       0.0     1965       39.0     1       0          0             1                 0  0.282051  0.176449  0.500000  0.217534
1025  ID00283637202278714365037     54  1984   55.049945   60    Male      Never smoked  train         NaN          NaN       0.0     1965       54.0     1       0          0             1                 0  0.282051  0.176449  0.578947  0.210613
1026  ID00285637202278913507108      4  1411   66.409375   61  Female      Never smoked  train         NaN          NaN       4.0     1411        0.0     0       1          0             1                 0  0.307692  0.073551  0.294737  0.302024
1027  ID00285637202278913507108      6  1335   62.832400   61  Female      Never smoked  train         NaN          NaN       4.0     1411        2.0     0       1          0             1                 0  0.307692  0.073551  0.305263  0.273239
1028  ID00285637202278913507108      8  1284   60.432061   61  Female      Never smoked  train         NaN          NaN       4.0     1411        4.0     0       1          0             1                 0  0.307692  0.073551  0.315789  0.253923
1029  ID00285637202278913507108     10  1371   64.526757   61  Female      Never smoked  train         NaN          NaN       4.0     1411        6.0     0       1          0             1                 0  0.307692  0.073551  0.326316  0.286874
1030  ID00285637202278913507108     12  1276   60.055537   61  Female      Never smoked  train         NaN          NaN       4.0     1411        8.0     0       1          0             1                 0  0.307692  0.073551  0.336842  0.250893
1031  ID00285637202278913507108     18  1528   71.916035   61  Female      Never smoked  train         NaN          NaN       4.0     1411       14.0     0       1          0             1                 0  0.307692  0.073551  0.368421  0.346336
1032  ID00285637202278913507108     30  1445   68.009601   61  Female      Never smoked  train         NaN          NaN       4.0     1411       26.0     0       1          0             1                 0  0.307692  0.073551  0.431579  0.314901
1033  ID00285637202278913507108     42  1438   67.680143   61  Female      Never smoked  train         NaN          NaN       4.0     1411       38.0     0       1          0             1                 0  0.307692  0.073551  0.494737  0.312250
1034  ID00285637202278913507108     58  1304   61.373370   61  Female      Never smoked  train         NaN          NaN       4.0     1411       54.0     0       1          0             1                 0  0.307692  0.073551  0.578947  0.261498
1035  ID00288637202279148973731     21  2276   78.797950   63  Female         Ex-smoker  train         NaN          NaN      21.0     2276        0.0     0       1          1             0                 0  0.358974  0.234212  0.294737  0.401716
1036  ID00288637202279148973731     22  2122   73.466279   63  Female         Ex-smoker  train         NaN          NaN      21.0     2276        1.0     0       1          1             0                 0  0.358974  0.234212  0.300000  0.358811
1037  ID00288637202279148973731     24  1970   68.203850   63  Female         Ex-smoker  train         NaN          NaN      21.0     2276        3.0     0       1          1             0                 0  0.358974  0.234212  0.310526  0.316464
1038  ID00288637202279148973731     26  2027   70.177261   63  Female         Ex-smoker  train         NaN          NaN      21.0     2276        5.0     0       1          1             0                 0  0.358974  0.234212  0.321053  0.332344
1039  ID00288637202279148973731     28  2108   72.981581   63  Female         Ex-smoker  train         NaN          NaN      21.0     2276        7.0     0       1          1             0                 0  0.358974  0.234212  0.331579  0.354911
1040  ID00288637202279148973731     34  2365   81.879241   63  Female         Ex-smoker  train         NaN          NaN      21.0     2276       13.0     0       1          1             0                 0  0.358974  0.234212  0.363158  0.426512
1041  ID00288637202279148973731     45  2360   81.706135   63  Female         Ex-smoker  train         NaN          NaN      21.0     2276       24.0     0       1          1             0                 0  0.358974  0.234212  0.421053  0.425119
1042  ID00288637202279148973731     57  2387   82.640908   63  Female         Ex-smoker  train         NaN          NaN      21.0     2276       36.0     0       1          1             0                 0  0.358974  0.234212  0.484211  0.432641
1043  ID00290637202279304677843      4  2283   67.408763   75    Male      Never smoked  train         NaN          NaN       4.0     2283        0.0     1       0          0             1                 0  0.666667  0.235513  0.294737  0.310066
1044  ID00290637202279304677843     15  2175   64.219913   75    Male      Never smoked  train         NaN          NaN       4.0     2283       11.0     1       0          0             1                 0  0.666667  0.235513  0.352632  0.284405
1045  ID00290637202279304677843     17  2315   68.353608   75    Male      Never smoked  train         NaN          NaN       4.0     2283       13.0     1       0          0             1                 0  0.666667  0.235513  0.363158  0.317669
1046  ID00290637202279304677843     18  2300   67.910712   75    Male      Never smoked  train         NaN          NaN       4.0     2283       14.0     1       0          0             1                 0  0.666667  0.235513  0.368421  0.314105
1047  ID00290637202279304677843     21  2103   62.094012   75    Male      Never smoked  train         NaN          NaN       4.0     2283       17.0     1       0          0             1                 0  0.666667  0.235513  0.384211  0.267297
1048  ID00290637202279304677843     26  2314   68.324082   75    Male      Never smoked  train         NaN          NaN       4.0     2283       22.0     1       0          0             1                 0  0.666667  0.235513  0.410526  0.317431
1049  ID00290637202279304677843     38  2135   63.038857   75    Male      Never smoked  train         NaN          NaN       4.0     2283       34.0     1       0          0             1                 0  0.666667  0.235513  0.473684  0.274900
1050  ID00290637202279304677843     51  1814   53.560883   75    Male      Never smoked  train         NaN          NaN       4.0     2283       47.0     1       0          0             1                 0  0.666667  0.235513  0.542105  0.198630
1051  ID00291637202279398396106      2  4051  100.252425   72    Male         Ex-smoker  train         NaN          NaN       2.0     4051        0.0     1       0          1             0                 0  0.589744  0.563893  0.294737  0.574363
1052  ID00291637202279398396106      4  4027   99.658483   72    Male         Ex-smoker  train         NaN          NaN       2.0     4051        2.0     1       0          1             0                 0  0.589744  0.563893  0.305263  0.569584
1053  ID00291637202279398396106      6  4079  100.945357   72    Male         Ex-smoker  train         NaN          NaN       2.0     4051        4.0     1       0          1             0                 0  0.589744  0.563893  0.315789  0.579939
1054  ID00291637202279398396106      8  3962   98.049891   72    Male         Ex-smoker  train         NaN          NaN       2.0     4051        6.0     1       0          1             0                 0  0.589744  0.563893  0.326316  0.556639
1055  ID00291637202279398396106     10  4043  100.054445   72    Male         Ex-smoker  train         NaN          NaN       2.0     4051        8.0     1       0          1             0                 0  0.589744  0.563893  0.336842  0.572770
1056  ID00291637202279398396106     16  3840   95.030687   72    Male         Ex-smoker  train         NaN          NaN       2.0     4051       14.0     1       0          1             0                 0  0.589744  0.563893  0.368421  0.532343
1057  ID00291637202279398396106     27  4001   99.015047   72    Male         Ex-smoker  train         NaN          NaN       2.0     4051       25.0     1       0          1             0                 0  0.589744  0.563893  0.426316  0.564406
1058  ID00291637202279398396106     43  3618   89.536725   72    Male         Ex-smoker  train         NaN          NaN       2.0     4051       41.0     1       0          1             0                 0  0.589744  0.563893  0.510526  0.488132
1059  ID00291637202279398396106     56  3581   88.621065   72    Male         Ex-smoker  train         NaN          NaN       2.0     4051       54.0     1       0          1             0                 0  0.589744  0.563893  0.578947  0.480764
1060  ID00294637202279614924243      5  2327   78.827913   74    Male         Ex-smoker  train         NaN          NaN       5.0     2327        0.0     1       0          1             0                 0  0.641026  0.243685  0.294737  0.401957
1061  ID00294637202279614924243      6  2361   79.979675   74    Male         Ex-smoker  train         NaN          NaN       5.0     2327        1.0     1       0          1             0                 0  0.641026  0.243685  0.300000  0.411226
1062  ID00294637202279614924243      7  2244   76.016260   74    Male         Ex-smoker  train         NaN          NaN       5.0     2327        2.0     1       0          1             0                 0  0.641026  0.243685  0.305263  0.379331
1063  ID00294637202279614924243     10  2286   77.439024   74    Male         Ex-smoker  train         NaN          NaN       5.0     2327        5.0     1       0          1             0                 0  0.641026  0.243685  0.321053  0.390781
1064  ID00294637202279614924243     12  2174   73.644986   74    Male         Ex-smoker  train         NaN          NaN       5.0     2327        7.0     1       0          1             0                 0  0.641026  0.243685  0.331579  0.360249
1065  ID00294637202279614924243     18  2058   69.715447   74    Male         Ex-smoker  train         NaN          NaN       5.0     2327       13.0     1       0          1             0                 0  0.641026  0.243685  0.363158  0.328628
1066  ID00294637202279614924243     29  2095   70.968835   74    Male         Ex-smoker  train         NaN          NaN       5.0     2327       24.0     1       0          1             0                 0  0.641026  0.243685  0.421053  0.338714
1067  ID00294637202279614924243     42  2144   72.628726   74    Male         Ex-smoker  train         NaN          NaN       5.0     2327       37.0     1       0          1             0                 0  0.641026  0.243685  0.489474  0.352071
1068  ID00294637202279614924243     59  2065   69.952575   74    Male         Ex-smoker  train         NaN          NaN       5.0     2327       54.0     1       0          1             0                 0  0.641026  0.243685  0.578947  0.330536
1069  ID00296637202279895784347      5  2223   66.003563   58    Male         Ex-smoker  train         NaN          NaN       5.0     2223        0.0     1       0          1             0                 0  0.230769  0.224368  0.294737  0.298758
1070  ID00296637202279895784347      8  2099   62.321853   58    Male         Ex-smoker  train         NaN          NaN       5.0     2223        3.0     1       0          1             0                 0  0.230769  0.224368  0.310526  0.269131
1071  ID00296637202279895784347     10  2258   67.042755   58    Male         Ex-smoker  train         NaN          NaN       5.0     2223        5.0     1       0          1             0                 0  0.230769  0.224368  0.321053  0.307120
1072  ID00296637202279895784347     12  2130   63.242280   58    Male         Ex-smoker  train         NaN          NaN       5.0     2223        7.0     1       0          1             0                 0  0.230769  0.224368  0.331579  0.276537
1073  ID00296637202279895784347     13  2163   64.222090   58    Male         Ex-smoker  train         NaN          NaN       5.0     2223        8.0     1       0          1             0                 0  0.230769  0.224368  0.336842  0.284422
1074  ID00296637202279895784347     20  1990   59.085511   58    Male         Ex-smoker  train         NaN          NaN       5.0     2223       15.0     1       0          1             0                 0  0.230769  0.224368  0.373684  0.243087
1075  ID00296637202279895784347     32  2210   65.617577   58    Male         Ex-smoker  train         NaN          NaN       5.0     2223       27.0     1       0          1             0                 0  0.230769  0.224368  0.436842  0.295652
1076  ID00296637202279895784347     44  2166   64.311164   58    Male         Ex-smoker  train         NaN          NaN       5.0     2223       39.0     1       0          1             0                 0  0.230769  0.224368  0.500000  0.285139
1077  ID00298637202280361773446      4  1880  107.600733   67  Female      Never smoked  train         NaN          NaN       4.0     1880        0.0     0       1          0             1                 0  0.461538  0.160661  0.294737  0.633496
1078  ID00298637202280361773446      6  1792  102.564103   67  Female      Never smoked  train         NaN          NaN       4.0     1880        2.0     0       1          0             1                 0  0.461538  0.160661  0.305263  0.592966
1079  ID00298637202280361773446      8  1841  105.368590   67  Female      Never smoked  train         NaN          NaN       4.0     1880        4.0     0       1          0             1                 0  0.461538  0.160661  0.315789  0.615534
1080  ID00298637202280361773446      9  1890  108.173077   67  Female      Never smoked  train         NaN          NaN       4.0     1880        5.0     0       1          0             1                 0  0.461538  0.160661  0.321053  0.638102
1081  ID00298637202280361773446     12  1803  103.193681   67  Female      Never smoked  train         NaN          NaN       4.0     1880        8.0     0       1          0             1                 0  0.461538  0.160661  0.336842  0.598032
1082  ID00298637202280361773446     18  1932  110.576923   67  Female      Never smoked  train         NaN          NaN       4.0     1880       14.0     0       1          0             1                 0  0.461538  0.160661  0.368421  0.657446
1083  ID00298637202280361773446     30  1750  100.160256   67  Female      Never smoked  train         NaN          NaN       4.0     1880       26.0     0       1          0             1                 0  0.461538  0.160661  0.431579  0.573621
1084  ID00298637202280361773446     42  1596   91.346154   67  Female      Never smoked  train         NaN          NaN       4.0     1880       38.0     0       1          0             1                 0  0.461538  0.160661  0.494737  0.502693
1085  ID00298637202280361773446     57  1409   80.643315   67  Female      Never smoked  train         NaN          NaN       4.0     1880       53.0     0       1          0             1                 0  0.461538  0.160661  0.573684  0.416566
1086  ID00299637202280383305867     22  2109   77.173595   78    Male         Ex-smoker  train         NaN          NaN      22.0     2109        0.0     1       0          1             0                 0  0.743590  0.203195  0.294737  0.388645
1087  ID00299637202280383305867     24  2182   79.844848   78    Male         Ex-smoker  train         NaN          NaN      22.0     2109        2.0     1       0          1             0                 0  0.743590  0.203195  0.305263  0.410141
1088  ID00299637202280383305867     26  2297   84.052986   78    Male         Ex-smoker  train         NaN          NaN      22.0     2109        4.0     1       0          1             0                 0  0.743590  0.203195  0.315789  0.444004
1089  ID00299637202280383305867     28  2293   83.906616   78    Male         Ex-smoker  train         NaN          NaN      22.0     2109        6.0     1       0          1             0                 0  0.743590  0.203195  0.326316  0.442826
1090  ID00299637202280383305867     30  2328   85.187354   78    Male         Ex-smoker  train         NaN          NaN      22.0     2109        8.0     1       0          1             0                 0  0.743590  0.203195  0.336842  0.453132
1091  ID00299637202280383305867     37  1741   63.707553   78    Male         Ex-smoker  train         NaN          NaN      22.0     2109       15.0     1       0          1             0                 0  0.743590  0.203195  0.373684  0.280282
1092  ID00299637202280383305867     48  1992   72.892272   78    Male         Ex-smoker  train         NaN          NaN      22.0     2109       26.0     1       0          1             0                 0  0.743590  0.203195  0.431579  0.354192
1093  ID00299637202280383305867     60  2141   78.344555   78    Male         Ex-smoker  train         NaN          NaN      22.0     2109       38.0     1       0          1             0                 0  0.743590  0.203195  0.494737  0.398068
1094  ID00299637202280383305867     76  2126   77.795667   78    Male         Ex-smoker  train         NaN          NaN      22.0     2109       54.0     1       0          1             0                 0  0.743590  0.203195  0.578947  0.393651
1095  ID00305637202281772703145      8  2984   78.891709   62    Male         Ex-smoker  train         NaN          NaN       8.0     2984        0.0     1       0          1             0                 0  0.333333  0.365713  0.294737  0.402471
1096  ID00305637202281772703145     10  2938   77.675550   62    Male         Ex-smoker  train         NaN          NaN       8.0     2984        2.0     1       0          1             0                 0  0.333333  0.365713  0.305263  0.392684
1097  ID00305637202281772703145     12  2776   73.392555   62    Male         Ex-smoker  train         NaN          NaN       8.0     2984        4.0     1       0          1             0                 0  0.333333  0.365713  0.315789  0.358218
1098  ID00305637202281772703145     14  2708   71.594755   62    Male         Ex-smoker  train         NaN          NaN       8.0     2984        6.0     1       0          1             0                 0  0.333333  0.365713  0.326316  0.343751
1099  ID00305637202281772703145     16  2785   73.630499   62    Male         Ex-smoker  train         NaN          NaN       8.0     2984        8.0     1       0          1             0                 0  0.333333  0.365713  0.336842  0.360133
1100  ID00305637202281772703145     22  2817   74.476523   62    Male         Ex-smoker  train         NaN          NaN       8.0     2984       14.0     1       0          1             0                 0  0.333333  0.365713  0.368421  0.366941
1101  ID00305637202281772703145     34  2941   77.754865   62    Male         Ex-smoker  train         NaN          NaN       8.0     2984       26.0     1       0          1             0                 0  0.333333  0.365713  0.431579  0.393322
1102  ID00305637202281772703145     46  2714   71.753384   62    Male         Ex-smoker  train         NaN          NaN       8.0     2984       38.0     1       0          1             0                 0  0.333333  0.365713  0.494737  0.345027
1103  ID00305637202281772703145     62  2555   67.549704   62    Male         Ex-smoker  train         NaN          NaN       8.0     2984       54.0     1       0          1             0                 0  0.333333  0.365713  0.578947  0.311200
1104  ID00307637202282126172865      3  3170   81.760033   65    Male      Never smoked  train         NaN          NaN       3.0     3170        0.0     1       0          0             1                 0  0.410256  0.400260  0.294737  0.425552
1105  ID00307637202282126172865      6  3247   83.746002   65    Male      Never smoked  train         NaN          NaN       3.0     3170        3.0     1       0          0             1                 0  0.410256  0.400260  0.310526  0.441534
1106  ID00307637202282126172865      8  3292   84.906634   65    Male      Never smoked  train         NaN          NaN       3.0     3170        5.0     1       0          0             1                 0  0.410256  0.400260  0.321053  0.450873
1107  ID00307637202282126172865     10  3203   82.611163   65    Male      Never smoked  train         NaN          NaN       3.0     3170        7.0     1       0          0             1                 0  0.410256  0.400260  0.331579  0.432402
1108  ID00307637202282126172865     12  3166   81.656866   65    Male      Never smoked  train         NaN          NaN       3.0     3170        9.0     1       0          0             1                 0  0.410256  0.400260  0.342105  0.424722
1109  ID00307637202282126172865     18  3106   80.109357   65    Male      Never smoked  train         NaN          NaN       3.0     3170       15.0     1       0          0             1                 0  0.410256  0.400260  0.373684  0.412269
1110  ID00307637202282126172865     31  2834   73.093985   65    Male      Never smoked  train         NaN          NaN       3.0     3170       28.0     1       0          0             1                 0  0.410256  0.400260  0.442105  0.355815
1111  ID00307637202282126172865     44  2762   71.236975   65    Male      Never smoked  train         NaN          NaN       3.0     3170       41.0     1       0          0             1                 0  0.410256  0.400260  0.510526  0.340872
1112  ID00307637202282126172865     58  2883   74.357784   65    Male      Never smoked  train         NaN          NaN       3.0     3170       55.0     1       0          0             1                 0  0.410256  0.400260  0.584211  0.365985
1113  ID00309637202282195513787      3  3240   83.085445   73    Male      Never smoked  train         NaN          NaN       3.0     3240        0.0     1       0          0             1                 0  0.615385  0.413262  0.294737  0.436218
1114  ID00309637202282195513787      5  3184   81.649400   73    Male      Never smoked  train         NaN          NaN       3.0     3240        2.0     1       0          0             1                 0  0.615385  0.413262  0.305263  0.424662
1115  ID00309637202282195513787      7  3180   81.546825   73    Male      Never smoked  train         NaN          NaN       3.0     3240        4.0     1       0          0             1                 0  0.615385  0.413262  0.315789  0.423837
1116  ID00309637202282195513787      9  3099   79.469689   73    Male      Never smoked  train         NaN          NaN       3.0     3240        6.0     1       0          0             1                 0  0.615385  0.413262  0.326316  0.407122
1117  ID00309637202282195513787     11  3499   89.727152   73    Male      Never smoked  train         NaN          NaN       3.0     3240        8.0     1       0          0             1                 0  0.615385  0.413262  0.336842  0.489665
1118  ID00309637202282195513787     18  3118   79.956919   73    Male      Never smoked  train         NaN          NaN       3.0     3240       15.0     1       0          0             1                 0  0.615385  0.413262  0.373684  0.411042
1119  ID00309637202282195513787     29  2927   75.058980   73    Male      Never smoked  train         NaN          NaN       3.0     3240       26.0     1       0          0             1                 0  0.615385  0.413262  0.431579  0.371628
1120  ID00309637202282195513787     41  2828   72.520258   73    Male      Never smoked  train         NaN          NaN       3.0     3240       38.0     1       0          0             1                 0  0.615385  0.413262  0.494737  0.351199
1121  ID00309637202282195513787     57  3187   81.726331   73    Male      Never smoked  train         NaN          NaN       3.0     3240       54.0     1       0          0             1                 0  0.615385  0.413262  0.578947  0.425281
1122  ID00312637202282607344793      0  1879   97.493903   72  Female         Ex-smoker  train         NaN          NaN       0.0     1879        0.0     0       1          1             0                 0  0.589744  0.160475  0.294737  0.552165
1123  ID00312637202282607344793      4  1860   96.508068   72  Female         Ex-smoker  train         NaN          NaN       0.0     1879        4.0     0       1          1             0                 0  0.589744  0.160475  0.315789  0.544232
1124  ID00312637202282607344793      6  1745   90.541172   72  Female         Ex-smoker  train         NaN          NaN       0.0     1879        6.0     0       1          1             0                 0  0.589744  0.160475  0.326316  0.496215
1125  ID00312637202282607344793      8  1765   91.578893   72  Female         Ex-smoker  train         NaN          NaN       0.0     1879        8.0     0       1          1             0                 0  0.589744  0.160475  0.336842  0.504566
1126  ID00312637202282607344793     10  1765   91.578893   72  Female         Ex-smoker  train         NaN          NaN       0.0     1879       10.0     0       1          1             0                 0  0.589744  0.160475  0.347368  0.504566
1127  ID00312637202282607344793     16  1919   99.569346   72  Female         Ex-smoker  train         NaN          NaN       0.0     1879       16.0     0       1          1             0                 0  0.589744  0.160475  0.378947  0.568866
1128  ID00312637202282607344793     28  1741   90.333627   72  Female         Ex-smoker  train         NaN          NaN       0.0     1879       28.0     0       1          1             0                 0  0.589744  0.160475  0.442105  0.494545
1129  ID00312637202282607344793     40  1612   83.640326   72  Female         Ex-smoker  train         NaN          NaN       0.0     1879       40.0     0       1          1             0                 0  0.589744  0.160475  0.505263  0.440683
1130  ID00312637202282607344793     57  1571   81.512997   72  Female         Ex-smoker  train         NaN          NaN       0.0     1879       57.0     0       1          1             0                 0  0.589744  0.160475  0.594737  0.423564
1131  ID00317637202283194142136     26  2375   57.455971   64    Male         Ex-smoker  train         NaN          NaN      26.0     2375        0.0     1       0          1             0                 0  0.384615  0.252600  0.294737  0.229974
1132  ID00317637202283194142136     32  2305   55.762531   64    Male         Ex-smoker  train         NaN          NaN      26.0     2375        6.0     1       0          1             0                 0  0.384615  0.252600  0.326316  0.216347
1133  ID00317637202283194142136     34  2263   54.746468   64    Male         Ex-smoker  train         NaN          NaN      26.0     2375        8.0     1       0          1             0                 0  0.384615  0.252600  0.336842  0.208171
1134  ID00317637202283194142136     35  2325   56.246371   64    Male         Ex-smoker  train         NaN          NaN      26.0     2375        9.0     1       0          1             0                 0  0.384615  0.252600  0.342105  0.220240
1135  ID00317637202283194142136     44  2277   55.085156   64    Male         Ex-smoker  train         NaN          NaN      26.0     2375       18.0     1       0          1             0                 0  0.384615  0.252600  0.389474  0.210896
1136  ID00317637202283194142136     56  2173   52.569189   64    Male         Ex-smoker  train         NaN          NaN      26.0     2375       30.0     1       0          1             0                 0  0.384615  0.252600  0.452632  0.190650
1137  ID00317637202283194142136     70  1653   39.989356   64    Male         Ex-smoker  train         NaN          NaN      26.0     2375       44.0     1       0          1             0                 0  0.384615  0.252600  0.526316  0.089418
1138  ID00317637202283194142136     85  1861   45.021289   64    Male         Ex-smoker  train         NaN          NaN      26.0     2375       59.0     1       0          1             0                 0  0.384615  0.252600  0.605263  0.129911
1139  ID00319637202283897208687     12  4143  121.595445   72    Male         Ex-smoker  train         NaN          NaN      12.0     4143        0.0     1       0          1             0                 0  0.589744  0.580981  0.294737  0.746113
1140  ID00319637202283897208687     16  2951   86.610707   72    Male         Ex-smoker  train         NaN          NaN      12.0     4143        4.0     1       0          1             0                 0  0.589744  0.580981  0.315789  0.464586
1141  ID00319637202283897208687     18  4287  125.821789   72    Male         Ex-smoker  train         NaN          NaN      12.0     4143        6.0     1       0          1             0                 0  0.589744  0.580981  0.326316  0.780123
1142  ID00319637202283897208687     20  4143  121.595445   72    Male         Ex-smoker  train         NaN          NaN      12.0     4143        8.0     1       0          1             0                 0  0.589744  0.580981  0.336842  0.746113
1143  ID00319637202283897208687     22  4198  123.209674   72    Male         Ex-smoker  train         NaN          NaN      12.0     4143       10.0     1       0          1             0                 0  0.589744  0.580981  0.347368  0.759103
1144  ID00319637202283897208687     29  4279  125.586992   72    Male         Ex-smoker  train         NaN          NaN      12.0     4143       17.0     1       0          1             0                 0  0.589744  0.580981  0.384211  0.778234
1145  ID00319637202283897208687     40  4238  124.383658   72    Male         Ex-smoker  train         NaN          NaN      12.0     4143       28.0     1       0          1             0                 0  0.589744  0.580981  0.442105  0.768551
1146  ID00319637202283897208687     52  4247  124.647805   72    Male         Ex-smoker  train         NaN          NaN      12.0     4143       40.0     1       0          1             0                 0  0.589744  0.580981  0.505263  0.770676
1147  ID00319637202283897208687     69  4218  123.796666   72    Male         Ex-smoker  train         NaN          NaN      12.0     4143       57.0     1       0          1             0                 0  0.589744  0.580981  0.594737  0.763827
1148  ID00322637202284842245491      3  2460   60.134937   59    Male         Ex-smoker  train         NaN          NaN       3.0     2460        0.0     1       0          1             0                 0  0.256410  0.268388  0.294737  0.251532
1149  ID00322637202284842245491      6  2602   63.606141   59    Male         Ex-smoker  train         NaN          NaN       3.0     2460        3.0     1       0          1             0                 0  0.256410  0.268388  0.310526  0.279466
1150  ID00322637202284842245491      8  2591   63.337245   59    Male         Ex-smoker  train         NaN          NaN       3.0     2460        5.0     1       0          1             0                 0  0.256410  0.268388  0.321053  0.277302
1151  ID00322637202284842245491     10  2585   63.190574   59    Male         Ex-smoker  train         NaN          NaN       3.0     2460        7.0     1       0          1             0                 0  0.256410  0.268388  0.331579  0.276121
1152  ID00322637202284842245491     11  2795   68.324044   59    Male         Ex-smoker  train         NaN          NaN       3.0     2460        8.0     1       0          1             0                 0  0.256410  0.268388  0.336842  0.317431
1153  ID00322637202284842245491     18  2456   60.037157   59    Male         Ex-smoker  train         NaN          NaN       3.0     2460       15.0     1       0          1             0                 0  0.256410  0.268388  0.373684  0.250745
1154  ID00322637202284842245491     30  2357   57.617092   59    Male         Ex-smoker  train         NaN          NaN       3.0     2460       27.0     1       0          1             0                 0  0.256410  0.268388  0.436842  0.231271
1155  ID00322637202284842245491     40  2311   56.492618   59    Male         Ex-smoker  train         NaN          NaN       3.0     2460       37.0     1       0          1             0                 0  0.256410  0.268388  0.489474  0.222222
1156  ID00322637202284842245491     57  2325   56.834849   59    Male         Ex-smoker  train         NaN          NaN       3.0     2460       54.0     1       0          1             0                 0  0.256410  0.268388  0.578947  0.224976
1157  ID00323637202285211956970     26  1412   59.148794   77    Male         Ex-smoker  train         NaN          NaN      26.0     1412        0.0     1       0          1             0                 0  0.717949  0.073737  0.294737  0.243597
1158  ID00323637202285211956970     27  1644   68.867292   77    Male         Ex-smoker  train         NaN          NaN      26.0     1412        1.0     1       0          1             0                 0  0.717949  0.073737  0.300000  0.321803
1159  ID00323637202285211956970     29  1550   64.929625   77    Male         Ex-smoker  train         NaN          NaN      26.0     1412        3.0     1       0          1             0                 0  0.717949  0.073737  0.310526  0.290116
1160  ID00323637202285211956970     31  1561   65.390416   77    Male         Ex-smoker  train         NaN          NaN      26.0     1412        5.0     1       0          1             0                 0  0.717949  0.073737  0.321053  0.293824
1161  ID00323637202285211956970     33  1818   76.156166   77    Male         Ex-smoker  train         NaN          NaN      26.0     1412        7.0     1       0          1             0                 0  0.717949  0.073737  0.331579  0.380457
1162  ID00323637202285211956970     39  1707   71.506367   77    Male         Ex-smoker  train         NaN          NaN      26.0     1412       13.0     1       0          1             0                 0  0.717949  0.073737  0.363158  0.343040
1163  ID00323637202285211956970     50  1581   66.228217   77    Male         Ex-smoker  train         NaN          NaN      26.0     1412       24.0     1       0          1             0                 0  0.717949  0.073737  0.421053  0.300566
1164  ID00323637202285211956970     64  1760   73.726542   77    Male         Ex-smoker  train         NaN          NaN      26.0     1412       38.0     1       0          1             0                 0  0.717949  0.073737  0.494737  0.360906
1165  ID00329637202285906759848     39  2805   66.249410   69    Male         Ex-smoker  train         NaN          NaN      39.0     2805        0.0     1       0          1             0                 0  0.512821  0.332467  0.294737  0.300736
1166  ID00329637202285906759848     43  2848   67.264998   69    Male         Ex-smoker  train         NaN          NaN      39.0     2805        4.0     1       0          1             0                 0  0.512821  0.332467  0.315789  0.308909
1167  ID00329637202285906759848     45  2618   61.832782   69    Male         Ex-smoker  train         NaN          NaN      39.0     2805        6.0     1       0          1             0                 0  0.512821  0.332467  0.326316  0.265195
1168  ID00329637202285906759848     47  2838   67.028814   69    Male         Ex-smoker  train         NaN          NaN      39.0     2805        8.0     1       0          1             0                 0  0.512821  0.332467  0.336842  0.307008
1169  ID00329637202285906759848     49  2830   66.839868   69    Male         Ex-smoker  train         NaN          NaN      39.0     2805       10.0     1       0          1             0                 0  0.512821  0.332467  0.347368  0.305488
1170  ID00329637202285906759848     54  2769   65.399150   69    Male         Ex-smoker  train         NaN          NaN      39.0     2805       15.0     1       0          1             0                 0  0.512821  0.332467  0.373684  0.293894
1171  ID00329637202285906759848     66  3051   72.059518   69    Male         Ex-smoker  train         NaN          NaN      39.0     2805       27.0     1       0          1             0                 0  0.512821  0.332467  0.436842  0.347491
1172  ID00329637202285906759848     79  2734   64.572508   69    Male         Ex-smoker  train         NaN          NaN      39.0     2805       40.0     1       0          1             0                 0  0.512821  0.332467  0.505263  0.287242
1173  ID00329637202285906759848     95  2677   63.226264   69    Male         Ex-smoker  train         NaN          NaN      39.0     2805       56.0     1       0          1             0                 0  0.512821  0.332467  0.589474  0.276409
1174  ID00331637202286306023714     28  3135   94.644367   69    Male  Currently smokes  train         NaN          NaN      28.0     3135        0.0     1       0          0             0                 1  0.512821  0.393759  0.294737  0.529234
1175  ID00331637202286306023714     30  2986   90.146118   69    Male  Currently smokes  train         NaN          NaN      28.0     3135        2.0     1       0          0             0                 1  0.512821  0.393759  0.305263  0.493036
1176  ID00331637202286306023714     32  2965   89.512136   69    Male  Currently smokes  train         NaN          NaN      28.0     3135        4.0     1       0          0             0                 1  0.512821  0.393759  0.315789  0.487935
1177  ID00331637202286306023714     34  3177   95.912329   69    Male  Currently smokes  train         NaN          NaN      28.0     3135        6.0     1       0          0             0                 1  0.512821  0.393759  0.326316  0.539438
1178  ID00331637202286306023714     36  3272   98.780341   69    Male  Currently smokes  train         NaN          NaN      28.0     3135        8.0     1       0          0             0                 1  0.512821  0.393759  0.336842  0.562517
1179  ID00331637202286306023714     42  3135   94.644367   69    Male  Currently smokes  train         NaN          NaN      28.0     3135       14.0     1       0          0             0                 1  0.512821  0.393759  0.368421  0.529234
1180  ID00331637202286306023714     55  3232   97.572757   69    Male  Currently smokes  train         NaN          NaN      28.0     3135       27.0     1       0          0             0                 1  0.512821  0.393759  0.436842  0.552800
1181  ID00331637202286306023714     67  3153   95.187779   69    Male  Currently smokes  train         NaN          NaN      28.0     3135       39.0     1       0          0             0                 1  0.512821  0.393759  0.500000  0.533607
1182  ID00331637202286306023714     82  3221   97.240671   69    Male  Currently smokes  train         NaN          NaN      28.0     3135       54.0     1       0          0             0                 1  0.512821  0.393759  0.578947  0.550127
1183  ID00335637202286784464927      3  3043   82.225465   74    Male         Ex-smoker  train         NaN          NaN       3.0     3043        0.0     1       0          1             0                 0  0.641026  0.376672  0.294737  0.429298
1184  ID00335637202286784464927      4  2694   72.795071   74    Male         Ex-smoker  train         NaN          NaN       3.0     3043        1.0     1       0          1             0                 0  0.641026  0.376672  0.300000  0.353410
1185  ID00335637202286784464927      6  2577   69.633593   74    Male         Ex-smoker  train         NaN          NaN       3.0     3043        3.0     1       0          1             0                 0  0.641026  0.376672  0.310526  0.327969
1186  ID00335637202286784464927      8  2626   70.957631   74    Male         Ex-smoker  train         NaN          NaN       3.0     3043        5.0     1       0          1             0                 0  0.641026  0.376672  0.321053  0.338624
1187  ID00335637202286784464927     10  2557   69.093169   74    Male         Ex-smoker  train         NaN          NaN       3.0     3043        7.0     1       0          1             0                 0  0.641026  0.376672  0.331579  0.323620
1188  ID00335637202286784464927     16  2663   71.957415   74    Male         Ex-smoker  train         NaN          NaN       3.0     3043       13.0     1       0          1             0                 0  0.641026  0.376672  0.363158  0.346669
1189  ID00335637202286784464927     28  2598   70.201038   74    Male         Ex-smoker  train         NaN          NaN       3.0     3043       25.0     1       0          1             0                 0  0.641026  0.376672  0.426316  0.332536
1190  ID00335637202286784464927     40  2505   67.688067   74    Male         Ex-smoker  train         NaN          NaN       3.0     3043       37.0     1       0          1             0                 0  0.641026  0.376672  0.489474  0.312313
1191  ID00335637202286784464927     56  2467   66.661262   74    Male         Ex-smoker  train         NaN          NaN       3.0     3043       53.0     1       0          1             0                 0  0.641026  0.376672  0.573684  0.304050
1192  ID00336637202286801879145      6  2569   65.229535   56    Male         Ex-smoker  train         NaN          NaN       6.0     2569        0.0     1       0          1             0                 0  0.179487  0.288633  0.294737  0.292529
1193  ID00336637202286801879145      8  2549   64.721714   56    Male         Ex-smoker  train         NaN          NaN       6.0     2569        2.0     1       0          1             0                 0  0.179487  0.288633  0.305263  0.288443
1194  ID00336637202286801879145     10  2561   65.026407   56    Male         Ex-smoker  train         NaN          NaN       6.0     2569        4.0     1       0          1             0                 0  0.179487  0.288633  0.315789  0.290895
1195  ID00336637202286801879145     12  2570   65.254926   56    Male         Ex-smoker  train         NaN          NaN       6.0     2569        6.0     1       0          1             0                 0  0.179487  0.288633  0.326316  0.292734
1196  ID00336637202286801879145     14  2542   64.543977   56    Male         Ex-smoker  train         NaN          NaN       6.0     2569        8.0     1       0          1             0                 0  0.179487  0.288633  0.336842  0.287012
1197  ID00336637202286801879145     20  2545   64.620150   56    Male         Ex-smoker  train         NaN          NaN       6.0     2569       14.0     1       0          1             0                 0  0.179487  0.288633  0.368421  0.287625
1198  ID00336637202286801879145     33  2505   63.604509   56    Male         Ex-smoker  train         NaN          NaN       6.0     2569       27.0     1       0          1             0                 0  0.179487  0.288633  0.436842  0.279452
1199  ID00336637202286801879145     44  2294   58.247004   56    Male         Ex-smoker  train         NaN          NaN       6.0     2569       38.0     1       0          1             0                 0  0.179487  0.288633  0.494737  0.236340
1200  ID00337637202286839091062     29  3959   96.120229   69    Male         Ex-smoker  train         NaN          NaN      29.0     3959        0.0     1       0          1             0                 0  0.512821  0.546805  0.294737  0.541111
1201  ID00337637202286839091062     32  4096   99.446441   69    Male         Ex-smoker  train         NaN          NaN      29.0     3959        3.0     1       0          1             0                 0  0.512821  0.546805  0.310526  0.567877
1202  ID00337637202286839091062     34  3949   95.877440   69    Male         Ex-smoker  train         NaN          NaN      29.0     3959        5.0     1       0          1             0                 0  0.512821  0.546805  0.321053  0.539157
1203  ID00337637202286839091062     36  3876   94.105079   69    Male         Ex-smoker  train         NaN          NaN      29.0     3959        7.0     1       0          1             0                 0  0.512821  0.546805  0.331579  0.524895
1204  ID00337637202286839091062     38  3882   94.250753   69    Male         Ex-smoker  train         NaN          NaN      29.0     3959        9.0     1       0          1             0                 0  0.512821  0.546805  0.342105  0.526067
1205  ID00337637202286839091062     44  3904   94.784889   69    Male         Ex-smoker  train         NaN          NaN      29.0     3959       15.0     1       0          1             0                 0  0.512821  0.546805  0.373684  0.530365
1206  ID00337637202286839091062     57  3625   88.011071   69    Male         Ex-smoker  train         NaN          NaN      29.0     3959       28.0     1       0          1             0                 0  0.512821  0.546805  0.442105  0.475855
1207  ID00337637202286839091062     68  3941   95.683209   69    Male         Ex-smoker  train         NaN          NaN      29.0     3959       39.0     1       0          1             0                 0  0.512821  0.546805  0.500000  0.537594
1208  ID00337637202286839091062     85  4058   98.523842   69    Male         Ex-smoker  train         NaN          NaN      29.0     3959       56.0     1       0          1             0                 0  0.512821  0.546805  0.589474  0.560453
1209  ID00339637202287377736231      0  3574   81.897342   64    Male         Ex-smoker  train         NaN          NaN       0.0     3574        0.0     1       0          1             0                 0  0.384615  0.475297  0.294737  0.426657
1210  ID00339637202287377736231      6  3565   81.691109   64    Male         Ex-smoker  train         NaN          NaN       0.0     3574        6.0     1       0          1             0                 0  0.384615  0.475297  0.326316  0.424998
1211  ID00339637202287377736231      9  3446   78.964253   64    Male         Ex-smoker  train         NaN          NaN       0.0     3574        9.0     1       0          1             0                 0  0.384615  0.475297  0.342105  0.403054
1212  ID00339637202287377736231     10  3395   77.795600   64    Male         Ex-smoker  train         NaN          NaN       0.0     3574       10.0     1       0          1             0                 0  0.384615  0.475297  0.347368  0.393650
1213  ID00339637202287377736231     13  3421   78.391384   64    Male         Ex-smoker  train         NaN          NaN       0.0     3574       13.0     1       0          1             0                 0  0.384615  0.475297  0.363158  0.398444
1214  ID00339637202287377736231     18  3454   79.147571   64    Male         Ex-smoker  train         NaN          NaN       0.0     3574       18.0     1       0          1             0                 0  0.384615  0.475297  0.389474  0.404530
1215  ID00339637202287377736231     31  3299   75.595784   64    Male         Ex-smoker  train         NaN          NaN       0.0     3574       31.0     1       0          1             0                 0  0.384615  0.475297  0.457895  0.375948
1216  ID00339637202287377736231     41  3254   74.564620   64    Male         Ex-smoker  train         NaN          NaN       0.0     3574       41.0     1       0          1             0                 0  0.384615  0.475297  0.510526  0.367650
1217  ID00339637202287377736231     58  2968   68.010999   64    Male         Ex-smoker  train         NaN          NaN       0.0     3574       58.0     1       0          1             0                 0  0.384615  0.475297  0.600000  0.314912
1218  ID00340637202287399835821     -1  2345   59.038268   68    Male         Ex-smoker  train         NaN          NaN      -1.0     2345        0.0     1       0          1             0                 0  0.487179  0.247028  0.294737  0.242707
1219  ID00340637202287399835821      5  2295   57.779456   68    Male         Ex-smoker  train         NaN          NaN      -1.0     2345        6.0     1       0          1             0                 0  0.487179  0.247028  0.326316  0.232577
1220  ID00340637202287399835821      8  2346   59.063444   68    Male         Ex-smoker  train         NaN          NaN      -1.0     2345        9.0     1       0          1             0                 0  0.487179  0.247028  0.342105  0.242910
1221  ID00340637202287399835821     10  2276   57.301108   68    Male         Ex-smoker  train         NaN          NaN      -1.0     2345       11.0     1       0          1             0                 0  0.487179  0.247028  0.352632  0.228728
1222  ID00340637202287399835821     12  2242   56.445116   68    Male         Ex-smoker  train         NaN          NaN      -1.0     2345       13.0     1       0          1             0                 0  0.487179  0.247028  0.363158  0.221840
1223  ID00340637202287399835821     18  2253   56.722054   68    Male         Ex-smoker  train         NaN          NaN      -1.0     2345       19.0     1       0          1             0                 0  0.487179  0.247028  0.394737  0.224068
1224  ID00340637202287399835821     30  2160   54.380665   68    Male         Ex-smoker  train         NaN          NaN      -1.0     2345       31.0     1       0          1             0                 0  0.487179  0.247028  0.457895  0.205227
1225  ID00340637202287399835821     42  2000   50.352467   68    Male         Ex-smoker  train         NaN          NaN      -1.0     2345       43.0     1       0          1             0                 0  0.487179  0.247028  0.521053  0.172811
1226  ID00340637202287399835821     58  2222   55.941591   68    Male         Ex-smoker  train         NaN          NaN      -1.0     2345       59.0     1       0          1             0                 0  0.487179  0.247028  0.605263  0.217788
1227  ID00341637202287410878488     28  2849  143.381983   68  Female  Currently smokes  train         NaN          NaN      28.0     2849        0.0     0       1          0             0                 1  0.487179  0.340639  0.294737  0.921433
1228  ID00341637202287410878488     32  2851  143.482637   68  Female  Currently smokes  train         NaN          NaN      28.0     2849        4.0     0       1          0             0                 1  0.487179  0.340639  0.315789  0.922243
1229  ID00341637202287410878488     35  2798  140.815299   68  Female  Currently smokes  train         NaN          NaN      28.0     2849        7.0     0       1          0             0                 1  0.487179  0.340639  0.331579  0.900778
1230  ID00341637202287410878488     36  2854  143.633619   68  Female  Currently smokes  train         NaN          NaN      28.0     2849        8.0     0       1          0             0                 1  0.487179  0.340639  0.336842  0.923458
1231  ID00341637202287410878488     38  2891  145.495722   68  Female  Currently smokes  train         NaN          NaN      28.0     2849       10.0     0       1          0             0                 1  0.487179  0.340639  0.347368  0.938442
1232  ID00341637202287410878488     44  2773  139.557121   68  Female  Currently smokes  train         NaN          NaN      28.0     2849       16.0     0       1          0             0                 1  0.487179  0.340639  0.378947  0.890653
1233  ID00341637202287410878488     56  2871  144.489180   68  Female  Currently smokes  train         NaN          NaN      28.0     2849       28.0     0       1          0             0                 1  0.487179  0.340639  0.442105  0.930342
1234  ID00341637202287410878488     68  2813  141.570206   68  Female  Currently smokes  train         NaN          NaN      28.0     2849       40.0     0       1          0             0                 1  0.487179  0.340639  0.505263  0.906853
1235  ID00341637202287410878488     84  2701  135.933568   68  Female  Currently smokes  train         NaN          NaN      28.0     2849       56.0     0       1          0             0                 1  0.487179  0.340639  0.589474  0.861494
1236  ID00342637202287526592911     23  2390   67.851465   72    Male         Ex-smoker  train         NaN          NaN      23.0     2390        0.0     1       0          1             0                 0  0.589744  0.255386  0.294737  0.313628
1237  ID00342637202287526592911     25  2322   65.920963   72    Male         Ex-smoker  train         NaN          NaN      23.0     2390        2.0     1       0          1             0                 0  0.589744  0.255386  0.305263  0.298093
1238  ID00342637202287526592911     27  2305   65.438337   72    Male         Ex-smoker  train         NaN          NaN      23.0     2390        4.0     1       0          1             0                 0  0.589744  0.255386  0.315789  0.294209
1239  ID00342637202287526592911     29  2116   60.072678   72    Male         Ex-smoker  train         NaN          NaN      23.0     2390        6.0     1       0          1             0                 0  0.589744  0.255386  0.326316  0.251031
1240  ID00342637202287526592911     31  2036   57.801499   72    Male         Ex-smoker  train         NaN          NaN      23.0     2390        8.0     1       0          1             0                 0  0.589744  0.255386  0.336842  0.232755
1241  ID00342637202287526592911     37  2062   58.539632   72    Male         Ex-smoker  train         NaN          NaN      23.0     2390       14.0     1       0          1             0                 0  0.589744  0.255386  0.368421  0.238695
1242  ID00342637202287526592911     49  1865   52.946854   72    Male         Ex-smoker  train         NaN          NaN      23.0     2390       26.0     1       0          1             0                 0  0.589744  0.255386  0.431579  0.193689
1243  ID00342637202287526592911     62  1928   54.735408   72    Male         Ex-smoker  train         NaN          NaN      23.0     2390       39.0     1       0          1             0                 0  0.589744  0.255386  0.500000  0.208082
1244  ID00342637202287526592911     78  1901   53.968885   72    Male         Ex-smoker  train         NaN          NaN      23.0     2390       55.0     1       0          1             0                 0  0.589744  0.255386  0.584211  0.201913
1245  ID00343637202287577133798     23  1637   71.263767   68  Female      Never smoked  train         NaN          NaN      23.0     1637        0.0     0       1          0             1                 0  0.487179  0.115527  0.294737  0.341087
1246  ID00343637202287577133798     25  1623   70.654303   68  Female      Never smoked  train         NaN          NaN      23.0     1637        2.0     0       1          0             1                 0  0.487179  0.115527  0.305263  0.336183
1247  ID00343637202287577133798     27  1542   67.128118   68  Female      Never smoked  train         NaN          NaN      23.0     1637        4.0     0       1          0             1                 0  0.487179  0.115527  0.315789  0.307807
1248  ID00343637202287577133798     28  1507   65.604458   68  Female      Never smoked  train         NaN          NaN      23.0     1637        5.0     0       1          0             1                 0  0.487179  0.115527  0.321053  0.295546
1249  ID00343637202287577133798     30  1602   69.740107   68  Female      Never smoked  train         NaN          NaN      23.0     1637        7.0     0       1          0             1                 0  0.487179  0.115527  0.331579  0.328826
1250  ID00343637202287577133798     36  1520   66.170389   68  Female      Never smoked  train         NaN          NaN      23.0     1637       13.0     0       1          0             1                 0  0.487179  0.115527  0.363158  0.300100
1251  ID00343637202287577133798     48  1383   60.206347   68  Female      Never smoked  train         NaN          NaN      23.0     1637       25.0     0       1          0             1                 0  0.487179  0.115527  0.426316  0.252107
1252  ID00343637202287577133798     62  1492   64.951461   68  Female      Never smoked  train         NaN          NaN      23.0     1637       39.0     0       1          0             1                 0  0.487179  0.115527  0.500000  0.290291
1253  ID00343637202287577133798     76  1699   73.962823   68  Female      Never smoked  train         NaN          NaN      23.0     1637       53.0     0       1          0             1                 0  0.487179  0.115527  0.573684  0.362807
1254  ID00343637202287577133798     79  1511   65.778590   68  Female      Never smoked  train         NaN          NaN      23.0     1637       56.0     0       1          0             1                 0  0.487179  0.115527  0.589474  0.296948
1255  ID00344637202287684217717      0  2066   53.959465   58    Male      Never smoked  train         NaN          NaN       0.0     2066        0.0     1       0          0             1                 0  0.230769  0.195208  0.294737  0.201837
1256  ID00344637202287684217717      4  2074   54.168408   58    Male      Never smoked  train         NaN          NaN       0.0     2066        4.0     1       0          0             1                 0  0.230769  0.195208  0.315789  0.203519
1257  ID00344637202287684217717      6  2032   53.071458   58    Male      Never smoked  train         NaN          NaN       0.0     2066        6.0     1       0          0             1                 0  0.230769  0.195208  0.326316  0.194691
1258  ID00344637202287684217717      8  1987   51.896155   58    Male      Never smoked  train         NaN          NaN       0.0     2066        8.0     1       0          0             1                 0  0.230769  0.195208  0.336842  0.185234
1259  ID00344637202287684217717     10  2020   52.758044   58    Male      Never smoked  train         NaN          NaN       0.0     2066       10.0     1       0          0             1                 0  0.230769  0.195208  0.347368  0.192169
1260  ID00344637202287684217717     16  1954   51.034267   58    Male      Never smoked  train         NaN          NaN       0.0     2066       16.0     1       0          0             1                 0  0.230769  0.195208  0.378947  0.178298
1261  ID00344637202287684217717     31  1812   47.325533   58    Male      Never smoked  train         NaN          NaN       0.0     2066       31.0     1       0          0             1                 0  0.230769  0.195208  0.457895  0.148453
1262  ID00351637202289476567312     14  2808   82.009346   78    Male         Ex-smoker  train         NaN          NaN      14.0     2808        0.0     1       0          1             0                 0  0.743590  0.333024  0.294737  0.427559
1263  ID00351637202289476567312     15  2441   71.290888   78    Male         Ex-smoker  train         NaN          NaN      14.0     2808        1.0     1       0          1             0                 0  0.743590  0.333024  0.300000  0.341306
1264  ID00351637202289476567312     17  2567   74.970794   78    Male         Ex-smoker  train         NaN          NaN      14.0     2808        3.0     1       0          1             0                 0  0.743590  0.333024  0.310526  0.370918
1265  ID00351637202289476567312     19  2788   81.425234   78    Male         Ex-smoker  train         NaN          NaN      14.0     2808        5.0     1       0          1             0                 0  0.743590  0.333024  0.321053  0.422858
1266  ID00351637202289476567312     21  2470   72.137850   78    Male         Ex-smoker  train         NaN          NaN      14.0     2808        7.0     1       0          1             0                 0  0.743590  0.333024  0.331579  0.348121
1267  ID00351637202289476567312     27  2475   72.283879   78    Male         Ex-smoker  train         NaN          NaN      14.0     2808       13.0     1       0          1             0                 0  0.743590  0.333024  0.363158  0.349296
1268  ID00351637202289476567312     39  2627   76.723131   78    Male         Ex-smoker  train         NaN          NaN      14.0     2808       25.0     1       0          1             0                 0  0.743590  0.333024  0.426316  0.385020
1269  ID00351637202289476567312     51  2694   78.679907   78    Male         Ex-smoker  train         NaN          NaN      14.0     2808       37.0     1       0          1             0                 0  0.743590  0.333024  0.489474  0.400766
1270  ID00351637202289476567312     66  2690   78.563084   78    Male         Ex-smoker  train         NaN          NaN      14.0     2808       52.0     1       0          1             0                 0  0.743590  0.333024  0.568421  0.399826
1271  ID00355637202295106567614     24  4418  141.222350   65    Male  Currently smokes  train         NaN          NaN      24.0     4418        0.0     1       0          0             0                 1  0.410256  0.632058  0.294737  0.904054
1272  ID00355637202295106567614     28  3681  117.663982   65    Male  Currently smokes  train         NaN          NaN      24.0     4418        4.0     1       0          0             0                 1  0.410256  0.632058  0.315789  0.714476
1273  ID00355637202295106567614     30  4416  141.158420   65    Male  Currently smokes  train         NaN          NaN      24.0     4418        6.0     1       0          0             0                 1  0.410256  0.632058  0.326316  0.903539
1274  ID00355637202295106567614     32  4323  138.185654   65    Male  Currently smokes  train         NaN          NaN      24.0     4418        8.0     1       0          0             0                 1  0.410256  0.632058  0.336842  0.879617
1275  ID00355637202295106567614     34  4514  144.291011   65    Male  Currently smokes  train         NaN          NaN      24.0     4418       10.0     1       0          0             0                 1  0.410256  0.632058  0.347368  0.928748
1276  ID00355637202295106567614     40  4762  152.218386   65    Male  Currently smokes  train         NaN          NaN      24.0     4418       16.0     1       0          0             0                 1  0.410256  0.632058  0.378947  0.992540
1277  ID00355637202295106567614     52  4730  151.195499   65    Male  Currently smokes  train         NaN          NaN      24.0     4418       28.0     1       0          0             0                 1  0.410256  0.632058  0.442105  0.984309
1278  ID00355637202295106567614     65  4791  153.145378   65    Male  Currently smokes  train         NaN          NaN      24.0     4418       41.0     1       0          0             0                 1  0.410256  0.632058  0.510526  1.000000
1279  ID00355637202295106567614     82  4447  142.149342   65    Male  Currently smokes  train         NaN          NaN      24.0     4418       58.0     1       0          0             0                 1  0.410256  0.632058  0.600000  0.911513
1280  ID00358637202295388077032      4  2030   48.072369   65    Male         Ex-smoker  train         NaN          NaN       4.0     2030        0.0     1       0          1             0                 0  0.410256  0.188522  0.294737  0.154463
1281  ID00358637202295388077032      8  2138   50.629914   65    Male         Ex-smoker  train         NaN          NaN       4.0     2030        4.0     1       0          1             0                 0  0.410256  0.188522  0.315789  0.175044
1282  ID00358637202295388077032     12  1939   45.917401   65    Male         Ex-smoker  train         NaN          NaN       4.0     2030        8.0     1       0          1             0                 0  0.410256  0.188522  0.336842  0.137122
1283  ID00358637202295388077032     14  2034   48.167093   65    Male         Ex-smoker  train         NaN          NaN       4.0     2030       10.0     1       0          1             0                 0  0.410256  0.188522  0.347368  0.155225
1284  ID00358637202295388077032     20  2035   48.190774   65    Male         Ex-smoker  train         NaN          NaN       4.0     2030       16.0     1       0          1             0                 0  0.410256  0.188522  0.378947  0.155416
1285  ID00358637202295388077032     33  1986   47.030406   65    Male         Ex-smoker  train         NaN          NaN       4.0     2030       29.0     1       0          1             0                 0  0.410256  0.188522  0.447368  0.146078
1286  ID00358637202295388077032     45  1823   43.170408   65    Male         Ex-smoker  train         NaN          NaN       4.0     2030       41.0     1       0          1             0                 0  0.410256  0.188522  0.510526  0.115016
1287  ID00358637202295388077032     62  2151   50.937766   65    Male         Ex-smoker  train         NaN          NaN       4.0     2030       58.0     1       0          1             0                 0  0.410256  0.188522  0.600000  0.177521
1288  ID00360637202295712204040      3  3107   91.436139   79    Male      Never smoked  train         NaN          NaN       3.0     3107        0.0     1       0          0             1                 0  0.769231  0.388559  0.294737  0.503417
1289  ID00360637202295712204040      5  2998   88.228370   79    Male      Never smoked  train         NaN          NaN       3.0     3107        2.0     1       0          0             1                 0  0.769231  0.388559  0.305263  0.477604
1290  ID00360637202295712204040      7  2714   79.870512   79    Male      Never smoked  train         NaN          NaN       3.0     3107        4.0     1       0          0             1                 0  0.769231  0.388559  0.315789  0.410347
1291  ID00360637202295712204040     10  2729   80.311948   79    Male      Never smoked  train         NaN          NaN       3.0     3107        7.0     1       0          0             1                 0  0.769231  0.388559  0.331579  0.413899
1292  ID00360637202295712204040     12  2760   81.224250   79    Male      Never smoked  train         NaN          NaN       3.0     3107        9.0     1       0          0             1                 0  0.769231  0.388559  0.342105  0.421241
1293  ID00360637202295712204040     17  2904   85.462036   79    Male      Never smoked  train         NaN          NaN       3.0     3107       14.0     1       0          0             1                 0  0.769231  0.388559  0.368421  0.455343
1294  ID00360637202295712204040     29  2731   80.370806   79    Male      Never smoked  train         NaN          NaN       3.0     3107       26.0     1       0          0             1                 0  0.769231  0.388559  0.431579  0.414373
1295  ID00360637202295712204040     41  2687   79.075927   79    Male      Never smoked  train         NaN          NaN       3.0     3107       38.0     1       0          0             1                 0  0.769231  0.388559  0.494737  0.403953
1296  ID00360637202295712204040     57  2889   85.020600   79    Male      Never smoked  train         NaN          NaN       3.0     3107       54.0     1       0          0             1                 0  0.769231  0.388559  0.578947  0.451791
1297  ID00364637202296074419422     37  3191   91.171429   64    Male         Ex-smoker  train         NaN          NaN      37.0     3191        0.0     1       0          1             0                 0  0.384615  0.404160  0.294737  0.501287
1298  ID00364637202296074419422     41  3067   87.628571   64    Male         Ex-smoker  train         NaN          NaN      37.0     3191        4.0     1       0          1             0                 0  0.384615  0.404160  0.315789  0.472777
1299  ID00364637202296074419422     43  3034   86.685714   64    Male         Ex-smoker  train         NaN          NaN      37.0     3191        6.0     1       0          1             0                 0  0.384615  0.404160  0.326316  0.465190
1300  ID00364637202296074419422     45  2815   80.428571   64    Male         Ex-smoker  train         NaN          NaN      37.0     3191        8.0     1       0          1             0                 0  0.384615  0.404160  0.336842  0.414838
1301  ID00364637202296074419422     47  2828   80.800000   64    Male         Ex-smoker  train         NaN          NaN      37.0     3191       10.0     1       0          1             0                 0  0.384615  0.404160  0.347368  0.417827
1302  ID00364637202296074419422     53  3032   86.628571   64    Male         Ex-smoker  train         NaN          NaN      37.0     3191       16.0     1       0          1             0                 0  0.384615  0.404160  0.378947  0.464730
1303  ID00364637202296074419422     65  3064   87.542857   64    Male         Ex-smoker  train         NaN          NaN      37.0     3191       28.0     1       0          1             0                 0  0.384615  0.404160  0.442105  0.472088
1304  ID00364637202296074419422     77  2466   70.457143   64    Male         Ex-smoker  train         NaN          NaN      37.0     3191       40.0     1       0          1             0                 0  0.384615  0.404160  0.505263  0.334596
1305  ID00364637202296074419422     94  2170   62.000000   64    Male         Ex-smoker  train         NaN          NaN      37.0     3191       57.0     1       0          1             0                 0  0.384615  0.404160  0.594737  0.266541
1306  ID00365637202296085035729     35  2421   71.720583   71    Male         Ex-smoker  train         NaN          NaN      35.0     2421        0.0     1       0          1             0                 0  0.564103  0.261144  0.294737  0.344764
1307  ID00365637202296085035729     37  2335   69.172888   71    Male         Ex-smoker  train         NaN          NaN      35.0     2421        2.0     1       0          1             0                 0  0.564103  0.261144  0.305263  0.324262
1308  ID00365637202296085035729     39  2581   76.460481   71    Male         Ex-smoker  train         NaN          NaN      35.0     2421        4.0     1       0          1             0                 0  0.564103  0.261144  0.315789  0.382906
1309  ID00365637202296085035729     42  2416   71.572461   71    Male         Ex-smoker  train         NaN          NaN      35.0     2421        7.0     1       0          1             0                 0  0.564103  0.261144  0.331579  0.343572
1310  ID00365637202296085035729     43  2398   71.039223   71    Male         Ex-smoker  train         NaN          NaN      35.0     2421        8.0     1       0          1             0                 0  0.564103  0.261144  0.336842  0.339281
1311  ID00365637202296085035729     49  2230   66.062330   71    Male         Ex-smoker  train         NaN          NaN      35.0     2421       14.0     1       0          1             0                 0  0.564103  0.261144  0.368421  0.299231
1312  ID00365637202296085035729     61  2294   67.958289   71    Male         Ex-smoker  train         NaN          NaN      35.0     2421       26.0     1       0          1             0                 0  0.564103  0.261144  0.431579  0.314488
1313  ID00365637202296085035729     73  2122   62.862898   71    Male         Ex-smoker  train         NaN          NaN      35.0     2421       38.0     1       0          1             0                 0  0.564103  0.261144  0.494737  0.273485
1314  ID00367637202296290303449     35  1366   55.750551   57  Female      Never smoked  train         NaN          NaN      35.0     1366        0.0     0       1          0             1                 0  0.205128  0.065193  0.294737  0.216251
1315  ID00367637202296290303449     36  1389   56.689250   57  Female      Never smoked  train         NaN          NaN      35.0     1366        1.0     0       1          0             1                 0  0.205128  0.065193  0.300000  0.223804
1316  ID00367637202296290303449     38  1467   59.872663   57  Female      Never smoked  train         NaN          NaN      35.0     1366        3.0     0       1          0             1                 0  0.205128  0.065193  0.310526  0.249422
1317  ID00367637202296290303449     40  1324   54.036405   57  Female      Never smoked  train         NaN          NaN      35.0     1366        5.0     0       1          0             1                 0  0.205128  0.065193  0.321053  0.202457
1318  ID00367637202296290303449     42  1332   54.362909   57  Female      Never smoked  train         NaN          NaN      35.0     1366        7.0     0       1          0             1                 0  0.205128  0.065193  0.331579  0.205084
1319  ID00367637202296290303449     48  1593   65.015101   57  Female      Never smoked  train         NaN          NaN      35.0     1366       13.0     0       1          0             1                 0  0.205128  0.065193  0.363158  0.290804
1320  ID00367637202296290303449     59  1329   54.240470   57  Female      Never smoked  train         NaN          NaN      35.0     1366       24.0     0       1          0             1                 0  0.205128  0.065193  0.421053  0.204099
1321  ID00367637202296290303449     72  1315   53.669088   57  Female      Never smoked  train         NaN          NaN      35.0     1366       37.0     0       1          0             1                 0  0.205128  0.065193  0.489474  0.199501
1322  ID00367637202296290303449     87   837   34.160477   57  Female      Never smoked  train         NaN          NaN      35.0     1366       52.0     0       1          0             1                 0  0.205128  0.065193  0.568421  0.042512
1323  ID00368637202296470751086      7  3128   83.147262   65    Male      Never smoked  train         NaN          NaN       7.0     3128        0.0     1       0          0             1                 0  0.410256  0.392459  0.294737  0.436716
1324  ID00368637202296470751086     11  3032   80.595428   65    Male      Never smoked  train         NaN          NaN       7.0     3128        4.0     1       0          0             1                 0  0.410256  0.392459  0.315789  0.416181
1325  ID00368637202296470751086     13  3107   82.589048   65    Male      Never smoked  train         NaN          NaN       7.0     3128        6.0     1       0          0             1                 0  0.410256  0.392459  0.326316  0.432224
1326  ID00368637202296470751086     15  2932   77.937267   65    Male      Never smoked  train         NaN          NaN       7.0     3128        8.0     1       0          0             1                 0  0.410256  0.392459  0.336842  0.394790
1327  ID00368637202296470751086     17  2964   78.787879   65    Male      Never smoked  train         NaN          NaN       7.0     3128       10.0     1       0          0             1                 0  0.410256  0.392459  0.347368  0.401635
1328  ID00368637202296470751086     23  2812   74.747475   65    Male      Never smoked  train         NaN          NaN       7.0     3128       16.0     1       0          0             1                 0  0.410256  0.392459  0.378947  0.369121
1329  ID00368637202296470751086     35  2963   78.761297   65    Male      Never smoked  train         NaN          NaN       7.0     3128       28.0     1       0          0             1                 0  0.410256  0.392459  0.442105  0.401421
1330  ID00368637202296470751086     47  2801   74.455077   65    Male      Never smoked  train         NaN          NaN       7.0     3128       40.0     1       0          0             1                 0  0.410256  0.392459  0.505263  0.366768
1331  ID00368637202296470751086     64  3019   80.249867   65    Male      Never smoked  train         NaN          NaN       7.0     3128       57.0     1       0          0             1                 0  0.410256  0.392459  0.594737  0.413400
1332  ID00370637202296737666151     12  2308   63.806259   75    Male         Ex-smoker  train         NaN          NaN      12.0     2308        0.0     1       0          1             0                 0  0.666667  0.240156  0.294737  0.281076
1333  ID00370637202296737666151     13  2211   61.124627   75    Male         Ex-smoker  train         NaN          NaN      12.0     2308        1.0     1       0          1             0                 0  0.666667  0.240156  0.300000  0.259496
1334  ID00370637202296737666151     15  2237   61.843415   75    Male         Ex-smoker  train         NaN          NaN      12.0     2308        3.0     1       0          1             0                 0  0.666667  0.240156  0.310526  0.265281
1335  ID00370637202296737666151     17  2244   62.036935   75    Male         Ex-smoker  train         NaN          NaN      12.0     2308        5.0     1       0          1             0                 0  0.666667  0.240156  0.321053  0.266838
1336  ID00370637202296737666151     19  2270   62.755723   75    Male         Ex-smoker  train         NaN          NaN      12.0     2308        7.0     1       0          1             0                 0  0.666667  0.240156  0.331579  0.272622
1337  ID00370637202296737666151     25  2209   61.069335   75    Male         Ex-smoker  train         NaN          NaN      12.0     2308       13.0     1       0          1             0                 0  0.666667  0.240156  0.363158  0.259051
1338  ID00370637202296737666151     37  2243   62.009289   75    Male         Ex-smoker  train         NaN          NaN      12.0     2308       25.0     1       0          1             0                 0  0.666667  0.240156  0.426316  0.266615
1339  ID00370637202296737666151     49  2219   61.345792   75    Male         Ex-smoker  train         NaN          NaN      12.0     2308       37.0     1       0          1             0                 0  0.666667  0.240156  0.489474  0.261276
1340  ID00370637202296737666151     64  2250   62.202809   75    Male         Ex-smoker  train         NaN          NaN      12.0     2308       52.0     1       0          1             0                 0  0.666667  0.240156  0.568421  0.268173
1341  ID00371637202296828615743      6  2470   57.059693   71    Male         Ex-smoker  train         NaN          NaN       6.0     2470        0.0     1       0          1             0                 0  0.564103  0.270245  0.294737  0.226785
1342  ID00371637202296828615743      8  2474   57.152098   71    Male         Ex-smoker  train         NaN          NaN       6.0     2470        2.0     1       0          1             0                 0  0.564103  0.270245  0.305263  0.227529
1343  ID00371637202296828615743     10  2508   57.937535   71    Male         Ex-smoker  train         NaN          NaN       6.0     2470        4.0     1       0          1             0                 0  0.564103  0.270245  0.315789  0.233849
1344  ID00371637202296828615743     12  2468   57.013491   71    Male         Ex-smoker  train         NaN          NaN       6.0     2470        6.0     1       0          1             0                 0  0.564103  0.270245  0.326316  0.226414
1345  ID00371637202296828615743     14  2452   56.643874   71    Male         Ex-smoker  train         NaN          NaN       6.0     2470        8.0     1       0          1             0                 0  0.564103  0.270245  0.336842  0.223439
1346  ID00371637202296828615743     20  2510   57.983737   71    Male         Ex-smoker  train         NaN          NaN       6.0     2470       14.0     1       0          1             0                 0  0.564103  0.270245  0.368421  0.234221
1347  ID00371637202296828615743     33  2479   57.267603   71    Male         Ex-smoker  train         NaN          NaN       6.0     2470       27.0     1       0          1             0                 0  0.564103  0.270245  0.436842  0.228458
1348  ID00371637202296828615743     44  2419   55.881538   71    Male         Ex-smoker  train         NaN          NaN       6.0     2470       38.0     1       0          1             0                 0  0.564103  0.270245  0.494737  0.217305
1349  ID00371637202296828615743     60  2232   51.561634   71    Male         Ex-smoker  train         NaN          NaN       6.0     2470       54.0     1       0          1             0                 0  0.564103  0.270245  0.578947  0.182542
1350  ID00376637202297677828573     39  4284  119.664804   72    Male      Never smoked  train         NaN          NaN      39.0     4284        0.0     1       0          0             1                 0  0.589744  0.607169  0.294737  0.730577
1351  ID00376637202297677828573     41  4316  120.558659   72    Male      Never smoked  train         NaN          NaN      39.0     4284        2.0     1       0          0             1                 0  0.589744  0.607169  0.305263  0.737770
1352  ID00376637202297677828573     44  4386  122.513966   72    Male      Never smoked  train         NaN          NaN      39.0     4284        5.0     1       0          0             1                 0  0.589744  0.607169  0.321053  0.753505
1353  ID00376637202297677828573     46  4319  120.642458   72    Male      Never smoked  train         NaN          NaN      39.0     4284        7.0     1       0          0             1                 0  0.589744  0.607169  0.331579  0.738445
1354  ID00376637202297677828573     48  4320  120.670391   72    Male      Never smoked  train         NaN          NaN      39.0     4284        9.0     1       0          0             1                 0  0.589744  0.607169  0.342105  0.738669
1355  ID00376637202297677828573     53  4157  116.117318   72    Male      Never smoked  train         NaN          NaN      39.0     4284       14.0     1       0          0             1                 0  0.589744  0.607169  0.368421  0.702030
1356  ID00376637202297677828573     65  4186  116.927374   72    Male      Never smoked  train         NaN          NaN      39.0     4284       26.0     1       0          0             1                 0  0.589744  0.607169  0.431579  0.708549
1357  ID00376637202297677828573     77  4251  118.743017   72    Male      Never smoked  train         NaN          NaN      39.0     4284       38.0     1       0          0             1                 0  0.589744  0.607169  0.494737  0.723159
1358  ID00376637202297677828573     93  4125  115.223464   72    Male      Never smoked  train         NaN          NaN      39.0     4284       54.0     1       0          0             1                 0  0.589744  0.607169  0.578947  0.694837
1359  ID00378637202298597306391     25  3338   77.917834   56    Male      Never smoked  train         NaN          NaN      25.0     3338        0.0     1       0          0             1                 0  0.179487  0.431464  0.294737  0.394634
1360  ID00378637202298597306391     27  3242   75.676937   56    Male      Never smoked  train         NaN          NaN      25.0     3338        2.0     1       0          0             1                 0  0.179487  0.431464  0.305263  0.376601
1361  ID00378637202298597306391     29  3336   77.871148   56    Male      Never smoked  train         NaN          NaN      25.0     3338        4.0     1       0          0             1                 0  0.179487  0.431464  0.315789  0.394258
1362  ID00378637202298597306391     31  3271   76.353875   56    Male      Never smoked  train         NaN          NaN      25.0     3338        6.0     1       0          0             1                 0  0.179487  0.431464  0.326316  0.382048
1363  ID00378637202298597306391     33  3190   74.463119   56    Male      Never smoked  train         NaN          NaN      25.0     3338        8.0     1       0          0             1                 0  0.179487  0.431464  0.336842  0.366833
1364  ID00378637202298597306391     39  3629   84.710551   56    Male      Never smoked  train         NaN          NaN      25.0     3338       14.0     1       0          0             1                 0  0.179487  0.431464  0.368421  0.449296
1365  ID00378637202298597306391     50  3623   84.570495   56    Male      Never smoked  train         NaN          NaN      25.0     3338       25.0     1       0          0             1                 0  0.179487  0.431464  0.426316  0.448169
1366  ID00378637202298597306391     63  3290   76.797386   56    Male      Never smoked  train         NaN          NaN      25.0     3338       38.0     1       0          0             1                 0  0.179487  0.431464  0.494737  0.385617
1367  ID00378637202298597306391     80  2939   68.604108   56    Male      Never smoked  train         NaN          NaN      25.0     3338       55.0     1       0          0             1                 0  0.179487  0.431464  0.584211  0.319685
1368  ID00381637202299644114027      5  2415   56.914593   62    Male         Ex-smoker  train         NaN          NaN       5.0     2415        0.0     1       0          1             0                 0  0.333333  0.260030  0.294737  0.225618
1369  ID00381637202299644114027      7  2242   52.837481   62    Male         Ex-smoker  train         NaN          NaN       5.0     2415        2.0     1       0          1             0                 0  0.333333  0.260030  0.305263  0.192809
1370  ID00381637202299644114027      9  2335   55.029223   62    Male         Ex-smoker  train         NaN          NaN       5.0     2415        4.0     1       0          1             0                 0  0.333333  0.260030  0.315789  0.210446
1371  ID00381637202299644114027     11  2202   51.894796   62    Male         Ex-smoker  train         NaN          NaN       5.0     2415        6.0     1       0          1             0                 0  0.333333  0.260030  0.326316  0.185223
1372  ID00381637202299644114027     13  2068   48.736802   62    Male         Ex-smoker  train         NaN          NaN       5.0     2415        8.0     1       0          1             0                 0  0.333333  0.260030  0.336842  0.159810
1373  ID00381637202299644114027     19  1997   47.063537   62    Male         Ex-smoker  train         NaN          NaN       5.0     2415       14.0     1       0          1             0                 0  0.333333  0.260030  0.368421  0.146345
1374  ID00381637202299644114027     31  1996   47.039970   62    Male         Ex-smoker  train         NaN          NaN       5.0     2415       26.0     1       0          1             0                 0  0.333333  0.260030  0.431579  0.146155
1375  ID00383637202300493233675     48  3237  114.864625   64  Female      Never smoked  train         NaN          NaN      48.0     3237        0.0     0       1          0             1                 0  0.384615  0.412704  0.294737  0.691950
1376  ID00383637202300493233675     50  3064  108.725737   64  Female      Never smoked  train         NaN          NaN      48.0     3237        2.0     0       1          0             1                 0  0.384615  0.412704  0.305263  0.642549
1377  ID00383637202300493233675     52  3109  110.322558   64  Female      Never smoked  train         NaN          NaN      48.0     3237        4.0     0       1          0             1                 0  0.384615  0.412704  0.315789  0.655399
1378  ID00383637202300493233675     54  3246  115.183989   64  Female      Never smoked  train         NaN          NaN      48.0     3237        6.0     0       1          0             1                 0  0.384615  0.412704  0.326316  0.694520
1379  ID00383637202300493233675     56  3184  112.983925   64  Female      Never smoked  train         NaN          NaN      48.0     3237        8.0     0       1          0             1                 0  0.384615  0.412704  0.336842  0.676815
1380  ID00383637202300493233675     63  3121  110.748377   64  Female      Never smoked  train         NaN          NaN      48.0     3237       15.0     0       1          0             1                 0  0.384615  0.412704  0.373684  0.658826
1381  ID00383637202300493233675     74  3008  106.738583   64  Female      Never smoked  train         NaN          NaN      48.0     3237       26.0     0       1          0             1                 0  0.384615  0.412704  0.431579  0.626558
1382  ID00383637202300493233675     86  2862  101.557787   64  Female      Never smoked  train         NaN          NaN      48.0     3237       38.0     0       1          0             1                 0  0.384615  0.412704  0.494737  0.584868
1383  ID00383637202300493233675    102  3036  107.732160   64  Female      Never smoked  train         NaN          NaN      48.0     3237       54.0     0       1          0             1                 0  0.384615  0.412704  0.578947  0.634554
1384  ID00388637202301028491611      0  3157   79.746388   53    Male         Ex-smoker  train         NaN          NaN       0.0     3157        0.0     1       0          1             0                 0  0.102564  0.397845  0.294737  0.409348
1385  ID00388637202301028491611      3  3282   82.903910   53    Male         Ex-smoker  train         NaN          NaN       0.0     3157        3.0     1       0          1             0                 0  0.102564  0.397845  0.310526  0.434757
1386  ID00388637202301028491611      5  3042   76.841467   53    Male         Ex-smoker  train         NaN          NaN       0.0     3157        5.0     1       0          1             0                 0  0.102564  0.397845  0.321053  0.385972
1387  ID00388637202301028491611      7  3101   78.331818   53    Male         Ex-smoker  train         NaN          NaN       0.0     3157        7.0     1       0          1             0                 0  0.102564  0.397845  0.331579  0.397965
1388  ID00388637202301028491611      8  3046   76.942508   53    Male         Ex-smoker  train         NaN          NaN       0.0     3157        8.0     1       0          1             0                 0  0.102564  0.397845  0.336842  0.386785
1389  ID00388637202301028491611     15  3029   76.513085   53    Male         Ex-smoker  train         NaN          NaN       0.0     3157       15.0     1       0          1             0                 0  0.102564  0.397845  0.373684  0.383329
1390  ID00388637202301028491611     27  3045   76.917248   53    Male         Ex-smoker  train         NaN          NaN       0.0     3157       27.0     1       0          1             0                 0  0.102564  0.397845  0.436842  0.386582
1391  ID00388637202301028491611     39  2887   72.926139   53    Male         Ex-smoker  train         NaN          NaN       0.0     3157       39.0     1       0          1             0                 0  0.102564  0.397845  0.500000  0.354465
1392  ID00388637202301028491611     56  2989   75.502678   53    Male         Ex-smoker  train         NaN          NaN       0.0     3157       56.0     1       0          1             0                 0  0.102564  0.397845  0.589474  0.375199
1393  ID00388637202301028491611     59  2756   69.617056   53    Male         Ex-smoker  train         NaN          NaN       0.0     3157       59.0     1       0          1             0                 0  0.102564  0.397845  0.605263  0.327836
1394  ID00392637202302319160044      5  2231   55.442346   66    Male         Ex-smoker  train         NaN          NaN       5.0     2231        0.0     1       0          1             0                 0  0.435897  0.225854  0.294737  0.213770
1395  ID00392637202302319160044      7  2104   52.286282   66    Male         Ex-smoker  train         NaN          NaN       5.0     2231        2.0     1       0          1             0                 0  0.435897  0.225854  0.305263  0.188373
1396  ID00392637202302319160044      9  2214   55.019881   66    Male         Ex-smoker  train         NaN          NaN       5.0     2231        4.0     1       0          1             0                 0  0.435897  0.225854  0.315789  0.210371
1397  ID00392637202302319160044     11  2159   53.653082   66    Male         Ex-smoker  train         NaN          NaN       5.0     2231        6.0     1       0          1             0                 0  0.435897  0.225854  0.326316  0.199372
1398  ID00392637202302319160044     13  2040   50.695825   66    Male         Ex-smoker  train         NaN          NaN       5.0     2231        8.0     1       0          1             0                 0  0.435897  0.225854  0.336842  0.175574
1399  ID00392637202302319160044     19  2058   51.143141   66    Male         Ex-smoker  train         NaN          NaN       5.0     2231       14.0     1       0          1             0                 0  0.435897  0.225854  0.368421  0.179174
1400  ID00392637202302319160044     31  1996   49.602386   66    Male         Ex-smoker  train         NaN          NaN       5.0     2231       26.0     1       0          1             0                 0  0.435897  0.225854  0.431579  0.166775
1401  ID00392637202302319160044     43  1830   45.477137   66    Male         Ex-smoker  train         NaN          NaN       5.0     2231       38.0     1       0          1             0                 0  0.435897  0.225854  0.494737  0.133579
1402  ID00392637202302319160044     59  1808   44.930417   66    Male         Ex-smoker  train         NaN          NaN       5.0     2231       54.0     1       0          1             0                 0  0.435897  0.225854  0.578947  0.129179
1403  ID00393637202302431697467      0  3562   89.094547   67    Male      Never smoked  train         NaN          NaN       0.0     3562        0.0     1       0          0             1                 0  0.461538  0.473068  0.294737  0.484574
1404  ID00393637202302431697467      6  3936   98.449225   67    Male      Never smoked  train         NaN          NaN       0.0     3562        6.0     1       0          0             1                 0  0.461538  0.473068  0.326316  0.559853
1405  ID00393637202302431697467      8  3589   89.769885   67    Male      Never smoked  train         NaN          NaN       0.0     3562        8.0     1       0          0             1                 0  0.461538  0.473068  0.336842  0.490009
1406  ID00393637202302431697467     10  3635   90.920460   67    Male      Never smoked  train         NaN          NaN       0.0     3562       10.0     1       0          0             1                 0  0.461538  0.473068  0.347368  0.499268
1407  ID00393637202302431697467     12  3885   97.173587   67    Male      Never smoked  train         NaN          NaN       0.0     3562       12.0     1       0          0             1                 0  0.461538  0.473068  0.357895  0.549587
1408  ID00393637202302431697467     18  3745   93.671836   67    Male      Never smoked  train         NaN          NaN       0.0     3562       18.0     1       0          0             1                 0  0.461538  0.473068  0.389474  0.521408
1409  ID00393637202302431697467     30  3577   89.469735   67    Male      Never smoked  train         NaN          NaN       0.0     3562       30.0     1       0          0             1                 0  0.461538  0.473068  0.452632  0.487593
1410  ID00393637202302431697467     41  3576   89.444722   67    Male      Never smoked  train         NaN          NaN       0.0     3562       41.0     1       0          0             1                 0  0.461538  0.473068  0.510526  0.487392
1411  ID00393637202302431697467     58  3540   88.544272   67    Male      Never smoked  train         NaN          NaN       0.0     3562       58.0     1       0          0             1                 0  0.461538  0.473068  0.600000  0.480146
1412  ID00398637202303897337979     11  3046   89.546096   70    Male         Ex-smoker  train         NaN          NaN      11.0     3046        0.0     1       0          1             0                 0  0.538462  0.377229  0.294737  0.488208
1413  ID00398637202303897337979     13  2878   84.607244   70    Male         Ex-smoker  train         NaN          NaN      11.0     3046        2.0     1       0          1             0                 0  0.538462  0.377229  0.305263  0.448464
1414  ID00398637202303897337979     15  2839   83.460724   70    Male         Ex-smoker  train         NaN          NaN      11.0     3046        4.0     1       0          1             0                 0  0.538462  0.377229  0.315789  0.439238
1415  ID00398637202303897337979     17  2808   82.549389   70    Male         Ex-smoker  train         NaN          NaN      11.0     3046        6.0     1       0          1             0                 0  0.538462  0.377229  0.326316  0.431904
1416  ID00398637202303897337979     19  2592   76.199436   70    Male         Ex-smoker  train         NaN          NaN      11.0     3046        8.0     1       0          1             0                 0  0.538462  0.377229  0.336842  0.380805
1417  ID00398637202303897337979     25  2461   72.348307   70    Male         Ex-smoker  train         NaN          NaN      11.0     3046       14.0     1       0          1             0                 0  0.538462  0.377229  0.368421  0.349815
1418  ID00398637202303897337979     37  2349   69.055738   70    Male         Ex-smoker  train         NaN          NaN      11.0     3046       26.0     1       0          1             0                 0  0.538462  0.377229  0.431579  0.323319
1419  ID00398637202303897337979     49  2083   61.235889   70    Male         Ex-smoker  train         NaN          NaN      11.0     3046       38.0     1       0          1             0                 0  0.538462  0.377229  0.494737  0.260392
1420  ID00400637202305055099402     29  3962   88.382261   55    Male         Ex-smoker  train         NaN          NaN      29.0     3962        0.0     1       0          1             0                 0  0.153846  0.547363  0.294737  0.478842
1421  ID00400637202305055099402     30  3936   87.802266   55    Male         Ex-smoker  train         NaN          NaN      29.0     3962        1.0     1       0          1             0                 0  0.153846  0.547363  0.300000  0.474175
1422  ID00400637202305055099402     32  3895   86.887659   55    Male         Ex-smoker  train         NaN          NaN      29.0     3962        3.0     1       0          1             0                 0  0.153846  0.547363  0.310526  0.466815
1423  ID00400637202305055099402     33  3924   87.534577   55    Male         Ex-smoker  train         NaN          NaN      29.0     3962        4.0     1       0          1             0                 0  0.153846  0.547363  0.315789  0.472021
1424  ID00400637202305055099402     36  3856   86.017668   55    Male         Ex-smoker  train         NaN          NaN      29.0     3962        7.0     1       0          1             0                 0  0.153846  0.547363  0.331579  0.459814
1425  ID00400637202305055099402     42  3949   88.092264   55    Male         Ex-smoker  train         NaN          NaN      29.0     3962       13.0     1       0          1             0                 0  0.153846  0.547363  0.363158  0.476509
1426  ID00400637202305055099402     54  4013   89.519943   55    Male         Ex-smoker  train         NaN          NaN      29.0     3962       25.0     1       0          1             0                 0  0.153846  0.547363  0.426316  0.487997
1427  ID00400637202305055099402     65  4014   89.542250   55    Male         Ex-smoker  train         NaN          NaN      29.0     3962       36.0     1       0          1             0                 0  0.153846  0.547363  0.484211  0.488177
1428  ID00400637202305055099402     82  3797   84.701526   55    Male         Ex-smoker  train         NaN          NaN      29.0     3962       53.0     1       0          1             0                 0  0.153846  0.547363  0.573684  0.449223
1429  ID00400637202305055099402     85  3874   86.419202   55    Male         Ex-smoker  train         NaN          NaN      29.0     3962       56.0     1       0          1             0                 0  0.153846  0.547363  0.589474  0.463045
1430  ID00401637202305320178010     42  2184   80.382775   74  Female         Ex-smoker  train         NaN          NaN      42.0     2184        0.0     0       1          1             0                 0  0.641026  0.217125  0.294737  0.414469
1431  ID00401637202305320178010     47  1971   72.543246   74  Female         Ex-smoker  train         NaN          NaN      42.0     2184        5.0     0       1          1             0                 0  0.641026  0.217125  0.321053  0.351384
1432  ID00401637202305320178010     49  1793   65.991903   74  Female         Ex-smoker  train         NaN          NaN      42.0     2184        7.0     0       1          1             0                 0  0.641026  0.217125  0.331579  0.298664
1433  ID00401637202305320178010     51  1845   67.905778   74  Female         Ex-smoker  train         NaN          NaN      42.0     2184        9.0     0       1          1             0                 0  0.641026  0.217125  0.342105  0.314065
1434  ID00401637202305320178010     53  1734   63.820390   74  Female         Ex-smoker  train         NaN          NaN      42.0     2184       11.0     0       1          1             0                 0  0.641026  0.217125  0.352632  0.281190
1435  ID00401637202305320178010     59  1750   64.409275   74  Female         Ex-smoker  train         NaN          NaN      42.0     2184       17.0     0       1          1             0                 0  0.641026  0.217125  0.384211  0.285928
1436  ID00401637202305320178010     71  1992   73.316158   74  Female         Ex-smoker  train         NaN          NaN      42.0     2184       29.0     0       1          1             0                 0  0.641026  0.217125  0.447368  0.357603
1437  ID00401637202305320178010     82  1889   69.525212   74  Female         Ex-smoker  train         NaN          NaN      42.0     2184       40.0     0       1          1             0                 0  0.641026  0.217125  0.505263  0.327097
1438  ID00401637202305320178010     99  1892   69.635628   74  Female         Ex-smoker  train         NaN          NaN      42.0     2184       57.0     0       1          1             0                 0  0.641026  0.217125  0.594737  0.327986
1439  ID00405637202308359492977      0  1560   61.821352   61  Female      Never smoked  train         NaN          NaN       0.0     1560        0.0     0       1          0             1                 0  0.307692  0.101226  0.294737  0.265103
1440  ID00405637202308359492977      6  1546   61.266545   61  Female      Never smoked  train         NaN          NaN       0.0     1560        6.0     0       1          0             1                 0  0.307692  0.101226  0.326316  0.260638
1441  ID00405637202308359492977      8  1565   62.019498   61  Female      Never smoked  train         NaN          NaN       0.0     1560        8.0     0       1          0             1                 0  0.307692  0.101226  0.336842  0.266698
1442  ID00405637202308359492977     11  1471   58.294365   61  Female      Never smoked  train         NaN          NaN       0.0     1560       11.0     0       1          0             1                 0  0.307692  0.101226  0.352632  0.236721
1443  ID00405637202308359492977     12  1603   63.525402   61  Female      Never smoked  train         NaN          NaN       0.0     1560       12.0     0       1          0             1                 0  0.307692  0.101226  0.357895  0.278816
1444  ID00405637202308359492977     18  1584   62.772450   61  Female      Never smoked  train         NaN          NaN       0.0     1560       18.0     0       1          0             1                 0  0.307692  0.101226  0.389474  0.272757
1445  ID00405637202308359492977     31  1523   60.355076   61  Female      Never smoked  train         NaN          NaN       0.0     1560       31.0     0       1          0             1                 0  0.307692  0.101226  0.457895  0.253304
1446  ID00405637202308359492977     42  1412   55.956250   61  Female      Never smoked  train         NaN          NaN       0.0     1560       42.0     0       1          0             1                 0  0.307692  0.101226  0.515789  0.217906
1447  ID00405637202308359492977     58  1547   61.306174   61  Female      Never smoked  train         NaN          NaN       0.0     1560       58.0     0       1          0             1                 0  0.307692  0.101226  0.600000  0.260957
1448  ID00407637202308788732304     21  3179   93.764748   66    Male         Ex-smoker  train         NaN          NaN      21.0     3179        0.0     1       0          1             0                 0  0.435897  0.401932  0.294737  0.522156
1449  ID00407637202308788732304     22  3201   94.413639   66    Male         Ex-smoker  train         NaN          NaN      21.0     3179        1.0     1       0          1             0                 0  0.435897  0.401932  0.300000  0.527378
1450  ID00407637202308788732304     24  3190   94.089193   66    Male         Ex-smoker  train         NaN          NaN      21.0     3179        3.0     1       0          1             0                 0  0.435897  0.401932  0.310526  0.524767
1451  ID00407637202308788732304     26  3032   89.428976   66    Male         Ex-smoker  train         NaN          NaN      21.0     3179        5.0     1       0          1             0                 0  0.435897  0.401932  0.321053  0.487265
1452  ID00407637202308788732304     28  3188   94.030203   66    Male         Ex-smoker  train         NaN          NaN      21.0     3179        7.0     1       0          1             0                 0  0.435897  0.401932  0.331579  0.524292
1453  ID00407637202308788732304     33  3096   91.316659   66    Male         Ex-smoker  train         NaN          NaN      21.0     3179       12.0     1       0          1             0                 0  0.435897  0.401932  0.357895  0.502456
1454  ID00407637202308788732304     46  3067   90.461303   66    Male         Ex-smoker  train         NaN          NaN      21.0     3179       25.0     1       0          1             0                 0  0.435897  0.401932  0.426316  0.495573
1455  ID00407637202308788732304     57  2944   86.833412   66    Male         Ex-smoker  train         NaN          NaN      21.0     3179       36.0     1       0          1             0                 0  0.435897  0.401932  0.484211  0.466379
1456  ID00407637202308788732304     75  2963   87.393818   66    Male         Ex-smoker  train         NaN          NaN      21.0     3179       54.0     1       0          1             0                 0  0.435897  0.401932  0.578947  0.470888
1457  ID00408637202308839708961     13  2651   97.405938   74    Male         Ex-smoker  train         NaN          NaN      13.0     2651        0.0     1       0          1             0                 0  0.641026  0.303863  0.294737  0.551457
1458  ID00408637202308839708961     14  2377   87.338330   74    Male         Ex-smoker  train         NaN          NaN      13.0     2651        1.0     1       0          1             0                 0  0.641026  0.303863  0.300000  0.470442
1459  ID00408637202308839708961     16  2414   88.697825   74    Male         Ex-smoker  train         NaN          NaN      13.0     2651        3.0     1       0          1             0                 0  0.641026  0.303863  0.310526  0.481382
1460  ID00408637202308839708961     18  2384   87.595532   74    Male         Ex-smoker  train         NaN          NaN      13.0     2651        5.0     1       0          1             0                 0  0.641026  0.303863  0.321053  0.472511
1461  ID00408637202308839708961     20  2181   80.136684   74    Male         Ex-smoker  train         NaN          NaN      13.0     2651        7.0     1       0          1             0                 0  0.641026  0.303863  0.331579  0.412489
1462  ID00408637202308839708961     26  2374   87.228101   74    Male         Ex-smoker  train         NaN          NaN      13.0     2651       13.0     1       0          1             0                 0  0.641026  0.303863  0.363158  0.469555
1463  ID00408637202308839708961     37  2504   92.004703   74    Male         Ex-smoker  train         NaN          NaN      13.0     2651       24.0     1       0          1             0                 0  0.641026  0.303863  0.421053  0.507993
1464  ID00408637202308839708961     50  2416   88.771311   74    Male         Ex-smoker  train         NaN          NaN      13.0     2651       37.0     1       0          1             0                 0  0.641026  0.303863  0.489474  0.481973
1465  ID00411637202309374271828      7  1556   43.352279   65    Male         Ex-smoker  train         NaN          NaN       7.0     1556        0.0     1       0          1             0                 0  0.410256  0.100483  0.294737  0.116480
1466  ID00411637202309374271828      8  1788   49.816115   65    Male         Ex-smoker  train         NaN          NaN       7.0     1556        1.0     1       0          1             0                 0  0.410256  0.100483  0.300000  0.168495
1467  ID00411637202309374271828     10  1843   51.348490   65    Male         Ex-smoker  train         NaN          NaN       7.0     1556        3.0     1       0          1             0                 0  0.410256  0.100483  0.310526  0.180827
1468  ID00411637202309374271828     12  1772   49.370333   65    Male         Ex-smoker  train         NaN          NaN       7.0     1556        5.0     1       0          1             0                 0  0.410256  0.100483  0.321053  0.164908
1469  ID00411637202309374271828     14  1668   46.472752   65    Male         Ex-smoker  train         NaN          NaN       7.0     1556        7.0     1       0          1             0                 0  0.410256  0.100483  0.331579  0.141591
1470  ID00411637202309374271828     20  1799   50.122590   65    Male         Ex-smoker  train         NaN          NaN       7.0     1556       13.0     1       0          1             0                 0  0.410256  0.100483  0.363158  0.170962
1471  ID00411637202309374271828     31  1682   46.862811   65    Male         Ex-smoker  train         NaN          NaN       7.0     1556       24.0     1       0          1             0                 0  0.410256  0.100483  0.421053  0.144730
1472  ID00411637202309374271828     45  1746   48.645938   65    Male         Ex-smoker  train         NaN          NaN       7.0     1556       38.0     1       0          1             0                 0  0.410256  0.100483  0.494737  0.159079
1473  ID00411637202309374271828     60  1650   45.971247   65    Male         Ex-smoker  train         NaN          NaN       7.0     1556       53.0     1       0          1             0                 0  0.410256  0.100483  0.573684  0.137555
1474  ID00414637202310318891556      7  2619   69.617225   65    Male      Never smoked  train         NaN          NaN       7.0     2619        0.0     1       0          0             1                 0  0.410256  0.297920  0.294737  0.327838
1475  ID00414637202310318891556     12  3006   79.904306   65    Male      Never smoked  train         NaN          NaN       7.0     2619        5.0     1       0          0             1                 0  0.410256  0.297920  0.321053  0.410619
1476  ID00414637202310318891556     14  2622   69.696970   65    Male      Never smoked  train         NaN          NaN       7.0     2619        7.0     1       0          0             1                 0  0.410256  0.297920  0.331579  0.328479
1477  ID00414637202310318891556     16  2863   76.103137   65    Male      Never smoked  train         NaN          NaN       7.0     2619        9.0     1       0          0             1                 0  0.410256  0.297920  0.342105  0.380031
1478  ID00414637202310318891556     18  2612   69.431154   65    Male      Never smoked  train         NaN          NaN       7.0     2619       11.0     1       0          0             1                 0  0.410256  0.297920  0.352632  0.326340
1479  ID00414637202310318891556     24  2301   61.164274   65    Male      Never smoked  train         NaN          NaN       7.0     2619       17.0     1       0          0             1                 0  0.410256  0.297920  0.384211  0.259815
1480  ID00414637202310318891556     36  2171   57.708666   65    Male      Never smoked  train         NaN          NaN       7.0     2619       29.0     1       0          0             1                 0  0.410256  0.297920  0.447368  0.232008
1481  ID00414637202310318891556     49  2161   57.442850   65    Male      Never smoked  train         NaN          NaN       7.0     2619       42.0     1       0          0             1                 0  0.410256  0.297920  0.515789  0.229869
1482  ID00414637202310318891556     63  1612   42.849548   65    Male      Never smoked  train         NaN          NaN       7.0     2619       56.0     1       0          0             1                 0  0.410256  0.297920  0.589474  0.112434
1483  ID00417637202310901214011      8  3357   82.247158   66    Male      Never smoked  train         NaN          NaN       8.0     3357        0.0     1       0          0             1                 0  0.435897  0.434993  0.294737  0.429472
1484  ID00417637202310901214011      9  3397   83.227166   66    Male      Never smoked  train         NaN          NaN       8.0     3357        1.0     1       0          0             1                 0  0.435897  0.434993  0.300000  0.437359
1485  ID00417637202310901214011     12  3273   80.189142   66    Male      Never smoked  train         NaN          NaN       8.0     3357        4.0     1       0          0             1                 0  0.435897  0.434993  0.315789  0.412911
1486  ID00417637202310901214011     13  3354   82.173657   66    Male      Never smoked  train         NaN          NaN       8.0     3357        5.0     1       0          0             1                 0  0.435897  0.434993  0.321053  0.428881
1487  ID00417637202310901214011     15  3305   80.973148   66    Male      Never smoked  train         NaN          NaN       8.0     3357        7.0     1       0          0             1                 0  0.435897  0.434993  0.331579  0.419220
1488  ID00417637202310901214011     21  3265   79.993140   66    Male      Never smoked  train         NaN          NaN       8.0     3357       13.0     1       0          0             1                 0  0.435897  0.434993  0.363158  0.411334
1489  ID00417637202310901214011     33  3364   82.418659   66    Male      Never smoked  train         NaN          NaN       8.0     3357       25.0     1       0          0             1                 0  0.435897  0.434993  0.426316  0.430852
1490  ID00417637202310901214011     45  3240   79.380635   66    Male      Never smoked  train         NaN          NaN       8.0     3357       37.0     1       0          0             1                 0  0.435897  0.434993  0.489474  0.406405
1491  ID00417637202310901214011     61  3303   80.924147   66    Male      Never smoked  train         NaN          NaN       8.0     3357       53.0     1       0          0             1                 0  0.435897  0.434993  0.573684  0.418826
1492  ID00419637202311204720264      6  3020   70.186855   73    Male         Ex-smoker  train         NaN          NaN       6.0     3020        0.0     1       0          1             0                 0  0.615385  0.372400  0.294737  0.332421
1493  ID00419637202311204720264      7  2859   66.445106   73    Male         Ex-smoker  train         NaN          NaN       6.0     3020        1.0     1       0          1             0                 0  0.615385  0.372400  0.300000  0.302311
1494  ID00419637202311204720264      9  2783   64.678814   73    Male         Ex-smoker  train         NaN          NaN       6.0     3020        3.0     1       0          1             0                 0  0.615385  0.372400  0.310526  0.288097
1495  ID00419637202311204720264     10  2719   63.191410   73    Male         Ex-smoker  train         NaN          NaN       6.0     3020        4.0     1       0          1             0                 0  0.615385  0.372400  0.315789  0.276128
1496  ID00419637202311204720264     13  2738   63.632983   73    Male         Ex-smoker  train         NaN          NaN       6.0     3020        7.0     1       0          1             0                 0  0.615385  0.372400  0.331579  0.279682
1497  ID00419637202311204720264     18  2694   62.610393   73    Male         Ex-smoker  train         NaN          NaN       6.0     3020       12.0     1       0          1             0                 0  0.615385  0.372400  0.357895  0.271453
1498  ID00419637202311204720264     31  2708   62.935763   73    Male         Ex-smoker  train         NaN          NaN       6.0     3020       25.0     1       0          1             0                 0  0.615385  0.372400  0.426316  0.274071
1499  ID00419637202311204720264     43  2793   64.911221   73    Male         Ex-smoker  train         NaN          NaN       6.0     3020       37.0     1       0          1             0                 0  0.615385  0.372400  0.489474  0.289968
1500  ID00419637202311204720264     59  2727   63.377336   73    Male         Ex-smoker  train         NaN          NaN       6.0     3020       53.0     1       0          1             0                 0  0.615385  0.372400  0.573684  0.277624
1501  ID00421637202311550012437     15  2739   82.045291   68    Male         Ex-smoker  train         NaN          NaN      15.0     2739        0.0     1       0          1             0                 0  0.487179  0.320208  0.294737  0.427848
1502  ID00421637202311550012437     17  2756   82.554517   68    Male         Ex-smoker  train         NaN          NaN      15.0     2739        2.0     1       0          1             0                 0  0.487179  0.320208  0.305263  0.431946
1503  ID00421637202311550012437     19  2755   82.524563   68    Male         Ex-smoker  train         NaN          NaN      15.0     2739        4.0     1       0          1             0                 0  0.487179  0.320208  0.315789  0.431705
1504  ID00421637202311550012437     21  2820   84.471603   68    Male         Ex-smoker  train         NaN          NaN      15.0     2739        6.0     1       0          1             0                 0  0.487179  0.320208  0.326316  0.447373
1505  ID00421637202311550012437     23  2853   85.460101   68    Male         Ex-smoker  train         NaN          NaN      15.0     2739        8.0     1       0          1             0                 0  0.487179  0.320208  0.336842  0.455327
1506  ID00421637202311550012437     29  2716   81.356338   68    Male         Ex-smoker  train         NaN          NaN      15.0     2739       14.0     1       0          1             0                 0  0.487179  0.320208  0.368421  0.422304
1507  ID00421637202311550012437     41  2833   84.861011   68    Male         Ex-smoker  train         NaN          NaN      15.0     2739       26.0     1       0          1             0                 0  0.487179  0.320208  0.431579  0.450506
1508  ID00421637202311550012437     54  2771   83.003834   68    Male         Ex-smoker  train         NaN          NaN      15.0     2739       39.0     1       0          1             0                 0  0.487179  0.320208  0.500000  0.435561
1509  ID00422637202311677017371      6  1930   76.672493   73    Male         Ex-smoker  train         NaN          NaN       6.0     1930        0.0     1       0          1             0                 0  0.615385  0.169948  0.294737  0.384612
1510  ID00422637202311677017371     11  1936   76.910853   73    Male         Ex-smoker  train         NaN          NaN       6.0     1930        5.0     1       0          1             0                 0  0.615385  0.169948  0.321053  0.386530
1511  ID00422637202311677017371     13  1955   77.665660   73    Male         Ex-smoker  train         NaN          NaN       6.0     1930        7.0     1       0          1             0                 0  0.615385  0.169948  0.331579  0.392604
1512  ID00422637202311677017371     15  1848   73.414905   73    Male         Ex-smoker  train         NaN          NaN       6.0     1930        9.0     1       0          1             0                 0  0.615385  0.169948  0.342105  0.358398
1513  ID00422637202311677017371     17  1897   75.361513   73    Male         Ex-smoker  train         NaN          NaN       6.0     1930       11.0     1       0          1             0                 0  0.615385  0.169948  0.352632  0.374063
1514  ID00422637202311677017371     23  1946   77.308120   73    Male         Ex-smoker  train         NaN          NaN       6.0     1930       17.0     1       0          1             0                 0  0.615385  0.169948  0.384211  0.389727
1515  ID00422637202311677017371     35  1862   73.971079   73    Male         Ex-smoker  train         NaN          NaN       6.0     1930       29.0     1       0          1             0                 0  0.615385  0.169948  0.447368  0.362874
1516  ID00422637202311677017371     47  1713   68.051804   73    Male         Ex-smoker  train         NaN          NaN       6.0     1930       41.0     1       0          1             0                 0  0.615385  0.169948  0.510526  0.315240
1517  ID00423637202312137826377     17  3294   79.258903   72    Male         Ex-smoker  train         NaN          NaN      17.0     3294        0.0     1       0          1             0                 0  0.589744  0.423291  0.294737  0.405425
1518  ID00423637202312137826377     18  2777   66.819057   72    Male         Ex-smoker  train         NaN          NaN      17.0     3294        1.0     1       0          1             0                 0  0.589744  0.423291  0.300000  0.305320
1519  ID00423637202312137826377     19  2700   64.966314   72    Male         Ex-smoker  train         NaN          NaN      17.0     3294        2.0     1       0          1             0                 0  0.589744  0.423291  0.305263  0.290411
1520  ID00423637202312137826377     21  3014   72.521655   72    Male         Ex-smoker  train         NaN          NaN      17.0     3294        4.0     1       0          1             0                 0  0.589744  0.423291  0.315789  0.351210
1521  ID00423637202312137826377     23  2661   64.027911   72    Male         Ex-smoker  train         NaN          NaN      17.0     3294        6.0     1       0          1             0                 0  0.589744  0.423291  0.326316  0.282860
1522  ID00423637202312137826377     30  2778   66.843118   72    Male         Ex-smoker  train         NaN          NaN      17.0     3294       13.0     1       0          1             0                 0  0.589744  0.423291  0.363158  0.305514
1523  ID00423637202312137826377     42  2516   60.538980   72    Male         Ex-smoker  train         NaN          NaN      17.0     3294       25.0     1       0          1             0                 0  0.589744  0.423291  0.426316  0.254784
1524  ID00423637202312137826377     53  2432   58.517806   72    Male         Ex-smoker  train         NaN          NaN      17.0     3294       36.0     1       0          1             0                 0  0.589744  0.423291  0.484211  0.238519
1525  ID00423637202312137826377     70  2578   62.030799   72    Male         Ex-smoker  train         NaN          NaN      17.0     3294       53.0     1       0          1             0                 0  0.589744  0.423291  0.573684  0.266789
1526  ID00426637202313170790466      0  2925   71.824968   73    Male      Never smoked  train         NaN          NaN       0.0     2925        0.0     1       0          0             1                 0  0.615385  0.354755  0.294737  0.345604
1527  ID00426637202313170790466      7  2903   71.284746   73    Male      Never smoked  train         NaN          NaN       0.0     2925        7.0     1       0          0             1                 0  0.615385  0.354755  0.331579  0.341256
1528  ID00426637202313170790466      9  2916   71.603968   73    Male      Never smoked  train         NaN          NaN       0.0     2925        9.0     1       0          0             1                 0  0.615385  0.354755  0.342105  0.343825
1529  ID00426637202313170790466     11  2976   73.077301   73    Male      Never smoked  train         NaN          NaN       0.0     2925       11.0     1       0          0             1                 0  0.615385  0.354755  0.352632  0.355681
1530  ID00426637202313170790466     13  2712   66.594637   73    Male      Never smoked  train         NaN          NaN       0.0     2925       13.0     1       0          0             1                 0  0.615385  0.354755  0.363158  0.303514
1531  ID00426637202313170790466     19  2978   73.126412   73    Male      Never smoked  train         NaN          NaN       0.0     2925       19.0     1       0          0             1                 0  0.615385  0.354755  0.394737  0.356076
1532  ID00426637202313170790466     31  2908   71.407524   73    Male      Never smoked  train         NaN          NaN       0.0     2925       31.0     1       0          0             1                 0  0.615385  0.354755  0.457895  0.342244
1533  ID00426637202313170790466     43  2975   73.052745   73    Male      Never smoked  train         NaN          NaN       0.0     2925       43.0     1       0          0             1                 0  0.615385  0.354755  0.521053  0.355484
1534  ID00426637202313170790466     59  2774   68.117081   73    Male      Never smoked  train         NaN          NaN       0.0     2925       59.0     1       0          0             1                 0  0.615385  0.354755  0.605263  0.315766

Validation Data:
                        Patient  Weeks   FVC    Percent  Age     Sex SmokingStatus WHERE  Confidence Patient_Week  min_week  min_FVC  base_week  Male  Female  Ex-smoker  Never smoked  Currently smokes       age      BASE      week   percent
1535  ID00224637202259281193413     55  2812  60.157453   72    Male  Never smoked   val         NaN          NaN       0.0     2992       55.0     1       0          0             1                 0  0.589744  0.367199  0.584211  0.251713
1536  ID00285637202278913507108     58  1304  61.373370   61  Female  Never smoked   val         NaN          NaN       4.0     1411       54.0     0       1          0             1                 0  0.307692  0.073551  0.578947  0.261498
1537  ID00051637202185848464638     54  1532  73.707000   73  Female     Ex-smoker   val         NaN          NaN      -1.0     1697       55.0     0       1          1             0                 0  0.615385  0.126672  0.584211  0.360749
1538  ID00168637202237852027833     60  2711  67.558812   62    Male     Ex-smoker   val         NaN          NaN       7.0     3186       53.0     1       0          1             0                 0  0.333333  0.403232  0.573684  0.311273
1539  ID00127637202219096738943    100  1551  60.907127   55  Female     Ex-smoker   val         NaN          NaN      44.0     1677       56.0     0       1          1             0                 0  0.153846  0.122957  0.589474  0.257746

Test Data:
                        Patient  Weeks   FVC    Percent  Age     Sex SmokingStatus WHERE  Confidence                   Patient_Week  min_week  min_FVC  base_week  Male  Female  Ex-smoker  Never smoked  Currently smokes       age      BASE      week   percent
1540  ID00224637202259281193413    -12  2812  60.157453   72    Male  Never smoked  test       100.0  ID00224637202259281193413_-12       0.0     2992      -12.0     1       0          0             1                 0  0.589744  0.367199  0.231579  0.251713
1541  ID00285637202278913507108    -12  1304  61.373370   61  Female  Never smoked  test       100.0  ID00285637202278913507108_-12       4.0     1411      -16.0     0       1          0             1                 0  0.307692  0.073551  0.210526  0.261498
1542  ID00051637202185848464638    -12  1532  73.707000   73  Female     Ex-smoker  test       100.0  ID00051637202185848464638_-12      -1.0     1697      -11.0     0       1          1             0                 0  0.615385  0.126672  0.236842  0.360749
1543  ID00168637202237852027833    -12  2711  67.558812   62    Male     Ex-smoker  test       100.0  ID00168637202237852027833_-12       7.0     3186      -19.0     1       0          1             0                 0  0.333333  0.403232  0.194737  0.311273
1544  ID00127637202219096738943    -12  1551  60.907127   55  Female     Ex-smoker  test       100.0  ID00127637202219096738943_-12      44.0     1677      -56.0     0       1          1             0                 0  0.153846  0.122957  0.000000  0.257746
1545  ID00224637202259281193413    -11  2812  60.157453   72    Male  Never smoked  test       100.0  ID00224637202259281193413_-11       0.0     2992      -11.0     1       0          0             1                 0  0.589744  0.367199  0.236842  0.251713
1546  ID00285637202278913507108    -11  1304  61.373370   61  Female  Never smoked  test       100.0  ID00285637202278913507108_-11       4.0     1411      -15.0     0       1          0             1                 0  0.307692  0.073551  0.215789  0.261498
1547  ID00051637202185848464638    -11  1532  73.707000   73  Female     Ex-smoker  test       100.0  ID00051637202185848464638_-11      -1.0     1697      -10.0     0       1          1             0                 0  0.615385  0.126672  0.242105  0.360749
1548  ID00168637202237852027833    -11  2711  67.558812   62    Male     Ex-smoker  test       100.0  ID00168637202237852027833_-11       7.0     3186      -18.0     1       0          1             0                 0  0.333333  0.403232  0.200000  0.311273
1549  ID00127637202219096738943    -11  1551  60.907127   55  Female     Ex-smoker  test       100.0  ID00127637202219096738943_-11      44.0     1677      -55.0     0       1          1             0                 0  0.153846  0.122957  0.005263  0.257746
1550  ID00224637202259281193413    -10  2812  60.157453   72    Male  Never smoked  test       100.0  ID00224637202259281193413_-10       0.0     2992      -10.0     1       0          0             1                 0  0.589744  0.367199  0.242105  0.251713
1551  ID00285637202278913507108    -10  1304  61.373370   61  Female  Never smoked  test       100.0  ID00285637202278913507108_-10       4.0     1411      -14.0     0       1          0             1                 0  0.307692  0.073551  0.221053  0.261498
1552  ID00051637202185848464638    -10  1532  73.707000   73  Female     Ex-smoker  test       100.0  ID00051637202185848464638_-10      -1.0     1697       -9.0     0       1          1             0                 0  0.615385  0.126672  0.247368  0.360749
1553  ID00168637202237852027833    -10  2711  67.558812   62    Male     Ex-smoker  test       100.0  ID00168637202237852027833_-10       7.0     3186      -17.0     1       0          1             0                 0  0.333333  0.403232  0.205263  0.311273
1554  ID00127637202219096738943    -10  1551  60.907127   55  Female     Ex-smoker  test       100.0  ID00127637202219096738943_-10      44.0     1677      -54.0     0       1          1             0                 0  0.153846  0.122957  0.010526  0.257746
1555  ID00224637202259281193413     -9  2812  60.157453   72    Male  Never smoked  test       100.0   ID00224637202259281193413_-9       0.0     2992       -9.0     1       0          0             1                 0  0.589744  0.367199  0.247368  0.251713
1556  ID00285637202278913507108     -9  1304  61.373370   61  Female  Never smoked  test       100.0   ID00285637202278913507108_-9       4.0     1411      -13.0     0       1          0             1                 0  0.307692  0.073551  0.226316  0.261498
1557  ID00051637202185848464638     -9  1532  73.707000   73  Female     Ex-smoker  test       100.0   ID00051637202185848464638_-9      -1.0     1697       -8.0     0       1          1             0                 0  0.615385  0.126672  0.252632  0.360749
1558  ID00168637202237852027833     -9  2711  67.558812   62    Male     Ex-smoker  test       100.0   ID00168637202237852027833_-9       7.0     3186      -16.0     1       0          1             0                 0  0.333333  0.403232  0.210526  0.311273
1559  ID00127637202219096738943     -9  1551  60.907127   55  Female     Ex-smoker  test       100.0   ID00127637202219096738943_-9      44.0     1677      -53.0     0       1          1             0                 0  0.153846  0.122957  0.015789  0.257746
1560  ID00224637202259281193413     -8  2812  60.157453   72    Male  Never smoked  test       100.0   ID00224637202259281193413_-8       0.0     2992       -8.0     1       0          0             1                 0  0.589744  0.367199  0.252632  0.251713
1561  ID00285637202278913507108     -8  1304  61.373370   61  Female  Never smoked  test       100.0   ID00285637202278913507108_-8       4.0     1411      -12.0     0       1          0             1                 0  0.307692  0.073551  0.231579  0.261498
1562  ID00051637202185848464638     -8  1532  73.707000   73  Female     Ex-smoker  test       100.0   ID00051637202185848464638_-8      -1.0     1697       -7.0     0       1          1             0                 0  0.615385  0.126672  0.257895  0.360749
1563  ID00168637202237852027833     -8  2711  67.558812   62    Male     Ex-smoker  test       100.0   ID00168637202237852027833_-8       7.0     3186      -15.0     1       0          1             0                 0  0.333333  0.403232  0.215789  0.311273
1564  ID00127637202219096738943     -8  1551  60.907127   55  Female     Ex-smoker  test       100.0   ID00127637202219096738943_-8      44.0     1677      -52.0     0       1          1             0                 0  0.153846  0.122957  0.021053  0.257746
1565  ID00224637202259281193413     -7  2812  60.157453   72    Male  Never smoked  test       100.0   ID00224637202259281193413_-7       0.0     2992       -7.0     1       0          0             1                 0  0.589744  0.367199  0.257895  0.251713
1566  ID00285637202278913507108     -7  1304  61.373370   61  Female  Never smoked  test       100.0   ID00285637202278913507108_-7       4.0     1411      -11.0     0       1          0             1                 0  0.307692  0.073551  0.236842  0.261498
1567  ID00051637202185848464638     -7  1532  73.707000   73  Female     Ex-smoker  test       100.0   ID00051637202185848464638_-7      -1.0     1697       -6.0     0       1          1             0                 0  0.615385  0.126672  0.263158  0.360749
1568  ID00168637202237852027833     -7  2711  67.558812   62    Male     Ex-smoker  test       100.0   ID00168637202237852027833_-7       7.0     3186      -14.0     1       0          1             0                 0  0.333333  0.403232  0.221053  0.311273
1569  ID00127637202219096738943     -7  1551  60.907127   55  Female     Ex-smoker  test       100.0   ID00127637202219096738943_-7      44.0     1677      -51.0     0       1          1             0                 0  0.153846  0.122957  0.026316  0.257746
1570  ID00224637202259281193413     -6  2812  60.157453   72    Male  Never smoked  test       100.0   ID00224637202259281193413_-6       0.0     2992       -6.0     1       0          0             1                 0  0.589744  0.367199  0.263158  0.251713
1571  ID00285637202278913507108     -6  1304  61.373370   61  Female  Never smoked  test       100.0   ID00285637202278913507108_-6       4.0     1411      -10.0     0       1          0             1                 0  0.307692  0.073551  0.242105  0.261498
1572  ID00051637202185848464638     -6  1532  73.707000   73  Female     Ex-smoker  test       100.0   ID00051637202185848464638_-6      -1.0     1697       -5.0     0       1          1             0                 0  0.615385  0.126672  0.268421  0.360749
1573  ID00168637202237852027833     -6  2711  67.558812   62    Male     Ex-smoker  test       100.0   ID00168637202237852027833_-6       7.0     3186      -13.0     1       0          1             0                 0  0.333333  0.403232  0.226316  0.311273
1574  ID00127637202219096738943     -6  1551  60.907127   55  Female     Ex-smoker  test       100.0   ID00127637202219096738943_-6      44.0     1677      -50.0     0       1          1             0                 0  0.153846  0.122957  0.031579  0.257746
1575  ID00224637202259281193413     -5  2812  60.157453   72    Male  Never smoked  test       100.0   ID00224637202259281193413_-5       0.0     2992       -5.0     1       0          0             1                 0  0.589744  0.367199  0.268421  0.251713
1576  ID00285637202278913507108     -5  1304  61.373370   61  Female  Never smoked  test       100.0   ID00285637202278913507108_-5       4.0     1411       -9.0     0       1          0             1                 0  0.307692  0.073551  0.247368  0.261498
1577  ID00051637202185848464638     -5  1532  73.707000   73  Female     Ex-smoker  test       100.0   ID00051637202185848464638_-5      -1.0     1697       -4.0     0       1          1             0                 0  0.615385  0.126672  0.273684  0.360749
1578  ID00168637202237852027833     -5  2711  67.558812   62    Male     Ex-smoker  test       100.0   ID00168637202237852027833_-5       7.0     3186      -12.0     1       0          1             0                 0  0.333333  0.403232  0.231579  0.311273
1579  ID00127637202219096738943     -5  1551  60.907127   55  Female     Ex-smoker  test       100.0   ID00127637202219096738943_-5      44.0     1677      -49.0     0       1          1             0                 0  0.153846  0.122957  0.036842  0.257746
1580  ID00224637202259281193413     -4  2812  60.157453   72    Male  Never smoked  test       100.0   ID00224637202259281193413_-4       0.0     2992       -4.0     1       0          0             1                 0  0.589744  0.367199  0.273684  0.251713
1581  ID00285637202278913507108     -4  1304  61.373370   61  Female  Never smoked  test       100.0   ID00285637202278913507108_-4       4.0     1411       -8.0     0       1          0             1                 0  0.307692  0.073551  0.252632  0.261498
1582  ID00051637202185848464638     -4  1532  73.707000   73  Female     Ex-smoker  test       100.0   ID00051637202185848464638_-4      -1.0     1697       -3.0     0       1          1             0                 0  0.615385  0.126672  0.278947  0.360749
1583  ID00168637202237852027833     -4  2711  67.558812   62    Male     Ex-smoker  test       100.0   ID00168637202237852027833_-4       7.0     3186      -11.0     1       0          1             0                 0  0.333333  0.403232  0.236842  0.311273
1584  ID00127637202219096738943     -4  1551  60.907127   55  Female     Ex-smoker  test       100.0   ID00127637202219096738943_-4      44.0     1677      -48.0     0       1          1             0                 0  0.153846  0.122957  0.042105  0.257746
1585  ID00224637202259281193413     -3  2812  60.157453   72    Male  Never smoked  test       100.0   ID00224637202259281193413_-3       0.0     2992       -3.0     1       0          0             1                 0  0.589744  0.367199  0.278947  0.251713
1586  ID00285637202278913507108     -3  1304  61.373370   61  Female  Never smoked  test       100.0   ID00285637202278913507108_-3       4.0     1411       -7.0     0       1          0             1                 0  0.307692  0.073551  0.257895  0.261498
1587  ID00051637202185848464638     -3  1532  73.707000   73  Female     Ex-smoker  test       100.0   ID00051637202185848464638_-3      -1.0     1697       -2.0     0       1          1             0                 0  0.615385  0.126672  0.284211  0.360749
1588  ID00168637202237852027833     -3  2711  67.558812   62    Male     Ex-smoker  test       100.0   ID00168637202237852027833_-3       7.0     3186      -10.0     1       0          1             0                 0  0.333333  0.403232  0.242105  0.311273
1589  ID00127637202219096738943     -3  1551  60.907127   55  Female     Ex-smoker  test       100.0   ID00127637202219096738943_-3      44.0     1677      -47.0     0       1          1             0                 0  0.153846  0.122957  0.047368  0.257746
1590  ID00224637202259281193413     -2  2812  60.157453   72    Male  Never smoked  test       100.0   ID00224637202259281193413_-2       0.0     2992       -2.0     1       0          0             1                 0  0.589744  0.367199  0.284211  0.251713
1591  ID00285637202278913507108     -2  1304  61.373370   61  Female  Never smoked  test       100.0   ID00285637202278913507108_-2       4.0     1411       -6.0     0       1          0             1                 0  0.307692  0.073551  0.263158  0.261498
1592  ID00051637202185848464638     -2  1532  73.707000   73  Female     Ex-smoker  test       100.0   ID00051637202185848464638_-2      -1.0     1697       -1.0     0       1          1             0                 0  0.615385  0.126672  0.289474  0.360749
1593  ID00168637202237852027833     -2  2711  67.558812   62    Male     Ex-smoker  test       100.0   ID00168637202237852027833_-2       7.0     3186       -9.0     1       0          1             0                 0  0.333333  0.403232  0.247368  0.311273
1594  ID00127637202219096738943     -2  1551  60.907127   55  Female     Ex-smoker  test       100.0   ID00127637202219096738943_-2      44.0     1677      -46.0     0       1          1             0                 0  0.153846  0.122957  0.052632  0.257746
1595  ID00224637202259281193413     -1  2812  60.157453   72    Male  Never smoked  test       100.0   ID00224637202259281193413_-1       0.0     2992       -1.0     1       0          0             1                 0  0.589744  0.367199  0.289474  0.251713
1596  ID00285637202278913507108     -1  1304  61.373370   61  Female  Never smoked  test       100.0   ID00285637202278913507108_-1       4.0     1411       -5.0     0       1          0             1                 0  0.307692  0.073551  0.268421  0.261498
1597  ID00051637202185848464638     -1  1532  73.707000   73  Female     Ex-smoker  test       100.0   ID00051637202185848464638_-1      -1.0     1697        0.0     0       1          1             0                 0  0.615385  0.126672  0.294737  0.360749
1598  ID00168637202237852027833     -1  2711  67.558812   62    Male     Ex-smoker  test       100.0   ID00168637202237852027833_-1       7.0     3186       -8.0     1       0          1             0                 0  0.333333  0.403232  0.252632  0.311273
1599  ID00127637202219096738943     -1  1551  60.907127   55  Female     Ex-smoker  test       100.0   ID00127637202219096738943_-1      44.0     1677      -45.0     0       1          1             0                 0  0.153846  0.122957  0.057895  0.257746
1600  ID00224637202259281193413      0  2812  60.157453   72    Male  Never smoked  test       100.0    ID00224637202259281193413_0       0.0     2992        0.0     1       0          0             1                 0  0.589744  0.367199  0.294737  0.251713
1601  ID00285637202278913507108      0  1304  61.373370   61  Female  Never smoked  test       100.0    ID00285637202278913507108_0       4.0     1411       -4.0     0       1          0             1                 0  0.307692  0.073551  0.273684  0.261498
1602  ID00051637202185848464638      0  1532  73.707000   73  Female     Ex-smoker  test       100.0    ID00051637202185848464638_0      -1.0     1697        1.0     0       1          1             0                 0  0.615385  0.126672  0.300000  0.360749
1603  ID00168637202237852027833      0  2711  67.558812   62    Male     Ex-smoker  test       100.0    ID00168637202237852027833_0       7.0     3186       -7.0     1       0          1             0                 0  0.333333  0.403232  0.257895  0.311273
1604  ID00127637202219096738943      0  1551  60.907127   55  Female     Ex-smoker  test       100.0    ID00127637202219096738943_0      44.0     1677      -44.0     0       1          1             0                 0  0.153846  0.122957  0.063158  0.257746
1605  ID00224637202259281193413      1  2812  60.157453   72    Male  Never smoked  test       100.0    ID00224637202259281193413_1       0.0     2992        1.0     1       0          0             1                 0  0.589744  0.367199  0.300000  0.251713
1606  ID00285637202278913507108      1  1304  61.373370   61  Female  Never smoked  test       100.0    ID00285637202278913507108_1       4.0     1411       -3.0     0       1          0             1                 0  0.307692  0.073551  0.278947  0.261498
1607  ID00051637202185848464638      1  1532  73.707000   73  Female     Ex-smoker  test       100.0    ID00051637202185848464638_1      -1.0     1697        2.0     0       1          1             0                 0  0.615385  0.126672  0.305263  0.360749
1608  ID00168637202237852027833      1  2711  67.558812   62    Male     Ex-smoker  test       100.0    ID00168637202237852027833_1       7.0     3186       -6.0     1       0          1             0                 0  0.333333  0.403232  0.263158  0.311273
1609  ID00127637202219096738943      1  1551  60.907127   55  Female     Ex-smoker  test       100.0    ID00127637202219096738943_1      44.0     1677      -43.0     0       1          1             0                 0  0.153846  0.122957  0.068421  0.257746
1610  ID00224637202259281193413      2  2812  60.157453   72    Male  Never smoked  test       100.0    ID00224637202259281193413_2       0.0     2992        2.0     1       0          0             1                 0  0.589744  0.367199  0.305263  0.251713
1611  ID00285637202278913507108      2  1304  61.373370   61  Female  Never smoked  test       100.0    ID00285637202278913507108_2       4.0     1411       -2.0     0       1          0             1                 0  0.307692  0.073551  0.284211  0.261498
1612  ID00051637202185848464638      2  1532  73.707000   73  Female     Ex-smoker  test       100.0    ID00051637202185848464638_2      -1.0     1697        3.0     0       1          1             0                 0  0.615385  0.126672  0.310526  0.360749
1613  ID00168637202237852027833      2  2711  67.558812   62    Male     Ex-smoker  test       100.0    ID00168637202237852027833_2       7.0     3186       -5.0     1       0          1             0                 0  0.333333  0.403232  0.268421  0.311273
1614  ID00127637202219096738943      2  1551  60.907127   55  Female     Ex-smoker  test       100.0    ID00127637202219096738943_2      44.0     1677      -42.0     0       1          1             0                 0  0.153846  0.122957  0.073684  0.257746
1615  ID00224637202259281193413      3  2812  60.157453   72    Male  Never smoked  test       100.0    ID00224637202259281193413_3       0.0     2992        3.0     1       0          0             1                 0  0.589744  0.367199  0.310526  0.251713
1616  ID00285637202278913507108      3  1304  61.373370   61  Female  Never smoked  test       100.0    ID00285637202278913507108_3       4.0     1411       -1.0     0       1          0             1                 0  0.307692  0.073551  0.289474  0.261498
1617  ID00051637202185848464638      3  1532  73.707000   73  Female     Ex-smoker  test       100.0    ID00051637202185848464638_3      -1.0     1697        4.0     0       1          1             0                 0  0.615385  0.126672  0.315789  0.360749
1618  ID00168637202237852027833      3  2711  67.558812   62    Male     Ex-smoker  test       100.0    ID00168637202237852027833_3       7.0     3186       -4.0     1       0          1             0                 0  0.333333  0.403232  0.273684  0.311273
1619  ID00127637202219096738943      3  1551  60.907127   55  Female     Ex-smoker  test       100.0    ID00127637202219096738943_3      44.0     1677      -41.0     0       1          1             0                 0  0.153846  0.122957  0.078947  0.257746
1620  ID00224637202259281193413      4  2812  60.157453   72    Male  Never smoked  test       100.0    ID00224637202259281193413_4       0.0     2992        4.0     1       0          0             1                 0  0.589744  0.367199  0.315789  0.251713
1621  ID00285637202278913507108      4  1304  61.373370   61  Female  Never smoked  test       100.0    ID00285637202278913507108_4       4.0     1411        0.0     0       1          0             1                 0  0.307692  0.073551  0.294737  0.261498
1622  ID00051637202185848464638      4  1532  73.707000   73  Female     Ex-smoker  test       100.0    ID00051637202185848464638_4      -1.0     1697        5.0     0       1          1             0                 0  0.615385  0.126672  0.321053  0.360749
1623  ID00168637202237852027833      4  2711  67.558812   62    Male     Ex-smoker  test       100.0    ID00168637202237852027833_4       7.0     3186       -3.0     1       0          1             0                 0  0.333333  0.403232  0.278947  0.311273
1624  ID00127637202219096738943      4  1551  60.907127   55  Female     Ex-smoker  test       100.0    ID00127637202219096738943_4      44.0     1677      -40.0     0       1          1             0                 0  0.153846  0.122957  0.084211  0.257746
1625  ID00224637202259281193413      5  2812  60.157453   72    Male  Never smoked  test       100.0    ID00224637202259281193413_5       0.0     2992        5.0     1       0          0             1                 0  0.589744  0.367199  0.321053  0.251713
1626  ID00285637202278913507108      5  1304  61.373370   61  Female  Never smoked  test       100.0    ID00285637202278913507108_5       4.0     1411        1.0     0       1          0             1                 0  0.307692  0.073551  0.300000  0.261498
1627  ID00051637202185848464638      5  1532  73.707000   73  Female     Ex-smoker  test       100.0    ID00051637202185848464638_5      -1.0     1697        6.0     0       1          1             0                 0  0.615385  0.126672  0.326316  0.360749
1628  ID00168637202237852027833      5  2711  67.558812   62    Male     Ex-smoker  test       100.0    ID00168637202237852027833_5       7.0     3186       -2.0     1       0          1             0                 0  0.333333  0.403232  0.284211  0.311273
1629  ID00127637202219096738943      5  1551  60.907127   55  Female     Ex-smoker  test       100.0    ID00127637202219096738943_5      44.0     1677      -39.0     0       1          1             0                 0  0.153846  0.122957  0.089474  0.257746
1630  ID00224637202259281193413      6  2812  60.157453   72    Male  Never smoked  test       100.0    ID00224637202259281193413_6       0.0     2992        6.0     1       0          0             1                 0  0.589744  0.367199  0.326316  0.251713
1631  ID00285637202278913507108      6  1304  61.373370   61  Female  Never smoked  test       100.0    ID00285637202278913507108_6       4.0     1411        2.0     0       1          0             1                 0  0.307692  0.073551  0.305263  0.261498
1632  ID00051637202185848464638      6  1532  73.707000   73  Female     Ex-smoker  test       100.0    ID00051637202185848464638_6      -1.0     1697        7.0     0       1          1             0                 0  0.615385  0.126672  0.331579  0.360749
1633  ID00168637202237852027833      6  2711  67.558812   62    Male     Ex-smoker  test       100.0    ID00168637202237852027833_6       7.0     3186       -1.0     1       0          1             0                 0  0.333333  0.403232  0.289474  0.311273
1634  ID00127637202219096738943      6  1551  60.907127   55  Female     Ex-smoker  test       100.0    ID00127637202219096738943_6      44.0     1677      -38.0     0       1          1             0                 0  0.153846  0.122957  0.094737  0.257746
1635  ID00224637202259281193413      7  2812  60.157453   72    Male  Never smoked  test       100.0    ID00224637202259281193413_7       0.0     2992        7.0     1       0          0             1                 0  0.589744  0.367199  0.331579  0.251713
1636  ID00285637202278913507108      7  1304  61.373370   61  Female  Never smoked  test       100.0    ID00285637202278913507108_7       4.0     1411        3.0     0       1          0             1                 0  0.307692  0.073551  0.310526  0.261498
1637  ID00051637202185848464638      7  1532  73.707000   73  Female     Ex-smoker  test       100.0    ID00051637202185848464638_7      -1.0     1697        8.0     0       1          1             0                 0  0.615385  0.126672  0.336842  0.360749
1638  ID00168637202237852027833      7  2711  67.558812   62    Male     Ex-smoker  test       100.0    ID00168637202237852027833_7       7.0     3186        0.0     1       0          1             0                 0  0.333333  0.403232  0.294737  0.311273
1639  ID00127637202219096738943      7  1551  60.907127   55  Female     Ex-smoker  test       100.0    ID00127637202219096738943_7      44.0     1677      -37.0     0       1          1             0                 0  0.153846  0.122957  0.100000  0.257746
1640  ID00224637202259281193413      8  2812  60.157453   72    Male  Never smoked  test       100.0    ID00224637202259281193413_8       0.0     2992        8.0     1       0          0             1                 0  0.589744  0.367199  0.336842  0.251713
1641  ID00285637202278913507108      8  1304  61.373370   61  Female  Never smoked  test       100.0    ID00285637202278913507108_8       4.0     1411        4.0     0       1          0             1                 0  0.307692  0.073551  0.315789  0.261498
1642  ID00051637202185848464638      8  1532  73.707000   73  Female     Ex-smoker  test       100.0    ID00051637202185848464638_8      -1.0     1697        9.0     0       1          1             0                 0  0.615385  0.126672  0.342105  0.360749
1643  ID00168637202237852027833      8  2711  67.558812   62    Male     Ex-smoker  test       100.0    ID00168637202237852027833_8       7.0     3186        1.0     1       0          1             0                 0  0.333333  0.403232  0.300000  0.311273
1644  ID00127637202219096738943      8  1551  60.907127   55  Female     Ex-smoker  test       100.0    ID00127637202219096738943_8      44.0     1677      -36.0     0       1          1             0                 0  0.153846  0.122957  0.105263  0.257746
1645  ID00224637202259281193413      9  2812  60.157453   72    Male  Never smoked  test       100.0    ID00224637202259281193413_9       0.0     2992        9.0     1       0          0             1                 0  0.589744  0.367199  0.342105  0.251713
1646  ID00285637202278913507108      9  1304  61.373370   61  Female  Never smoked  test       100.0    ID00285637202278913507108_9       4.0     1411        5.0     0       1          0             1                 0  0.307692  0.073551  0.321053  0.261498
1647  ID00051637202185848464638      9  1532  73.707000   73  Female     Ex-smoker  test       100.0    ID00051637202185848464638_9      -1.0     1697       10.0     0       1          1             0                 0  0.615385  0.126672  0.347368  0.360749
1648  ID00168637202237852027833      9  2711  67.558812   62    Male     Ex-smoker  test       100.0    ID00168637202237852027833_9       7.0     3186        2.0     1       0          1             0                 0  0.333333  0.403232  0.305263  0.311273
1649  ID00127637202219096738943      9  1551  60.907127   55  Female     Ex-smoker  test       100.0    ID00127637202219096738943_9      44.0     1677      -35.0     0       1          1             0                 0  0.153846  0.122957  0.110526  0.257746
1650  ID00224637202259281193413     10  2812  60.157453   72    Male  Never smoked  test       100.0   ID00224637202259281193413_10       0.0     2992       10.0     1       0          0             1                 0  0.589744  0.367199  0.347368  0.251713
1651  ID00285637202278913507108     10  1304  61.373370   61  Female  Never smoked  test       100.0   ID00285637202278913507108_10       4.0     1411        6.0     0       1          0             1                 0  0.307692  0.073551  0.326316  0.261498
1652  ID00051637202185848464638     10  1532  73.707000   73  Female     Ex-smoker  test       100.0   ID00051637202185848464638_10      -1.0     1697       11.0     0       1          1             0                 0  0.615385  0.126672  0.352632  0.360749
1653  ID00168637202237852027833     10  2711  67.558812   62    Male     Ex-smoker  test       100.0   ID00168637202237852027833_10       7.0     3186        3.0     1       0          1             0                 0  0.333333  0.403232  0.310526  0.311273
1654  ID00127637202219096738943     10  1551  60.907127   55  Female     Ex-smoker  test       100.0   ID00127637202219096738943_10      44.0     1677      -34.0     0       1          1             0                 0  0.153846  0.122957  0.115789  0.257746
1655  ID00224637202259281193413     11  2812  60.157453   72    Male  Never smoked  test       100.0   ID00224637202259281193413_11       0.0     2992       11.0     1       0          0             1                 0  0.589744  0.367199  0.352632  0.251713
1656  ID00285637202278913507108     11  1304  61.373370   61  Female  Never smoked  test       100.0   ID00285637202278913507108_11       4.0     1411        7.0     0       1          0             1                 0  0.307692  0.073551  0.331579  0.261498
1657  ID00051637202185848464638     11  1532  73.707000   73  Female     Ex-smoker  test       100.0   ID00051637202185848464638_11      -1.0     1697       12.0     0       1          1             0                 0  0.615385  0.126672  0.357895  0.360749
1658  ID00168637202237852027833     11  2711  67.558812   62    Male     Ex-smoker  test       100.0   ID00168637202237852027833_11       7.0     3186        4.0     1       0          1             0                 0  0.333333  0.403232  0.315789  0.311273
1659  ID00127637202219096738943     11  1551  60.907127   55  Female     Ex-smoker  test       100.0   ID00127637202219096738943_11      44.0     1677      -33.0     0       1          1             0                 0  0.153846  0.122957  0.121053  0.257746
1660  ID00224637202259281193413     12  2812  60.157453   72    Male  Never smoked  test       100.0   ID00224637202259281193413_12       0.0     2992       12.0     1       0          0             1                 0  0.589744  0.367199  0.357895  0.251713
1661  ID00285637202278913507108     12  1304  61.373370   61  Female  Never smoked  test       100.0   ID00285637202278913507108_12       4.0     1411        8.0     0       1          0             1                 0  0.307692  0.073551  0.336842  0.261498
1662  ID00051637202185848464638     12  1532  73.707000   73  Female     Ex-smoker  test       100.0   ID00051637202185848464638_12      -1.0     1697       13.0     0       1          1             0                 0  0.615385  0.126672  0.363158  0.360749
1663  ID00168637202237852027833     12  2711  67.558812   62    Male     Ex-smoker  test       100.0   ID00168637202237852027833_12       7.0     3186        5.0     1       0          1             0                 0  0.333333  0.403232  0.321053  0.311273
1664  ID00127637202219096738943     12  1551  60.907127   55  Female     Ex-smoker  test       100.0   ID00127637202219096738943_12      44.0     1677      -32.0     0       1          1             0                 0  0.153846  0.122957  0.126316  0.257746
1665  ID00224637202259281193413     13  2812  60.157453   72    Male  Never smoked  test       100.0   ID00224637202259281193413_13       0.0     2992       13.0     1       0          0             1                 0  0.589744  0.367199  0.363158  0.251713
1666  ID00285637202278913507108     13  1304  61.373370   61  Female  Never smoked  test       100.0   ID00285637202278913507108_13       4.0     1411        9.0     0       1          0             1                 0  0.307692  0.073551  0.342105  0.261498
1667  ID00051637202185848464638     13  1532  73.707000   73  Female     Ex-smoker  test       100.0   ID00051637202185848464638_13      -1.0     1697       14.0     0       1          1             0                 0  0.615385  0.126672  0.368421  0.360749
1668  ID00168637202237852027833     13  2711  67.558812   62    Male     Ex-smoker  test       100.0   ID00168637202237852027833_13       7.0     3186        6.0     1       0          1             0                 0  0.333333  0.403232  0.326316  0.311273
1669  ID00127637202219096738943     13  1551  60.907127   55  Female     Ex-smoker  test       100.0   ID00127637202219096738943_13      44.0     1677      -31.0     0       1          1             0                 0  0.153846  0.122957  0.131579  0.257746
1670  ID00224637202259281193413     14  2812  60.157453   72    Male  Never smoked  test       100.0   ID00224637202259281193413_14       0.0     2992       14.0     1       0          0             1                 0  0.589744  0.367199  0.368421  0.251713
1671  ID00285637202278913507108     14  1304  61.373370   61  Female  Never smoked  test       100.0   ID00285637202278913507108_14       4.0     1411       10.0     0       1          0             1                 0  0.307692  0.073551  0.347368  0.261498
1672  ID00051637202185848464638     14  1532  73.707000   73  Female     Ex-smoker  test       100.0   ID00051637202185848464638_14      -1.0     1697       15.0     0       1          1             0                 0  0.615385  0.126672  0.373684  0.360749
1673  ID00168637202237852027833     14  2711  67.558812   62    Male     Ex-smoker  test       100.0   ID00168637202237852027833_14       7.0     3186        7.0     1       0          1             0                 0  0.333333  0.403232  0.331579  0.311273
1674  ID00127637202219096738943     14  1551  60.907127   55  Female     Ex-smoker  test       100.0   ID00127637202219096738943_14      44.0     1677      -30.0     0       1          1             0                 0  0.153846  0.122957  0.136842  0.257746
1675  ID00224637202259281193413     15  2812  60.157453   72    Male  Never smoked  test       100.0   ID00224637202259281193413_15       0.0     2992       15.0     1       0          0             1                 0  0.589744  0.367199  0.373684  0.251713
1676  ID00285637202278913507108     15  1304  61.373370   61  Female  Never smoked  test       100.0   ID00285637202278913507108_15       4.0     1411       11.0     0       1          0             1                 0  0.307692  0.073551  0.352632  0.261498
1677  ID00051637202185848464638     15  1532  73.707000   73  Female     Ex-smoker  test       100.0   ID00051637202185848464638_15      -1.0     1697       16.0     0       1          1             0                 0  0.615385  0.126672  0.378947  0.360749
1678  ID00168637202237852027833     15  2711  67.558812   62    Male     Ex-smoker  test       100.0   ID00168637202237852027833_15       7.0     3186        8.0     1       0          1             0                 0  0.333333  0.403232  0.336842  0.311273
1679  ID00127637202219096738943     15  1551  60.907127   55  Female     Ex-smoker  test       100.0   ID00127637202219096738943_15      44.0     1677      -29.0     0       1          1             0                 0  0.153846  0.122957  0.142105  0.257746
1680  ID00224637202259281193413     16  2812  60.157453   72    Male  Never smoked  test       100.0   ID00224637202259281193413_16       0.0     2992       16.0     1       0          0             1                 0  0.589744  0.367199  0.378947  0.251713
1681  ID00285637202278913507108     16  1304  61.373370   61  Female  Never smoked  test       100.0   ID00285637202278913507108_16       4.0     1411       12.0     0       1          0             1                 0  0.307692  0.073551  0.357895  0.261498
1682  ID00051637202185848464638     16  1532  73.707000   73  Female     Ex-smoker  test       100.0   ID00051637202185848464638_16      -1.0     1697       17.0     0       1          1             0                 0  0.615385  0.126672  0.384211  0.360749
1683  ID00168637202237852027833     16  2711  67.558812   62    Male     Ex-smoker  test       100.0   ID00168637202237852027833_16       7.0     3186        9.0     1       0          1             0                 0  0.333333  0.403232  0.342105  0.311273
1684  ID00127637202219096738943     16  1551  60.907127   55  Female     Ex-smoker  test       100.0   ID00127637202219096738943_16      44.0     1677      -28.0     0       1          1             0                 0  0.153846  0.122957  0.147368  0.257746
1685  ID00224637202259281193413     17  2812  60.157453   72    Male  Never smoked  test       100.0   ID00224637202259281193413_17       0.0     2992       17.0     1       0          0             1                 0  0.589744  0.367199  0.384211  0.251713
1686  ID00285637202278913507108     17  1304  61.373370   61  Female  Never smoked  test       100.0   ID00285637202278913507108_17       4.0     1411       13.0     0       1          0             1                 0  0.307692  0.073551  0.363158  0.261498
1687  ID00051637202185848464638     17  1532  73.707000   73  Female     Ex-smoker  test       100.0   ID00051637202185848464638_17      -1.0     1697       18.0     0       1          1             0                 0  0.615385  0.126672  0.389474  0.360749
1688  ID00168637202237852027833     17  2711  67.558812   62    Male     Ex-smoker  test       100.0   ID00168637202237852027833_17       7.0     3186       10.0     1       0          1             0                 0  0.333333  0.403232  0.347368  0.311273
1689  ID00127637202219096738943     17  1551  60.907127   55  Female     Ex-smoker  test       100.0   ID00127637202219096738943_17      44.0     1677      -27.0     0       1          1             0                 0  0.153846  0.122957  0.152632  0.257746
1690  ID00224637202259281193413     18  2812  60.157453   72    Male  Never smoked  test       100.0   ID00224637202259281193413_18       0.0     2992       18.0     1       0          0             1                 0  0.589744  0.367199  0.389474  0.251713
1691  ID00285637202278913507108     18  1304  61.373370   61  Female  Never smoked  test       100.0   ID00285637202278913507108_18       4.0     1411       14.0     0       1          0             1                 0  0.307692  0.073551  0.368421  0.261498
1692  ID00051637202185848464638     18  1532  73.707000   73  Female     Ex-smoker  test       100.0   ID00051637202185848464638_18      -1.0     1697       19.0     0       1          1             0                 0  0.615385  0.126672  0.394737  0.360749
1693  ID00168637202237852027833     18  2711  67.558812   62    Male     Ex-smoker  test       100.0   ID00168637202237852027833_18       7.0     3186       11.0     1       0          1             0                 0  0.333333  0.403232  0.352632  0.311273
1694  ID00127637202219096738943     18  1551  60.907127   55  Female     Ex-smoker  test       100.0   ID00127637202219096738943_18      44.0     1677      -26.0     0       1          1             0                 0  0.153846  0.122957  0.157895  0.257746
1695  ID00224637202259281193413     19  2812  60.157453   72    Male  Never smoked  test       100.0   ID00224637202259281193413_19       0.0     2992       19.0     1       0          0             1                 0  0.589744  0.367199  0.394737  0.251713
1696  ID00285637202278913507108     19  1304  61.373370   61  Female  Never smoked  test       100.0   ID00285637202278913507108_19       4.0     1411       15.0     0       1          0             1                 0  0.307692  0.073551  0.373684  0.261498
1697  ID00051637202185848464638     19  1532  73.707000   73  Female     Ex-smoker  test       100.0   ID00051637202185848464638_19      -1.0     1697       20.0     0       1          1             0                 0  0.615385  0.126672  0.400000  0.360749
1698  ID00168637202237852027833     19  2711  67.558812   62    Male     Ex-smoker  test       100.0   ID00168637202237852027833_19       7.0     3186       12.0     1       0          1             0                 0  0.333333  0.403232  0.357895  0.311273
1699  ID00127637202219096738943     19  1551  60.907127   55  Female     Ex-smoker  test       100.0   ID00127637202219096738943_19      44.0     1677      -25.0     0       1          1             0                 0  0.153846  0.122957  0.163158  0.257746
1700  ID00224637202259281193413     20  2812  60.157453   72    Male  Never smoked  test       100.0   ID00224637202259281193413_20       0.0     2992       20.0     1       0          0             1                 0  0.589744  0.367199  0.400000  0.251713
1701  ID00285637202278913507108     20  1304  61.373370   61  Female  Never smoked  test       100.0   ID00285637202278913507108_20       4.0     1411       16.0     0       1          0             1                 0  0.307692  0.073551  0.378947  0.261498
1702  ID00051637202185848464638     20  1532  73.707000   73  Female     Ex-smoker  test       100.0   ID00051637202185848464638_20      -1.0     1697       21.0     0       1          1             0                 0  0.615385  0.126672  0.405263  0.360749
1703  ID00168637202237852027833     20  2711  67.558812   62    Male     Ex-smoker  test       100.0   ID00168637202237852027833_20       7.0     3186       13.0     1       0          1             0                 0  0.333333  0.403232  0.363158  0.311273
1704  ID00127637202219096738943     20  1551  60.907127   55  Female     Ex-smoker  test       100.0   ID00127637202219096738943_20      44.0     1677      -24.0     0       1          1             0                 0  0.153846  0.122957  0.168421  0.257746
1705  ID00224637202259281193413     21  2812  60.157453   72    Male  Never smoked  test       100.0   ID00224637202259281193413_21       0.0     2992       21.0     1       0          0             1                 0  0.589744  0.367199  0.405263  0.251713
1706  ID00285637202278913507108     21  1304  61.373370   61  Female  Never smoked  test       100.0   ID00285637202278913507108_21       4.0     1411       17.0     0       1          0             1                 0  0.307692  0.073551  0.384211  0.261498
1707  ID00051637202185848464638     21  1532  73.707000   73  Female     Ex-smoker  test       100.0   ID00051637202185848464638_21      -1.0     1697       22.0     0       1          1             0                 0  0.615385  0.126672  0.410526  0.360749
1708  ID00168637202237852027833     21  2711  67.558812   62    Male     Ex-smoker  test       100.0   ID00168637202237852027833_21       7.0     3186       14.0     1       0          1             0                 0  0.333333  0.403232  0.368421  0.311273
1709  ID00127637202219096738943     21  1551  60.907127   55  Female     Ex-smoker  test       100.0   ID00127637202219096738943_21      44.0     1677      -23.0     0       1          1             0                 0  0.153846  0.122957  0.173684  0.257746
1710  ID00224637202259281193413     22  2812  60.157453   72    Male  Never smoked  test       100.0   ID00224637202259281193413_22       0.0     2992       22.0     1       0          0             1                 0  0.589744  0.367199  0.410526  0.251713
1711  ID00285637202278913507108     22  1304  61.373370   61  Female  Never smoked  test       100.0   ID00285637202278913507108_22       4.0     1411       18.0     0       1          0             1                 0  0.307692  0.073551  0.389474  0.261498
1712  ID00051637202185848464638     22  1532  73.707000   73  Female     Ex-smoker  test       100.0   ID00051637202185848464638_22      -1.0     1697       23.0     0       1          1             0                 0  0.615385  0.126672  0.415789  0.360749
1713  ID00168637202237852027833     22  2711  67.558812   62    Male     Ex-smoker  test       100.0   ID00168637202237852027833_22       7.0     3186       15.0     1       0          1             0                 0  0.333333  0.403232  0.373684  0.311273
1714  ID00127637202219096738943     22  1551  60.907127   55  Female     Ex-smoker  test       100.0   ID00127637202219096738943_22      44.0     1677      -22.0     0       1          1             0                 0  0.153846  0.122957  0.178947  0.257746
1715  ID00224637202259281193413     23  2812  60.157453   72    Male  Never smoked  test       100.0   ID00224637202259281193413_23       0.0     2992       23.0     1       0          0             1                 0  0.589744  0.367199  0.415789  0.251713
1716  ID00285637202278913507108     23  1304  61.373370   61  Female  Never smoked  test       100.0   ID00285637202278913507108_23       4.0     1411       19.0     0       1          0             1                 0  0.307692  0.073551  0.394737  0.261498
1717  ID00051637202185848464638     23  1532  73.707000   73  Female     Ex-smoker  test       100.0   ID00051637202185848464638_23      -1.0     1697       24.0     0       1          1             0                 0  0.615385  0.126672  0.421053  0.360749
1718  ID00168637202237852027833     23  2711  67.558812   62    Male     Ex-smoker  test       100.0   ID00168637202237852027833_23       7.0     3186       16.0     1       0          1             0                 0  0.333333  0.403232  0.378947  0.311273
1719  ID00127637202219096738943     23  1551  60.907127   55  Female     Ex-smoker  test       100.0   ID00127637202219096738943_23      44.0     1677      -21.0     0       1          1             0                 0  0.153846  0.122957  0.184211  0.257746
1720  ID00224637202259281193413     24  2812  60.157453   72    Male  Never smoked  test       100.0   ID00224637202259281193413_24       0.0     2992       24.0     1       0          0             1                 0  0.589744  0.367199  0.421053  0.251713
1721  ID00285637202278913507108     24  1304  61.373370   61  Female  Never smoked  test       100.0   ID00285637202278913507108_24       4.0     1411       20.0     0       1          0             1                 0  0.307692  0.073551  0.400000  0.261498
1722  ID00051637202185848464638     24  1532  73.707000   73  Female     Ex-smoker  test       100.0   ID00051637202185848464638_24      -1.0     1697       25.0     0       1          1             0                 0  0.615385  0.126672  0.426316  0.360749
1723  ID00168637202237852027833     24  2711  67.558812   62    Male     Ex-smoker  test       100.0   ID00168637202237852027833_24       7.0     3186       17.0     1       0          1             0                 0  0.333333  0.403232  0.384211  0.311273
1724  ID00127637202219096738943     24  1551  60.907127   55  Female     Ex-smoker  test       100.0   ID00127637202219096738943_24      44.0     1677      -20.0     0       1          1             0                 0  0.153846  0.122957  0.189474  0.257746
1725  ID00224637202259281193413     25  2812  60.157453   72    Male  Never smoked  test       100.0   ID00224637202259281193413_25       0.0     2992       25.0     1       0          0             1                 0  0.589744  0.367199  0.426316  0.251713
1726  ID00285637202278913507108     25  1304  61.373370   61  Female  Never smoked  test       100.0   ID00285637202278913507108_25       4.0     1411       21.0     0       1          0             1                 0  0.307692  0.073551  0.405263  0.261498
1727  ID00051637202185848464638     25  1532  73.707000   73  Female     Ex-smoker  test       100.0   ID00051637202185848464638_25      -1.0     1697       26.0     0       1          1             0                 0  0.615385  0.126672  0.431579  0.360749
1728  ID00168637202237852027833     25  2711  67.558812   62    Male     Ex-smoker  test       100.0   ID00168637202237852027833_25       7.0     3186       18.0     1       0          1             0                 0  0.333333  0.403232  0.389474  0.311273
1729  ID00127637202219096738943     25  1551  60.907127   55  Female     Ex-smoker  test       100.0   ID00127637202219096738943_25      44.0     1677      -19.0     0       1          1             0                 0  0.153846  0.122957  0.194737  0.257746
1730  ID00224637202259281193413     26  2812  60.157453   72    Male  Never smoked  test       100.0   ID00224637202259281193413_26       0.0     2992       26.0     1       0          0             1                 0  0.589744  0.367199  0.431579  0.251713
1731  ID00285637202278913507108     26  1304  61.373370   61  Female  Never smoked  test       100.0   ID00285637202278913507108_26       4.0     1411       22.0     0       1          0             1                 0  0.307692  0.073551  0.410526  0.261498
1732  ID00051637202185848464638     26  1532  73.707000   73  Female     Ex-smoker  test       100.0   ID00051637202185848464638_26      -1.0     1697       27.0     0       1          1             0                 0  0.615385  0.126672  0.436842  0.360749
1733  ID00168637202237852027833     26  2711  67.558812   62    Male     Ex-smoker  test       100.0   ID00168637202237852027833_26       7.0     3186       19.0     1       0          1             0                 0  0.333333  0.403232  0.394737  0.311273
1734  ID00127637202219096738943     26  1551  60.907127   55  Female     Ex-smoker  test       100.0   ID00127637202219096738943_26      44.0     1677      -18.0     0       1          1             0                 0  0.153846  0.122957  0.200000  0.257746
1735  ID00224637202259281193413     27  2812  60.157453   72    Male  Never smoked  test       100.0   ID00224637202259281193413_27       0.0     2992       27.0     1       0          0             1                 0  0.589744  0.367199  0.436842  0.251713
1736  ID00285637202278913507108     27  1304  61.373370   61  Female  Never smoked  test       100.0   ID00285637202278913507108_27       4.0     1411       23.0     0       1          0             1                 0  0.307692  0.073551  0.415789  0.261498
1737  ID00051637202185848464638     27  1532  73.707000   73  Female     Ex-smoker  test       100.0   ID00051637202185848464638_27      -1.0     1697       28.0     0       1          1             0                 0  0.615385  0.126672  0.442105  0.360749
1738  ID00168637202237852027833     27  2711  67.558812   62    Male     Ex-smoker  test       100.0   ID00168637202237852027833_27       7.0     3186       20.0     1       0          1             0                 0  0.333333  0.403232  0.400000  0.311273
1739  ID00127637202219096738943     27  1551  60.907127   55  Female     Ex-smoker  test       100.0   ID00127637202219096738943_27      44.0     1677      -17.0     0       1          1             0                 0  0.153846  0.122957  0.205263  0.257746
1740  ID00224637202259281193413     28  2812  60.157453   72    Male  Never smoked  test       100.0   ID00224637202259281193413_28       0.0     2992       28.0     1       0          0             1                 0  0.589744  0.367199  0.442105  0.251713
1741  ID00285637202278913507108     28  1304  61.373370   61  Female  Never smoked  test       100.0   ID00285637202278913507108_28       4.0     1411       24.0     0       1          0             1                 0  0.307692  0.073551  0.421053  0.261498
1742  ID00051637202185848464638     28  1532  73.707000   73  Female     Ex-smoker  test       100.0   ID00051637202185848464638_28      -1.0     1697       29.0     0       1          1             0                 0  0.615385  0.126672  0.447368  0.360749
1743  ID00168637202237852027833     28  2711  67.558812   62    Male     Ex-smoker  test       100.0   ID00168637202237852027833_28       7.0     3186       21.0     1       0          1             0                 0  0.333333  0.403232  0.405263  0.311273
1744  ID00127637202219096738943     28  1551  60.907127   55  Female     Ex-smoker  test       100.0   ID00127637202219096738943_28      44.0     1677      -16.0     0       1          1             0                 0  0.153846  0.122957  0.210526  0.257746
1745  ID00224637202259281193413     29  2812  60.157453   72    Male  Never smoked  test       100.0   ID00224637202259281193413_29       0.0     2992       29.0     1       0          0             1                 0  0.589744  0.367199  0.447368  0.251713
1746  ID00285637202278913507108     29  1304  61.373370   61  Female  Never smoked  test       100.0   ID00285637202278913507108_29       4.0     1411       25.0     0       1          0             1                 0  0.307692  0.073551  0.426316  0.261498
1747  ID00051637202185848464638     29  1532  73.707000   73  Female     Ex-smoker  test       100.0   ID00051637202185848464638_29      -1.0     1697       30.0     0       1          1             0                 0  0.615385  0.126672  0.452632  0.360749
1748  ID00168637202237852027833     29  2711  67.558812   62    Male     Ex-smoker  test       100.0   ID00168637202237852027833_29       7.0     3186       22.0     1       0          1             0                 0  0.333333  0.403232  0.410526  0.311273
1749  ID00127637202219096738943     29  1551  60.907127   55  Female     Ex-smoker  test       100.0   ID00127637202219096738943_29      44.0     1677      -15.0     0       1          1             0                 0  0.153846  0.122957  0.215789  0.257746
1750  ID00224637202259281193413     30  2812  60.157453   72    Male  Never smoked  test       100.0   ID00224637202259281193413_30       0.0     2992       30.0     1       0          0             1                 0  0.589744  0.367199  0.452632  0.251713
1751  ID00285637202278913507108     30  1304  61.373370   61  Female  Never smoked  test       100.0   ID00285637202278913507108_30       4.0     1411       26.0     0       1          0             1                 0  0.307692  0.073551  0.431579  0.261498
1752  ID00051637202185848464638     30  1532  73.707000   73  Female     Ex-smoker  test       100.0   ID00051637202185848464638_30      -1.0     1697       31.0     0       1          1             0                 0  0.615385  0.126672  0.457895  0.360749
1753  ID00168637202237852027833     30  2711  67.558812   62    Male     Ex-smoker  test       100.0   ID00168637202237852027833_30       7.0     3186       23.0     1       0          1             0                 0  0.333333  0.403232  0.415789  0.311273
1754  ID00127637202219096738943     30  1551  60.907127   55  Female     Ex-smoker  test       100.0   ID00127637202219096738943_30      44.0     1677      -14.0     0       1          1             0                 0  0.153846  0.122957  0.221053  0.257746
1755  ID00224637202259281193413     31  2812  60.157453   72    Male  Never smoked  test       100.0   ID00224637202259281193413_31       0.0     2992       31.0     1       0          0             1                 0  0.589744  0.367199  0.457895  0.251713
1756  ID00285637202278913507108     31  1304  61.373370   61  Female  Never smoked  test       100.0   ID00285637202278913507108_31       4.0     1411       27.0     0       1          0             1                 0  0.307692  0.073551  0.436842  0.261498
1757  ID00051637202185848464638     31  1532  73.707000   73  Female     Ex-smoker  test       100.0   ID00051637202185848464638_31      -1.0     1697       32.0     0       1          1             0                 0  0.615385  0.126672  0.463158  0.360749
1758  ID00168637202237852027833     31  2711  67.558812   62    Male     Ex-smoker  test       100.0   ID00168637202237852027833_31       7.0     3186       24.0     1       0          1             0                 0  0.333333  0.403232  0.421053  0.311273
1759  ID00127637202219096738943     31  1551  60.907127   55  Female     Ex-smoker  test       100.0   ID00127637202219096738943_31      44.0     1677      -13.0     0       1          1             0                 0  0.153846  0.122957  0.226316  0.257746
1760  ID00224637202259281193413     32  2812  60.157453   72    Male  Never smoked  test       100.0   ID00224637202259281193413_32       0.0     2992       32.0     1       0          0             1                 0  0.589744  0.367199  0.463158  0.251713
1761  ID00285637202278913507108     32  1304  61.373370   61  Female  Never smoked  test       100.0   ID00285637202278913507108_32       4.0     1411       28.0     0       1          0             1                 0  0.307692  0.073551  0.442105  0.261498
1762  ID00051637202185848464638     32  1532  73.707000   73  Female     Ex-smoker  test       100.0   ID00051637202185848464638_32      -1.0     1697       33.0     0       1          1             0                 0  0.615385  0.126672  0.468421  0.360749
1763  ID00168637202237852027833     32  2711  67.558812   62    Male     Ex-smoker  test       100.0   ID00168637202237852027833_32       7.0     3186       25.0     1       0          1             0                 0  0.333333  0.403232  0.426316  0.311273
1764  ID00127637202219096738943     32  1551  60.907127   55  Female     Ex-smoker  test       100.0   ID00127637202219096738943_32      44.0     1677      -12.0     0       1          1             0                 0  0.153846  0.122957  0.231579  0.257746
1765  ID00224637202259281193413     33  2812  60.157453   72    Male  Never smoked  test       100.0   ID00224637202259281193413_33       0.0     2992       33.0     1       0          0             1                 0  0.589744  0.367199  0.468421  0.251713
1766  ID00285637202278913507108     33  1304  61.373370   61  Female  Never smoked  test       100.0   ID00285637202278913507108_33       4.0     1411       29.0     0       1          0             1                 0  0.307692  0.073551  0.447368  0.261498
1767  ID00051637202185848464638     33  1532  73.707000   73  Female     Ex-smoker  test       100.0   ID00051637202185848464638_33      -1.0     1697       34.0     0       1          1             0                 0  0.615385  0.126672  0.473684  0.360749
1768  ID00168637202237852027833     33  2711  67.558812   62    Male     Ex-smoker  test       100.0   ID00168637202237852027833_33       7.0     3186       26.0     1       0          1             0                 0  0.333333  0.403232  0.431579  0.311273
1769  ID00127637202219096738943     33  1551  60.907127   55  Female     Ex-smoker  test       100.0   ID00127637202219096738943_33      44.0     1677      -11.0     0       1          1             0                 0  0.153846  0.122957  0.236842  0.257746
1770  ID00224637202259281193413     34  2812  60.157453   72    Male  Never smoked  test       100.0   ID00224637202259281193413_34       0.0     2992       34.0     1       0          0             1                 0  0.589744  0.367199  0.473684  0.251713
1771  ID00285637202278913507108     34  1304  61.373370   61  Female  Never smoked  test       100.0   ID00285637202278913507108_34       4.0     1411       30.0     0       1          0             1                 0  0.307692  0.073551  0.452632  0.261498
1772  ID00051637202185848464638     34  1532  73.707000   73  Female     Ex-smoker  test       100.0   ID00051637202185848464638_34      -1.0     1697       35.0     0       1          1             0                 0  0.615385  0.126672  0.478947  0.360749
1773  ID00168637202237852027833     34  2711  67.558812   62    Male     Ex-smoker  test       100.0   ID00168637202237852027833_34       7.0     3186       27.0     1       0          1             0                 0  0.333333  0.403232  0.436842  0.311273
1774  ID00127637202219096738943     34  1551  60.907127   55  Female     Ex-smoker  test       100.0   ID00127637202219096738943_34      44.0     1677      -10.0     0       1          1             0                 0  0.153846  0.122957  0.242105  0.257746
1775  ID00224637202259281193413     35  2812  60.157453   72    Male  Never smoked  test       100.0   ID00224637202259281193413_35       0.0     2992       35.0     1       0          0             1                 0  0.589744  0.367199  0.478947  0.251713
1776  ID00285637202278913507108     35  1304  61.373370   61  Female  Never smoked  test       100.0   ID00285637202278913507108_35       4.0     1411       31.0     0       1          0             1                 0  0.307692  0.073551  0.457895  0.261498
1777  ID00051637202185848464638     35  1532  73.707000   73  Female     Ex-smoker  test       100.0   ID00051637202185848464638_35      -1.0     1697       36.0     0       1          1             0                 0  0.615385  0.126672  0.484211  0.360749
1778  ID00168637202237852027833     35  2711  67.558812   62    Male     Ex-smoker  test       100.0   ID00168637202237852027833_35       7.0     3186       28.0     1       0          1             0                 0  0.333333  0.403232  0.442105  0.311273
1779  ID00127637202219096738943     35  1551  60.907127   55  Female     Ex-smoker  test       100.0   ID00127637202219096738943_35      44.0     1677       -9.0     0       1          1             0                 0  0.153846  0.122957  0.247368  0.257746
1780  ID00224637202259281193413     36  2812  60.157453   72    Male  Never smoked  test       100.0   ID00224637202259281193413_36       0.0     2992       36.0     1       0          0             1                 0  0.589744  0.367199  0.484211  0.251713
1781  ID00285637202278913507108     36  1304  61.373370   61  Female  Never smoked  test       100.0   ID00285637202278913507108_36       4.0     1411       32.0     0       1          0             1                 0  0.307692  0.073551  0.463158  0.261498
1782  ID00051637202185848464638     36  1532  73.707000   73  Female     Ex-smoker  test       100.0   ID00051637202185848464638_36      -1.0     1697       37.0     0       1          1             0                 0  0.615385  0.126672  0.489474  0.360749
1783  ID00168637202237852027833     36  2711  67.558812   62    Male     Ex-smoker  test       100.0   ID00168637202237852027833_36       7.0     3186       29.0     1       0          1             0                 0  0.333333  0.403232  0.447368  0.311273
1784  ID00127637202219096738943     36  1551  60.907127   55  Female     Ex-smoker  test       100.0   ID00127637202219096738943_36      44.0     1677       -8.0     0       1          1             0                 0  0.153846  0.122957  0.252632  0.257746
1785  ID00224637202259281193413     37  2812  60.157453   72    Male  Never smoked  test       100.0   ID00224637202259281193413_37       0.0     2992       37.0     1       0          0             1                 0  0.589744  0.367199  0.489474  0.251713
1786  ID00285637202278913507108     37  1304  61.373370   61  Female  Never smoked  test       100.0   ID00285637202278913507108_37       4.0     1411       33.0     0       1          0             1                 0  0.307692  0.073551  0.468421  0.261498
1787  ID00051637202185848464638     37  1532  73.707000   73  Female     Ex-smoker  test       100.0   ID00051637202185848464638_37      -1.0     1697       38.0     0       1          1             0                 0  0.615385  0.126672  0.494737  0.360749
1788  ID00168637202237852027833     37  2711  67.558812   62    Male     Ex-smoker  test       100.0   ID00168637202237852027833_37       7.0     3186       30.0     1       0          1             0                 0  0.333333  0.403232  0.452632  0.311273
1789  ID00127637202219096738943     37  1551  60.907127   55  Female     Ex-smoker  test       100.0   ID00127637202219096738943_37      44.0     1677       -7.0     0       1          1             0                 0  0.153846  0.122957  0.257895  0.257746
1790  ID00224637202259281193413     38  2812  60.157453   72    Male  Never smoked  test       100.0   ID00224637202259281193413_38       0.0     2992       38.0     1       0          0             1                 0  0.589744  0.367199  0.494737  0.251713
1791  ID00285637202278913507108     38  1304  61.373370   61  Female  Never smoked  test       100.0   ID00285637202278913507108_38       4.0     1411       34.0     0       1          0             1                 0  0.307692  0.073551  0.473684  0.261498
1792  ID00051637202185848464638     38  1532  73.707000   73  Female     Ex-smoker  test       100.0   ID00051637202185848464638_38      -1.0     1697       39.0     0       1          1             0                 0  0.615385  0.126672  0.500000  0.360749
1793  ID00168637202237852027833     38  2711  67.558812   62    Male     Ex-smoker  test       100.0   ID00168637202237852027833_38       7.0     3186       31.0     1       0          1             0                 0  0.333333  0.403232  0.457895  0.311273
1794  ID00127637202219096738943     38  1551  60.907127   55  Female     Ex-smoker  test       100.0   ID00127637202219096738943_38      44.0     1677       -6.0     0       1          1             0                 0  0.153846  0.122957  0.263158  0.257746
1795  ID00224637202259281193413     39  2812  60.157453   72    Male  Never smoked  test       100.0   ID00224637202259281193413_39       0.0     2992       39.0     1       0          0             1                 0  0.589744  0.367199  0.500000  0.251713
1796  ID00285637202278913507108     39  1304  61.373370   61  Female  Never smoked  test       100.0   ID00285637202278913507108_39       4.0     1411       35.0     0       1          0             1                 0  0.307692  0.073551  0.478947  0.261498
1797  ID00051637202185848464638     39  1532  73.707000   73  Female     Ex-smoker  test       100.0   ID00051637202185848464638_39      -1.0     1697       40.0     0       1          1             0                 0  0.615385  0.126672  0.505263  0.360749
1798  ID00168637202237852027833     39  2711  67.558812   62    Male     Ex-smoker  test       100.0   ID00168637202237852027833_39       7.0     3186       32.0     1       0          1             0                 0  0.333333  0.403232  0.463158  0.311273
1799  ID00127637202219096738943     39  1551  60.907127   55  Female     Ex-smoker  test       100.0   ID00127637202219096738943_39      44.0     1677       -5.0     0       1          1             0                 0  0.153846  0.122957  0.268421  0.257746
1800  ID00224637202259281193413     40  2812  60.157453   72    Male  Never smoked  test       100.0   ID00224637202259281193413_40       0.0     2992       40.0     1       0          0             1                 0  0.589744  0.367199  0.505263  0.251713
1801  ID00285637202278913507108     40  1304  61.373370   61  Female  Never smoked  test       100.0   ID00285637202278913507108_40       4.0     1411       36.0     0       1          0             1                 0  0.307692  0.073551  0.484211  0.261498
1802  ID00051637202185848464638     40  1532  73.707000   73  Female     Ex-smoker  test       100.0   ID00051637202185848464638_40      -1.0     1697       41.0     0       1          1             0                 0  0.615385  0.126672  0.510526  0.360749
1803  ID00168637202237852027833     40  2711  67.558812   62    Male     Ex-smoker  test       100.0   ID00168637202237852027833_40       7.0     3186       33.0     1       0          1             0                 0  0.333333  0.403232  0.468421  0.311273
1804  ID00127637202219096738943     40  1551  60.907127   55  Female     Ex-smoker  test       100.0   ID00127637202219096738943_40      44.0     1677       -4.0     0       1          1             0                 0  0.153846  0.122957  0.273684  0.257746
1805  ID00224637202259281193413     41  2812  60.157453   72    Male  Never smoked  test       100.0   ID00224637202259281193413_41       0.0     2992       41.0     1       0          0             1                 0  0.589744  0.367199  0.510526  0.251713
1806  ID00285637202278913507108     41  1304  61.373370   61  Female  Never smoked  test       100.0   ID00285637202278913507108_41       4.0     1411       37.0     0       1          0             1                 0  0.307692  0.073551  0.489474  0.261498
1807  ID00051637202185848464638     41  1532  73.707000   73  Female     Ex-smoker  test       100.0   ID00051637202185848464638_41      -1.0     1697       42.0     0       1          1             0                 0  0.615385  0.126672  0.515789  0.360749
1808  ID00168637202237852027833     41  2711  67.558812   62    Male     Ex-smoker  test       100.0   ID00168637202237852027833_41       7.0     3186       34.0     1       0          1             0                 0  0.333333  0.403232  0.473684  0.311273
1809  ID00127637202219096738943     41  1551  60.907127   55  Female     Ex-smoker  test       100.0   ID00127637202219096738943_41      44.0     1677       -3.0     0       1          1             0                 0  0.153846  0.122957  0.278947  0.257746
1810  ID00224637202259281193413     42  2812  60.157453   72    Male  Never smoked  test       100.0   ID00224637202259281193413_42       0.0     2992       42.0     1       0          0             1                 0  0.589744  0.367199  0.515789  0.251713
1811  ID00285637202278913507108     42  1304  61.373370   61  Female  Never smoked  test       100.0   ID00285637202278913507108_42       4.0     1411       38.0     0       1          0             1                 0  0.307692  0.073551  0.494737  0.261498
1812  ID00051637202185848464638     42  1532  73.707000   73  Female     Ex-smoker  test       100.0   ID00051637202185848464638_42      -1.0     1697       43.0     0       1          1             0                 0  0.615385  0.126672  0.521053  0.360749
1813  ID00168637202237852027833     42  2711  67.558812   62    Male     Ex-smoker  test       100.0   ID00168637202237852027833_42       7.0     3186       35.0     1       0          1             0                 0  0.333333  0.403232  0.478947  0.311273
1814  ID00127637202219096738943     42  1551  60.907127   55  Female     Ex-smoker  test       100.0   ID00127637202219096738943_42      44.0     1677       -2.0     0       1          1             0                 0  0.153846  0.122957  0.284211  0.257746
1815  ID00224637202259281193413     43  2812  60.157453   72    Male  Never smoked  test       100.0   ID00224637202259281193413_43       0.0     2992       43.0     1       0          0             1                 0  0.589744  0.367199  0.521053  0.251713
1816  ID00285637202278913507108     43  1304  61.373370   61  Female  Never smoked  test       100.0   ID00285637202278913507108_43       4.0     1411       39.0     0       1          0             1                 0  0.307692  0.073551  0.500000  0.261498
1817  ID00051637202185848464638     43  1532  73.707000   73  Female     Ex-smoker  test       100.0   ID00051637202185848464638_43      -1.0     1697       44.0     0       1          1             0                 0  0.615385  0.126672  0.526316  0.360749
1818  ID00168637202237852027833     43  2711  67.558812   62    Male     Ex-smoker  test       100.0   ID00168637202237852027833_43       7.0     3186       36.0     1       0          1             0                 0  0.333333  0.403232  0.484211  0.311273
1819  ID00127637202219096738943     43  1551  60.907127   55  Female     Ex-smoker  test       100.0   ID00127637202219096738943_43      44.0     1677       -1.0     0       1          1             0                 0  0.153846  0.122957  0.289474  0.257746
1820  ID00224637202259281193413     44  2812  60.157453   72    Male  Never smoked  test       100.0   ID00224637202259281193413_44       0.0     2992       44.0     1       0          0             1                 0  0.589744  0.367199  0.526316  0.251713
1821  ID00285637202278913507108     44  1304  61.373370   61  Female  Never smoked  test       100.0   ID00285637202278913507108_44       4.0     1411       40.0     0       1          0             1                 0  0.307692  0.073551  0.505263  0.261498
1822  ID00051637202185848464638     44  1532  73.707000   73  Female     Ex-smoker  test       100.0   ID00051637202185848464638_44      -1.0     1697       45.0     0       1          1             0                 0  0.615385  0.126672  0.531579  0.360749
1823  ID00168637202237852027833     44  2711  67.558812   62    Male     Ex-smoker  test       100.0   ID00168637202237852027833_44       7.0     3186       37.0     1       0          1             0                 0  0.333333  0.403232  0.489474  0.311273
1824  ID00127637202219096738943     44  1551  60.907127   55  Female     Ex-smoker  test       100.0   ID00127637202219096738943_44      44.0     1677        0.0     0       1          1             0                 0  0.153846  0.122957  0.294737  0.257746
1825  ID00224637202259281193413     45  2812  60.157453   72    Male  Never smoked  test       100.0   ID00224637202259281193413_45       0.0     2992       45.0     1       0          0             1                 0  0.589744  0.367199  0.531579  0.251713
1826  ID00285637202278913507108     45  1304  61.373370   61  Female  Never smoked  test       100.0   ID00285637202278913507108_45       4.0     1411       41.0     0       1          0             1                 0  0.307692  0.073551  0.510526  0.261498
1827  ID00051637202185848464638     45  1532  73.707000   73  Female     Ex-smoker  test       100.0   ID00051637202185848464638_45      -1.0     1697       46.0     0       1          1             0                 0  0.615385  0.126672  0.536842  0.360749
1828  ID00168637202237852027833     45  2711  67.558812   62    Male     Ex-smoker  test       100.0   ID00168637202237852027833_45       7.0     3186       38.0     1       0          1             0                 0  0.333333  0.403232  0.494737  0.311273
1829  ID00127637202219096738943     45  1551  60.907127   55  Female     Ex-smoker  test       100.0   ID00127637202219096738943_45      44.0     1677        1.0     0       1          1             0                 0  0.153846  0.122957  0.300000  0.257746
1830  ID00224637202259281193413     46  2812  60.157453   72    Male  Never smoked  test       100.0   ID00224637202259281193413_46       0.0     2992       46.0     1       0          0             1                 0  0.589744  0.367199  0.536842  0.251713
1831  ID00285637202278913507108     46  1304  61.373370   61  Female  Never smoked  test       100.0   ID00285637202278913507108_46       4.0     1411       42.0     0       1          0             1                 0  0.307692  0.073551  0.515789  0.261498
1832  ID00051637202185848464638     46  1532  73.707000   73  Female     Ex-smoker  test       100.0   ID00051637202185848464638_46      -1.0     1697       47.0     0       1          1             0                 0  0.615385  0.126672  0.542105  0.360749
1833  ID00168637202237852027833     46  2711  67.558812   62    Male     Ex-smoker  test       100.0   ID00168637202237852027833_46       7.0     3186       39.0     1       0          1             0                 0  0.333333  0.403232  0.500000  0.311273
1834  ID00127637202219096738943     46  1551  60.907127   55  Female     Ex-smoker  test       100.0   ID00127637202219096738943_46      44.0     1677        2.0     0       1          1             0                 0  0.153846  0.122957  0.305263  0.257746
1835  ID00224637202259281193413     47  2812  60.157453   72    Male  Never smoked  test       100.0   ID00224637202259281193413_47       0.0     2992       47.0     1       0          0             1                 0  0.589744  0.367199  0.542105  0.251713
1836  ID00285637202278913507108     47  1304  61.373370   61  Female  Never smoked  test       100.0   ID00285637202278913507108_47       4.0     1411       43.0     0       1          0             1                 0  0.307692  0.073551  0.521053  0.261498
1837  ID00051637202185848464638     47  1532  73.707000   73  Female     Ex-smoker  test       100.0   ID00051637202185848464638_47      -1.0     1697       48.0     0       1          1             0                 0  0.615385  0.126672  0.547368  0.360749
1838  ID00168637202237852027833     47  2711  67.558812   62    Male     Ex-smoker  test       100.0   ID00168637202237852027833_47       7.0     3186       40.0     1       0          1             0                 0  0.333333  0.403232  0.505263  0.311273
1839  ID00127637202219096738943     47  1551  60.907127   55  Female     Ex-smoker  test       100.0   ID00127637202219096738943_47      44.0     1677        3.0     0       1          1             0                 0  0.153846  0.122957  0.310526  0.257746
1840  ID00224637202259281193413     48  2812  60.157453   72    Male  Never smoked  test       100.0   ID00224637202259281193413_48       0.0     2992       48.0     1       0          0             1                 0  0.589744  0.367199  0.547368  0.251713
1841  ID00285637202278913507108     48  1304  61.373370   61  Female  Never smoked  test       100.0   ID00285637202278913507108_48       4.0     1411       44.0     0       1          0             1                 0  0.307692  0.073551  0.526316  0.261498
1842  ID00051637202185848464638     48  1532  73.707000   73  Female     Ex-smoker  test       100.0   ID00051637202185848464638_48      -1.0     1697       49.0     0       1          1             0                 0  0.615385  0.126672  0.552632  0.360749
1843  ID00168637202237852027833     48  2711  67.558812   62    Male     Ex-smoker  test       100.0   ID00168637202237852027833_48       7.0     3186       41.0     1       0          1             0                 0  0.333333  0.403232  0.510526  0.311273
1844  ID00127637202219096738943     48  1551  60.907127   55  Female     Ex-smoker  test       100.0   ID00127637202219096738943_48      44.0     1677        4.0     0       1          1             0                 0  0.153846  0.122957  0.315789  0.257746
1845  ID00224637202259281193413     49  2812  60.157453   72    Male  Never smoked  test       100.0   ID00224637202259281193413_49       0.0     2992       49.0     1       0          0             1                 0  0.589744  0.367199  0.552632  0.251713
1846  ID00285637202278913507108     49  1304  61.373370   61  Female  Never smoked  test       100.0   ID00285637202278913507108_49       4.0     1411       45.0     0       1          0             1                 0  0.307692  0.073551  0.531579  0.261498
1847  ID00051637202185848464638     49  1532  73.707000   73  Female     Ex-smoker  test       100.0   ID00051637202185848464638_49      -1.0     1697       50.0     0       1          1             0                 0  0.615385  0.126672  0.557895  0.360749
1848  ID00168637202237852027833     49  2711  67.558812   62    Male     Ex-smoker  test       100.0   ID00168637202237852027833_49       7.0     3186       42.0     1       0          1             0                 0  0.333333  0.403232  0.515789  0.311273
1849  ID00127637202219096738943     49  1551  60.907127   55  Female     Ex-smoker  test       100.0   ID00127637202219096738943_49      44.0     1677        5.0     0       1          1             0                 0  0.153846  0.122957  0.321053  0.257746
1850  ID00224637202259281193413     50  2812  60.157453   72    Male  Never smoked  test       100.0   ID00224637202259281193413_50       0.0     2992       50.0     1       0          0             1                 0  0.589744  0.367199  0.557895  0.251713
1851  ID00285637202278913507108     50  1304  61.373370   61  Female  Never smoked  test       100.0   ID00285637202278913507108_50       4.0     1411       46.0     0       1          0             1                 0  0.307692  0.073551  0.536842  0.261498
1852  ID00051637202185848464638     50  1532  73.707000   73  Female     Ex-smoker  test       100.0   ID00051637202185848464638_50      -1.0     1697       51.0     0       1          1             0                 0  0.615385  0.126672  0.563158  0.360749
1853  ID00168637202237852027833     50  2711  67.558812   62    Male     Ex-smoker  test       100.0   ID00168637202237852027833_50       7.0     3186       43.0     1       0          1             0                 0  0.333333  0.403232  0.521053  0.311273
1854  ID00127637202219096738943     50  1551  60.907127   55  Female     Ex-smoker  test       100.0   ID00127637202219096738943_50      44.0     1677        6.0     0       1          1             0                 0  0.153846  0.122957  0.326316  0.257746
1855  ID00224637202259281193413     51  2812  60.157453   72    Male  Never smoked  test       100.0   ID00224637202259281193413_51       0.0     2992       51.0     1       0          0             1                 0  0.589744  0.367199  0.563158  0.251713
1856  ID00285637202278913507108     51  1304  61.373370   61  Female  Never smoked  test       100.0   ID00285637202278913507108_51       4.0     1411       47.0     0       1          0             1                 0  0.307692  0.073551  0.542105  0.261498
1857  ID00051637202185848464638     51  1532  73.707000   73  Female     Ex-smoker  test       100.0   ID00051637202185848464638_51      -1.0     1697       52.0     0       1          1             0                 0  0.615385  0.126672  0.568421  0.360749
1858  ID00168637202237852027833     51  2711  67.558812   62    Male     Ex-smoker  test       100.0   ID00168637202237852027833_51       7.0     3186       44.0     1       0          1             0                 0  0.333333  0.403232  0.526316  0.311273
1859  ID00127637202219096738943     51  1551  60.907127   55  Female     Ex-smoker  test       100.0   ID00127637202219096738943_51      44.0     1677        7.0     0       1          1             0                 0  0.153846  0.122957  0.331579  0.257746
1860  ID00224637202259281193413     52  2812  60.157453   72    Male  Never smoked  test       100.0   ID00224637202259281193413_52       0.0     2992       52.0     1       0          0             1                 0  0.589744  0.367199  0.568421  0.251713
1861  ID00285637202278913507108     52  1304  61.373370   61  Female  Never smoked  test       100.0   ID00285637202278913507108_52       4.0     1411       48.0     0       1          0             1                 0  0.307692  0.073551  0.547368  0.261498
1862  ID00051637202185848464638     52  1532  73.707000   73  Female     Ex-smoker  test       100.0   ID00051637202185848464638_52      -1.0     1697       53.0     0       1          1             0                 0  0.615385  0.126672  0.573684  0.360749
1863  ID00168637202237852027833     52  2711  67.558812   62    Male     Ex-smoker  test       100.0   ID00168637202237852027833_52       7.0     3186       45.0     1       0          1             0                 0  0.333333  0.403232  0.531579  0.311273
1864  ID00127637202219096738943     52  1551  60.907127   55  Female     Ex-smoker  test       100.0   ID00127637202219096738943_52      44.0     1677        8.0     0       1          1             0                 0  0.153846  0.122957  0.336842  0.257746
1865  ID00224637202259281193413     53  2812  60.157453   72    Male  Never smoked  test       100.0   ID00224637202259281193413_53       0.0     2992       53.0     1       0          0             1                 0  0.589744  0.367199  0.573684  0.251713
1866  ID00285637202278913507108     53  1304  61.373370   61  Female  Never smoked  test       100.0   ID00285637202278913507108_53       4.0     1411       49.0     0       1          0             1                 0  0.307692  0.073551  0.552632  0.261498
1867  ID00051637202185848464638     53  1532  73.707000   73  Female     Ex-smoker  test       100.0   ID00051637202185848464638_53      -1.0     1697       54.0     0       1          1             0                 0  0.615385  0.126672  0.578947  0.360749
1868  ID00168637202237852027833     53  2711  67.558812   62    Male     Ex-smoker  test       100.0   ID00168637202237852027833_53       7.0     3186       46.0     1       0          1             0                 0  0.333333  0.403232  0.536842  0.311273
1869  ID00127637202219096738943     53  1551  60.907127   55  Female     Ex-smoker  test       100.0   ID00127637202219096738943_53      44.0     1677        9.0     0       1          1             0                 0  0.153846  0.122957  0.342105  0.257746
1870  ID00224637202259281193413     54  2812  60.157453   72    Male  Never smoked  test       100.0   ID00224637202259281193413_54       0.0     2992       54.0     1       0          0             1                 0  0.589744  0.367199  0.578947  0.251713
1871  ID00285637202278913507108     54  1304  61.373370   61  Female  Never smoked  test       100.0   ID00285637202278913507108_54       4.0     1411       50.0     0       1          0             1                 0  0.307692  0.073551  0.557895  0.261498
1872  ID00051637202185848464638     54  1532  73.707000   73  Female     Ex-smoker  test       100.0   ID00051637202185848464638_54      -1.0     1697       55.0     0       1          1             0                 0  0.615385  0.126672  0.584211  0.360749
1873  ID00168637202237852027833     54  2711  67.558812   62    Male     Ex-smoker  test       100.0   ID00168637202237852027833_54       7.0     3186       47.0     1       0          1             0                 0  0.333333  0.403232  0.542105  0.311273
1874  ID00127637202219096738943     54  1551  60.907127   55  Female     Ex-smoker  test       100.0   ID00127637202219096738943_54      44.0     1677       10.0     0       1          1             0                 0  0.153846  0.122957  0.347368  0.257746
1875  ID00224637202259281193413     55  2812  60.157453   72    Male  Never smoked  test       100.0   ID00224637202259281193413_55       0.0     2992       55.0     1       0          0             1                 0  0.589744  0.367199  0.584211  0.251713
1876  ID00285637202278913507108     55  1304  61.373370   61  Female  Never smoked  test       100.0   ID00285637202278913507108_55       4.0     1411       51.0     0       1          0             1                 0  0.307692  0.073551  0.563158  0.261498
1877  ID00051637202185848464638     55  1532  73.707000   73  Female     Ex-smoker  test       100.0   ID00051637202185848464638_55      -1.0     1697       56.0     0       1          1             0                 0  0.615385  0.126672  0.589474  0.360749
1878  ID00168637202237852027833     55  2711  67.558812   62    Male     Ex-smoker  test       100.0   ID00168637202237852027833_55       7.0     3186       48.0     1       0          1             0                 0  0.333333  0.403232  0.547368  0.311273
1879  ID00127637202219096738943     55  1551  60.907127   55  Female     Ex-smoker  test       100.0   ID00127637202219096738943_55      44.0     1677       11.0     0       1          1             0                 0  0.153846  0.122957  0.352632  0.257746
1880  ID00224637202259281193413     56  2812  60.157453   72    Male  Never smoked  test       100.0   ID00224637202259281193413_56       0.0     2992       56.0     1       0          0             1                 0  0.589744  0.367199  0.589474  0.251713
1881  ID00285637202278913507108     56  1304  61.373370   61  Female  Never smoked  test       100.0   ID00285637202278913507108_56       4.0     1411       52.0     0       1          0             1                 0  0.307692  0.073551  0.568421  0.261498
1882  ID00051637202185848464638     56  1532  73.707000   73  Female     Ex-smoker  test       100.0   ID00051637202185848464638_56      -1.0     1697       57.0     0       1          1             0                 0  0.615385  0.126672  0.594737  0.360749
1883  ID00168637202237852027833     56  2711  67.558812   62    Male     Ex-smoker  test       100.0   ID00168637202237852027833_56       7.0     3186       49.0     1       0          1             0                 0  0.333333  0.403232  0.552632  0.311273
1884  ID00127637202219096738943     56  1551  60.907127   55  Female     Ex-smoker  test       100.0   ID00127637202219096738943_56      44.0     1677       12.0     0       1          1             0                 0  0.153846  0.122957  0.357895  0.257746
1885  ID00224637202259281193413     57  2812  60.157453   72    Male  Never smoked  test       100.0   ID00224637202259281193413_57       0.0     2992       57.0     1       0          0             1                 0  0.589744  0.367199  0.594737  0.251713
1886  ID00285637202278913507108     57  1304  61.373370   61  Female  Never smoked  test       100.0   ID00285637202278913507108_57       4.0     1411       53.0     0       1          0             1                 0  0.307692  0.073551  0.573684  0.261498
1887  ID00051637202185848464638     57  1532  73.707000   73  Female     Ex-smoker  test       100.0   ID00051637202185848464638_57      -1.0     1697       58.0     0       1          1             0                 0  0.615385  0.126672  0.600000  0.360749
1888  ID00168637202237852027833     57  2711  67.558812   62    Male     Ex-smoker  test       100.0   ID00168637202237852027833_57       7.0     3186       50.0     1       0          1             0                 0  0.333333  0.403232  0.557895  0.311273
1889  ID00127637202219096738943     57  1551  60.907127   55  Female     Ex-smoker  test       100.0   ID00127637202219096738943_57      44.0     1677       13.0     0       1          1             0                 0  0.153846  0.122957  0.363158  0.257746
1890  ID00224637202259281193413     58  2812  60.157453   72    Male  Never smoked  test       100.0   ID00224637202259281193413_58       0.0     2992       58.0     1       0          0             1                 0  0.589744  0.367199  0.600000  0.251713
1891  ID00285637202278913507108     58  1304  61.373370   61  Female  Never smoked  test       100.0   ID00285637202278913507108_58       4.0     1411       54.0     0       1          0             1                 0  0.307692  0.073551  0.578947  0.261498
1892  ID00051637202185848464638     58  1532  73.707000   73  Female     Ex-smoker  test       100.0   ID00051637202185848464638_58      -1.0     1697       59.0     0       1          1             0                 0  0.615385  0.126672  0.605263  0.360749
1893  ID00168637202237852027833     58  2711  67.558812   62    Male     Ex-smoker  test       100.0   ID00168637202237852027833_58       7.0     3186       51.0     1       0          1             0                 0  0.333333  0.403232  0.563158  0.311273
1894  ID00127637202219096738943     58  1551  60.907127   55  Female     Ex-smoker  test       100.0   ID00127637202219096738943_58      44.0     1677       14.0     0       1          1             0                 0  0.153846  0.122957  0.368421  0.257746
1895  ID00224637202259281193413     59  2812  60.157453   72    Male  Never smoked  test       100.0   ID00224637202259281193413_59       0.0     2992       59.0     1       0          0             1                 0  0.589744  0.367199  0.605263  0.251713
1896  ID00285637202278913507108     59  1304  61.373370   61  Female  Never smoked  test       100.0   ID00285637202278913507108_59       4.0     1411       55.0     0       1          0             1                 0  0.307692  0.073551  0.584211  0.261498
1897  ID00051637202185848464638     59  1532  73.707000   73  Female     Ex-smoker  test       100.0   ID00051637202185848464638_59      -1.0     1697       60.0     0       1          1             0                 0  0.615385  0.126672  0.610526  0.360749
1898  ID00168637202237852027833     59  2711  67.558812   62    Male     Ex-smoker  test       100.0   ID00168637202237852027833_59       7.0     3186       52.0     1       0          1             0                 0  0.333333  0.403232  0.568421  0.311273
1899  ID00127637202219096738943     59  1551  60.907127   55  Female     Ex-smoker  test       100.0   ID00127637202219096738943_59      44.0     1677       15.0     0       1          1             0                 0  0.153846  0.122957  0.373684  0.257746
1900  ID00224637202259281193413     60  2812  60.157453   72    Male  Never smoked  test       100.0   ID00224637202259281193413_60       0.0     2992       60.0     1       0          0             1                 0  0.589744  0.367199  0.610526  0.251713
1901  ID00285637202278913507108     60  1304  61.373370   61  Female  Never smoked  test       100.0   ID00285637202278913507108_60       4.0     1411       56.0     0       1          0             1                 0  0.307692  0.073551  0.589474  0.261498
1902  ID00051637202185848464638     60  1532  73.707000   73  Female     Ex-smoker  test       100.0   ID00051637202185848464638_60      -1.0     1697       61.0     0       1          1             0                 0  0.615385  0.126672  0.615789  0.360749
1903  ID00168637202237852027833     60  2711  67.558812   62    Male     Ex-smoker  test       100.0   ID00168637202237852027833_60       7.0     3186       53.0     1       0          1             0                 0  0.333333  0.403232  0.573684  0.311273
1904  ID00127637202219096738943     60  1551  60.907127   55  Female     Ex-smoker  test       100.0   ID00127637202219096738943_60      44.0     1677       16.0     0       1          1             0                 0  0.153846  0.122957  0.378947  0.257746
1905  ID00224637202259281193413     61  2812  60.157453   72    Male  Never smoked  test       100.0   ID00224637202259281193413_61       0.0     2992       61.0     1       0          0             1                 0  0.589744  0.367199  0.615789  0.251713
1906  ID00285637202278913507108     61  1304  61.373370   61  Female  Never smoked  test       100.0   ID00285637202278913507108_61       4.0     1411       57.0     0       1          0             1                 0  0.307692  0.073551  0.594737  0.261498
1907  ID00051637202185848464638     61  1532  73.707000   73  Female     Ex-smoker  test       100.0   ID00051637202185848464638_61      -1.0     1697       62.0     0       1          1             0                 0  0.615385  0.126672  0.621053  0.360749
1908  ID00168637202237852027833     61  2711  67.558812   62    Male     Ex-smoker  test       100.0   ID00168637202237852027833_61       7.0     3186       54.0     1       0          1             0                 0  0.333333  0.403232  0.578947  0.311273
1909  ID00127637202219096738943     61  1551  60.907127   55  Female     Ex-smoker  test       100.0   ID00127637202219096738943_61      44.0     1677       17.0     0       1          1             0                 0  0.153846  0.122957  0.384211  0.257746
1910  ID00224637202259281193413     62  2812  60.157453   72    Male  Never smoked  test       100.0   ID00224637202259281193413_62       0.0     2992       62.0     1       0          0             1                 0  0.589744  0.367199  0.621053  0.251713
1911  ID00285637202278913507108     62  1304  61.373370   61  Female  Never smoked  test       100.0   ID00285637202278913507108_62       4.0     1411       58.0     0       1          0             1                 0  0.307692  0.073551  0.600000  0.261498
1912  ID00051637202185848464638     62  1532  73.707000   73  Female     Ex-smoker  test       100.0   ID00051637202185848464638_62      -1.0     1697       63.0     0       1          1             0                 0  0.615385  0.126672  0.626316  0.360749
1913  ID00168637202237852027833     62  2711  67.558812   62    Male     Ex-smoker  test       100.0   ID00168637202237852027833_62       7.0     3186       55.0     1       0          1             0                 0  0.333333  0.403232  0.584211  0.311273
1914  ID00127637202219096738943     62  1551  60.907127   55  Female     Ex-smoker  test       100.0   ID00127637202219096738943_62      44.0     1677       18.0     0       1          1             0                 0  0.153846  0.122957  0.389474  0.257746
1915  ID00224637202259281193413     63  2812  60.157453   72    Male  Never smoked  test       100.0   ID00224637202259281193413_63       0.0     2992       63.0     1       0          0             1                 0  0.589744  0.367199  0.626316  0.251713
1916  ID00285637202278913507108     63  1304  61.373370   61  Female  Never smoked  test       100.0   ID00285637202278913507108_63       4.0     1411       59.0     0       1          0             1                 0  0.307692  0.073551  0.605263  0.261498
1917  ID00051637202185848464638     63  1532  73.707000   73  Female     Ex-smoker  test       100.0   ID00051637202185848464638_63      -1.0     1697       64.0     0       1          1             0                 0  0.615385  0.126672  0.631579  0.360749
1918  ID00168637202237852027833     63  2711  67.558812   62    Male     Ex-smoker  test       100.0   ID00168637202237852027833_63       7.0     3186       56.0     1       0          1             0                 0  0.333333  0.403232  0.589474  0.311273
1919  ID00127637202219096738943     63  1551  60.907127   55  Female     Ex-smoker  test       100.0   ID00127637202219096738943_63      44.0     1677       19.0     0       1          1             0                 0  0.153846  0.122957  0.394737  0.257746
1920  ID00224637202259281193413     64  2812  60.157453   72    Male  Never smoked  test       100.0   ID00224637202259281193413_64       0.0     2992       64.0     1       0          0             1                 0  0.589744  0.367199  0.631579  0.251713
1921  ID00285637202278913507108     64  1304  61.373370   61  Female  Never smoked  test       100.0   ID00285637202278913507108_64       4.0     1411       60.0     0       1          0             1                 0  0.307692  0.073551  0.610526  0.261498
1922  ID00051637202185848464638     64  1532  73.707000   73  Female     Ex-smoker  test       100.0   ID00051637202185848464638_64      -1.0     1697       65.0     0       1          1             0                 0  0.615385  0.126672  0.636842  0.360749
1923  ID00168637202237852027833     64  2711  67.558812   62    Male     Ex-smoker  test       100.0   ID00168637202237852027833_64       7.0     3186       57.0     1       0          1             0                 0  0.333333  0.403232  0.594737  0.311273
1924  ID00127637202219096738943     64  1551  60.907127   55  Female     Ex-smoker  test       100.0   ID00127637202219096738943_64      44.0     1677       20.0     0       1          1             0                 0  0.153846  0.122957  0.400000  0.257746
1925  ID00224637202259281193413     65  2812  60.157453   72    Male  Never smoked  test       100.0   ID00224637202259281193413_65       0.0     2992       65.0     1       0          0             1                 0  0.589744  0.367199  0.636842  0.251713
1926  ID00285637202278913507108     65  1304  61.373370   61  Female  Never smoked  test       100.0   ID00285637202278913507108_65       4.0     1411       61.0     0       1          0             1                 0  0.307692  0.073551  0.615789  0.261498
1927  ID00051637202185848464638     65  1532  73.707000   73  Female     Ex-smoker  test       100.0   ID00051637202185848464638_65      -1.0     1697       66.0     0       1          1             0                 0  0.615385  0.126672  0.642105  0.360749
1928  ID00168637202237852027833     65  2711  67.558812   62    Male     Ex-smoker  test       100.0   ID00168637202237852027833_65       7.0     3186       58.0     1       0          1             0                 0  0.333333  0.403232  0.600000  0.311273
1929  ID00127637202219096738943     65  1551  60.907127   55  Female     Ex-smoker  test       100.0   ID00127637202219096738943_65      44.0     1677       21.0     0       1          1             0                 0  0.153846  0.122957  0.405263  0.257746
1930  ID00224637202259281193413     66  2812  60.157453   72    Male  Never smoked  test       100.0   ID00224637202259281193413_66       0.0     2992       66.0     1       0          0             1                 0  0.589744  0.367199  0.642105  0.251713
1931  ID00285637202278913507108     66  1304  61.373370   61  Female  Never smoked  test       100.0   ID00285637202278913507108_66       4.0     1411       62.0     0       1          0             1                 0  0.307692  0.073551  0.621053  0.261498
1932  ID00051637202185848464638     66  1532  73.707000   73  Female     Ex-smoker  test       100.0   ID00051637202185848464638_66      -1.0     1697       67.0     0       1          1             0                 0  0.615385  0.126672  0.647368  0.360749
1933  ID00168637202237852027833     66  2711  67.558812   62    Male     Ex-smoker  test       100.0   ID00168637202237852027833_66       7.0     3186       59.0     1       0          1             0                 0  0.333333  0.403232  0.605263  0.311273
1934  ID00127637202219096738943     66  1551  60.907127   55  Female     Ex-smoker  test       100.0   ID00127637202219096738943_66      44.0     1677       22.0     0       1          1             0                 0  0.153846  0.122957  0.410526  0.257746
1935  ID00224637202259281193413     67  2812  60.157453   72    Male  Never smoked  test       100.0   ID00224637202259281193413_67       0.0     2992       67.0     1       0          0             1                 0  0.589744  0.367199  0.647368  0.251713
1936  ID00285637202278913507108     67  1304  61.373370   61  Female  Never smoked  test       100.0   ID00285637202278913507108_67       4.0     1411       63.0     0       1          0             1                 0  0.307692  0.073551  0.626316  0.261498
1937  ID00051637202185848464638     67  1532  73.707000   73  Female     Ex-smoker  test       100.0   ID00051637202185848464638_67      -1.0     1697       68.0     0       1          1             0                 0  0.615385  0.126672  0.652632  0.360749
1938  ID00168637202237852027833     67  2711  67.558812   62    Male     Ex-smoker  test       100.0   ID00168637202237852027833_67       7.0     3186       60.0     1       0          1             0                 0  0.333333  0.403232  0.610526  0.311273
1939  ID00127637202219096738943     67  1551  60.907127   55  Female     Ex-smoker  test       100.0   ID00127637202219096738943_67      44.0     1677       23.0     0       1          1             0                 0  0.153846  0.122957  0.415789  0.257746
1940  ID00224637202259281193413     68  2812  60.157453   72    Male  Never smoked  test       100.0   ID00224637202259281193413_68       0.0     2992       68.0     1       0          0             1                 0  0.589744  0.367199  0.652632  0.251713
1941  ID00285637202278913507108     68  1304  61.373370   61  Female  Never smoked  test       100.0   ID00285637202278913507108_68       4.0     1411       64.0     0       1          0             1                 0  0.307692  0.073551  0.631579  0.261498
1942  ID00051637202185848464638     68  1532  73.707000   73  Female     Ex-smoker  test       100.0   ID00051637202185848464638_68      -1.0     1697       69.0     0       1          1             0                 0  0.615385  0.126672  0.657895  0.360749
1943  ID00168637202237852027833     68  2711  67.558812   62    Male     Ex-smoker  test       100.0   ID00168637202237852027833_68       7.0     3186       61.0     1       0          1             0                 0  0.333333  0.403232  0.615789  0.311273
1944  ID00127637202219096738943     68  1551  60.907127   55  Female     Ex-smoker  test       100.0   ID00127637202219096738943_68      44.0     1677       24.0     0       1          1             0                 0  0.153846  0.122957  0.421053  0.257746
1945  ID00224637202259281193413     69  2812  60.157453   72    Male  Never smoked  test       100.0   ID00224637202259281193413_69       0.0     2992       69.0     1       0          0             1                 0  0.589744  0.367199  0.657895  0.251713
1946  ID00285637202278913507108     69  1304  61.373370   61  Female  Never smoked  test       100.0   ID00285637202278913507108_69       4.0     1411       65.0     0       1          0             1                 0  0.307692  0.073551  0.636842  0.261498
1947  ID00051637202185848464638     69  1532  73.707000   73  Female     Ex-smoker  test       100.0   ID00051637202185848464638_69      -1.0     1697       70.0     0       1          1             0                 0  0.615385  0.126672  0.663158  0.360749
1948  ID00168637202237852027833     69  2711  67.558812   62    Male     Ex-smoker  test       100.0   ID00168637202237852027833_69       7.0     3186       62.0     1       0          1             0                 0  0.333333  0.403232  0.621053  0.311273
1949  ID00127637202219096738943     69  1551  60.907127   55  Female     Ex-smoker  test       100.0   ID00127637202219096738943_69      44.0     1677       25.0     0       1          1             0                 0  0.153846  0.122957  0.426316  0.257746
1950  ID00224637202259281193413     70  2812  60.157453   72    Male  Never smoked  test       100.0   ID00224637202259281193413_70       0.0     2992       70.0     1       0          0             1                 0  0.589744  0.367199  0.663158  0.251713
1951  ID00285637202278913507108     70  1304  61.373370   61  Female  Never smoked  test       100.0   ID00285637202278913507108_70       4.0     1411       66.0     0       1          0             1                 0  0.307692  0.073551  0.642105  0.261498
1952  ID00051637202185848464638     70  1532  73.707000   73  Female     Ex-smoker  test       100.0   ID00051637202185848464638_70      -1.0     1697       71.0     0       1          1             0                 0  0.615385  0.126672  0.668421  0.360749
1953  ID00168637202237852027833     70  2711  67.558812   62    Male     Ex-smoker  test       100.0   ID00168637202237852027833_70       7.0     3186       63.0     1       0          1             0                 0  0.333333  0.403232  0.626316  0.311273
1954  ID00127637202219096738943     70  1551  60.907127   55  Female     Ex-smoker  test       100.0   ID00127637202219096738943_70      44.0     1677       26.0     0       1          1             0                 0  0.153846  0.122957  0.431579  0.257746
1955  ID00224637202259281193413     71  2812  60.157453   72    Male  Never smoked  test       100.0   ID00224637202259281193413_71       0.0     2992       71.0     1       0          0             1                 0  0.589744  0.367199  0.668421  0.251713
1956  ID00285637202278913507108     71  1304  61.373370   61  Female  Never smoked  test       100.0   ID00285637202278913507108_71       4.0     1411       67.0     0       1          0             1                 0  0.307692  0.073551  0.647368  0.261498
1957  ID00051637202185848464638     71  1532  73.707000   73  Female     Ex-smoker  test       100.0   ID00051637202185848464638_71      -1.0     1697       72.0     0       1          1             0                 0  0.615385  0.126672  0.673684  0.360749
1958  ID00168637202237852027833     71  2711  67.558812   62    Male     Ex-smoker  test       100.0   ID00168637202237852027833_71       7.0     3186       64.0     1       0          1             0                 0  0.333333  0.403232  0.631579  0.311273
1959  ID00127637202219096738943     71  1551  60.907127   55  Female     Ex-smoker  test       100.0   ID00127637202219096738943_71      44.0     1677       27.0     0       1          1             0                 0  0.153846  0.122957  0.436842  0.257746
1960  ID00224637202259281193413     72  2812  60.157453   72    Male  Never smoked  test       100.0   ID00224637202259281193413_72       0.0     2992       72.0     1       0          0             1                 0  0.589744  0.367199  0.673684  0.251713
1961  ID00285637202278913507108     72  1304  61.373370   61  Female  Never smoked  test       100.0   ID00285637202278913507108_72       4.0     1411       68.0     0       1          0             1                 0  0.307692  0.073551  0.652632  0.261498
1962  ID00051637202185848464638     72  1532  73.707000   73  Female     Ex-smoker  test       100.0   ID00051637202185848464638_72      -1.0     1697       73.0     0       1          1             0                 0  0.615385  0.126672  0.678947  0.360749
1963  ID00168637202237852027833     72  2711  67.558812   62    Male     Ex-smoker  test       100.0   ID00168637202237852027833_72       7.0     3186       65.0     1       0          1             0                 0  0.333333  0.403232  0.636842  0.311273
1964  ID00127637202219096738943     72  1551  60.907127   55  Female     Ex-smoker  test       100.0   ID00127637202219096738943_72      44.0     1677       28.0     0       1          1             0                 0  0.153846  0.122957  0.442105  0.257746
1965  ID00224637202259281193413     73  2812  60.157453   72    Male  Never smoked  test       100.0   ID00224637202259281193413_73       0.0     2992       73.0     1       0          0             1                 0  0.589744  0.367199  0.678947  0.251713
1966  ID00285637202278913507108     73  1304  61.373370   61  Female  Never smoked  test       100.0   ID00285637202278913507108_73       4.0     1411       69.0     0       1          0             1                 0  0.307692  0.073551  0.657895  0.261498
1967  ID00051637202185848464638     73  1532  73.707000   73  Female     Ex-smoker  test       100.0   ID00051637202185848464638_73      -1.0     1697       74.0     0       1          1             0                 0  0.615385  0.126672  0.684211  0.360749
1968  ID00168637202237852027833     73  2711  67.558812   62    Male     Ex-smoker  test       100.0   ID00168637202237852027833_73       7.0     3186       66.0     1       0          1             0                 0  0.333333  0.403232  0.642105  0.311273
1969  ID00127637202219096738943     73  1551  60.907127   55  Female     Ex-smoker  test       100.0   ID00127637202219096738943_73      44.0     1677       29.0     0       1          1             0                 0  0.153846  0.122957  0.447368  0.257746
1970  ID00224637202259281193413     74  2812  60.157453   72    Male  Never smoked  test       100.0   ID00224637202259281193413_74       0.0     2992       74.0     1       0          0             1                 0  0.589744  0.367199  0.684211  0.251713
1971  ID00285637202278913507108     74  1304  61.373370   61  Female  Never smoked  test       100.0   ID00285637202278913507108_74       4.0     1411       70.0     0       1          0             1                 0  0.307692  0.073551  0.663158  0.261498
1972  ID00051637202185848464638     74  1532  73.707000   73  Female     Ex-smoker  test       100.0   ID00051637202185848464638_74      -1.0     1697       75.0     0       1          1             0                 0  0.615385  0.126672  0.689474  0.360749
1973  ID00168637202237852027833     74  2711  67.558812   62    Male     Ex-smoker  test       100.0   ID00168637202237852027833_74       7.0     3186       67.0     1       0          1             0                 0  0.333333  0.403232  0.647368  0.311273
1974  ID00127637202219096738943     74  1551  60.907127   55  Female     Ex-smoker  test       100.0   ID00127637202219096738943_74      44.0     1677       30.0     0       1          1             0                 0  0.153846  0.122957  0.452632  0.257746
1975  ID00224637202259281193413     75  2812  60.157453   72    Male  Never smoked  test       100.0   ID00224637202259281193413_75       0.0     2992       75.0     1       0          0             1                 0  0.589744  0.367199  0.689474  0.251713
1976  ID00285637202278913507108     75  1304  61.373370   61  Female  Never smoked  test       100.0   ID00285637202278913507108_75       4.0     1411       71.0     0       1          0             1                 0  0.307692  0.073551  0.668421  0.261498
1977  ID00051637202185848464638     75  1532  73.707000   73  Female     Ex-smoker  test       100.0   ID00051637202185848464638_75      -1.0     1697       76.0     0       1          1             0                 0  0.615385  0.126672  0.694737  0.360749
1978  ID00168637202237852027833     75  2711  67.558812   62    Male     Ex-smoker  test       100.0   ID00168637202237852027833_75       7.0     3186       68.0     1       0          1             0                 0  0.333333  0.403232  0.652632  0.311273
1979  ID00127637202219096738943     75  1551  60.907127   55  Female     Ex-smoker  test       100.0   ID00127637202219096738943_75      44.0     1677       31.0     0       1          1             0                 0  0.153846  0.122957  0.457895  0.257746
1980  ID00224637202259281193413     76  2812  60.157453   72    Male  Never smoked  test       100.0   ID00224637202259281193413_76       0.0     2992       76.0     1       0          0             1                 0  0.589744  0.367199  0.694737  0.251713
1981  ID00285637202278913507108     76  1304  61.373370   61  Female  Never smoked  test       100.0   ID00285637202278913507108_76       4.0     1411       72.0     0       1          0             1                 0  0.307692  0.073551  0.673684  0.261498
1982  ID00051637202185848464638     76  1532  73.707000   73  Female     Ex-smoker  test       100.0   ID00051637202185848464638_76      -1.0     1697       77.0     0       1          1             0                 0  0.615385  0.126672  0.700000  0.360749
1983  ID00168637202237852027833     76  2711  67.558812   62    Male     Ex-smoker  test       100.0   ID00168637202237852027833_76       7.0     3186       69.0     1       0          1             0                 0  0.333333  0.403232  0.657895  0.311273
1984  ID00127637202219096738943     76  1551  60.907127   55  Female     Ex-smoker  test       100.0   ID00127637202219096738943_76      44.0     1677       32.0     0       1          1             0                 0  0.153846  0.122957  0.463158  0.257746
1985  ID00224637202259281193413     77  2812  60.157453   72    Male  Never smoked  test       100.0   ID00224637202259281193413_77       0.0     2992       77.0     1       0          0             1                 0  0.589744  0.367199  0.700000  0.251713
1986  ID00285637202278913507108     77  1304  61.373370   61  Female  Never smoked  test       100.0   ID00285637202278913507108_77       4.0     1411       73.0     0       1          0             1                 0  0.307692  0.073551  0.678947  0.261498
1987  ID00051637202185848464638     77  1532  73.707000   73  Female     Ex-smoker  test       100.0   ID00051637202185848464638_77      -1.0     1697       78.0     0       1          1             0                 0  0.615385  0.126672  0.705263  0.360749
1988  ID00168637202237852027833     77  2711  67.558812   62    Male     Ex-smoker  test       100.0   ID00168637202237852027833_77       7.0     3186       70.0     1       0          1             0                 0  0.333333  0.403232  0.663158  0.311273
1989  ID00127637202219096738943     77  1551  60.907127   55  Female     Ex-smoker  test       100.0   ID00127637202219096738943_77      44.0     1677       33.0     0       1          1             0                 0  0.153846  0.122957  0.468421  0.257746
1990  ID00224637202259281193413     78  2812  60.157453   72    Male  Never smoked  test       100.0   ID00224637202259281193413_78       0.0     2992       78.0     1       0          0             1                 0  0.589744  0.367199  0.705263  0.251713
1991  ID00285637202278913507108     78  1304  61.373370   61  Female  Never smoked  test       100.0   ID00285637202278913507108_78       4.0     1411       74.0     0       1          0             1                 0  0.307692  0.073551  0.684211  0.261498
1992  ID00051637202185848464638     78  1532  73.707000   73  Female     Ex-smoker  test       100.0   ID00051637202185848464638_78      -1.0     1697       79.0     0       1          1             0                 0  0.615385  0.126672  0.710526  0.360749
1993  ID00168637202237852027833     78  2711  67.558812   62    Male     Ex-smoker  test       100.0   ID00168637202237852027833_78       7.0     3186       71.0     1       0          1             0                 0  0.333333  0.403232  0.668421  0.311273
1994  ID00127637202219096738943     78  1551  60.907127   55  Female     Ex-smoker  test       100.0   ID00127637202219096738943_78      44.0     1677       34.0     0       1          1             0                 0  0.153846  0.122957  0.473684  0.257746
1995  ID00224637202259281193413     79  2812  60.157453   72    Male  Never smoked  test       100.0   ID00224637202259281193413_79       0.0     2992       79.0     1       0          0             1                 0  0.589744  0.367199  0.710526  0.251713
1996  ID00285637202278913507108     79  1304  61.373370   61  Female  Never smoked  test       100.0   ID00285637202278913507108_79       4.0     1411       75.0     0       1          0             1                 0  0.307692  0.073551  0.689474  0.261498
1997  ID00051637202185848464638     79  1532  73.707000   73  Female     Ex-smoker  test       100.0   ID00051637202185848464638_79      -1.0     1697       80.0     0       1          1             0                 0  0.615385  0.126672  0.715789  0.360749
1998  ID00168637202237852027833     79  2711  67.558812   62    Male     Ex-smoker  test       100.0   ID00168637202237852027833_79       7.0     3186       72.0     1       0          1             0                 0  0.333333  0.403232  0.673684  0.311273
1999  ID00127637202219096738943     79  1551  60.907127   55  Female     Ex-smoker  test       100.0   ID00127637202219096738943_79      44.0     1677       35.0     0       1          1             0                 0  0.153846  0.122957  0.478947  0.257746
2000  ID00224637202259281193413     80  2812  60.157453   72    Male  Never smoked  test       100.0   ID00224637202259281193413_80       0.0     2992       80.0     1       0          0             1                 0  0.589744  0.367199  0.715789  0.251713
2001  ID00285637202278913507108     80  1304  61.373370   61  Female  Never smoked  test       100.0   ID00285637202278913507108_80       4.0     1411       76.0     0       1          0             1                 0  0.307692  0.073551  0.694737  0.261498
2002  ID00051637202185848464638     80  1532  73.707000   73  Female     Ex-smoker  test       100.0   ID00051637202185848464638_80      -1.0     1697       81.0     0       1          1             0                 0  0.615385  0.126672  0.721053  0.360749
2003  ID00168637202237852027833     80  2711  67.558812   62    Male     Ex-smoker  test       100.0   ID00168637202237852027833_80       7.0     3186       73.0     1       0          1             0                 0  0.333333  0.403232  0.678947  0.311273
2004  ID00127637202219096738943     80  1551  60.907127   55  Female     Ex-smoker  test       100.0   ID00127637202219096738943_80      44.0     1677       36.0     0       1          1             0                 0  0.153846  0.122957  0.484211  0.257746
2005  ID00224637202259281193413     81  2812  60.157453   72    Male  Never smoked  test       100.0   ID00224637202259281193413_81       0.0     2992       81.0     1       0          0             1                 0  0.589744  0.367199  0.721053  0.251713
2006  ID00285637202278913507108     81  1304  61.373370   61  Female  Never smoked  test       100.0   ID00285637202278913507108_81       4.0     1411       77.0     0       1          0             1                 0  0.307692  0.073551  0.700000  0.261498
2007  ID00051637202185848464638     81  1532  73.707000   73  Female     Ex-smoker  test       100.0   ID00051637202185848464638_81      -1.0     1697       82.0     0       1          1             0                 0  0.615385  0.126672  0.726316  0.360749
2008  ID00168637202237852027833     81  2711  67.558812   62    Male     Ex-smoker  test       100.0   ID00168637202237852027833_81       7.0     3186       74.0     1       0          1             0                 0  0.333333  0.403232  0.684211  0.311273
2009  ID00127637202219096738943     81  1551  60.907127   55  Female     Ex-smoker  test       100.0   ID00127637202219096738943_81      44.0     1677       37.0     0       1          1             0                 0  0.153846  0.122957  0.489474  0.257746
2010  ID00224637202259281193413     82  2812  60.157453   72    Male  Never smoked  test       100.0   ID00224637202259281193413_82       0.0     2992       82.0     1       0          0             1                 0  0.589744  0.367199  0.726316  0.251713
2011  ID00285637202278913507108     82  1304  61.373370   61  Female  Never smoked  test       100.0   ID00285637202278913507108_82       4.0     1411       78.0     0       1          0             1                 0  0.307692  0.073551  0.705263  0.261498
2012  ID00051637202185848464638     82  1532  73.707000   73  Female     Ex-smoker  test       100.0   ID00051637202185848464638_82      -1.0     1697       83.0     0       1          1             0                 0  0.615385  0.126672  0.731579  0.360749
2013  ID00168637202237852027833     82  2711  67.558812   62    Male     Ex-smoker  test       100.0   ID00168637202237852027833_82       7.0     3186       75.0     1       0          1             0                 0  0.333333  0.403232  0.689474  0.311273
2014  ID00127637202219096738943     82  1551  60.907127   55  Female     Ex-smoker  test       100.0   ID00127637202219096738943_82      44.0     1677       38.0     0       1          1             0                 0  0.153846  0.122957  0.494737  0.257746
2015  ID00224637202259281193413     83  2812  60.157453   72    Male  Never smoked  test       100.0   ID00224637202259281193413_83       0.0     2992       83.0     1       0          0             1                 0  0.589744  0.367199  0.731579  0.251713
2016  ID00285637202278913507108     83  1304  61.373370   61  Female  Never smoked  test       100.0   ID00285637202278913507108_83       4.0     1411       79.0     0       1          0             1                 0  0.307692  0.073551  0.710526  0.261498
2017  ID00051637202185848464638     83  1532  73.707000   73  Female     Ex-smoker  test       100.0   ID00051637202185848464638_83      -1.0     1697       84.0     0       1          1             0                 0  0.615385  0.126672  0.736842  0.360749
2018  ID00168637202237852027833     83  2711  67.558812   62    Male     Ex-smoker  test       100.0   ID00168637202237852027833_83       7.0     3186       76.0     1       0          1             0                 0  0.333333  0.403232  0.694737  0.311273
2019  ID00127637202219096738943     83  1551  60.907127   55  Female     Ex-smoker  test       100.0   ID00127637202219096738943_83      44.0     1677       39.0     0       1          1             0                 0  0.153846  0.122957  0.500000  0.257746
2020  ID00224637202259281193413     84  2812  60.157453   72    Male  Never smoked  test       100.0   ID00224637202259281193413_84       0.0     2992       84.0     1       0          0             1                 0  0.589744  0.367199  0.736842  0.251713
2021  ID00285637202278913507108     84  1304  61.373370   61  Female  Never smoked  test       100.0   ID00285637202278913507108_84       4.0     1411       80.0     0       1          0             1                 0  0.307692  0.073551  0.715789  0.261498
2022  ID00051637202185848464638     84  1532  73.707000   73  Female     Ex-smoker  test       100.0   ID00051637202185848464638_84      -1.0     1697       85.0     0       1          1             0                 0  0.615385  0.126672  0.742105  0.360749
2023  ID00168637202237852027833     84  2711  67.558812   62    Male     Ex-smoker  test       100.0   ID00168637202237852027833_84       7.0     3186       77.0     1       0          1             0                 0  0.333333  0.403232  0.700000  0.311273
2024  ID00127637202219096738943     84  1551  60.907127   55  Female     Ex-smoker  test       100.0   ID00127637202219096738943_84      44.0     1677       40.0     0       1          1             0                 0  0.153846  0.122957  0.505263  0.257746
2025  ID00224637202259281193413     85  2812  60.157453   72    Male  Never smoked  test       100.0   ID00224637202259281193413_85       0.0     2992       85.0     1       0          0             1                 0  0.589744  0.367199  0.742105  0.251713
2026  ID00285637202278913507108     85  1304  61.373370   61  Female  Never smoked  test       100.0   ID00285637202278913507108_85       4.0     1411       81.0     0       1          0             1                 0  0.307692  0.073551  0.721053  0.261498
2027  ID00051637202185848464638     85  1532  73.707000   73  Female     Ex-smoker  test       100.0   ID00051637202185848464638_85      -1.0     1697       86.0     0       1          1             0                 0  0.615385  0.126672  0.747368  0.360749
2028  ID00168637202237852027833     85  2711  67.558812   62    Male     Ex-smoker  test       100.0   ID00168637202237852027833_85       7.0     3186       78.0     1       0          1             0                 0  0.333333  0.403232  0.705263  0.311273
2029  ID00127637202219096738943     85  1551  60.907127   55  Female     Ex-smoker  test       100.0   ID00127637202219096738943_85      44.0     1677       41.0     0       1          1             0                 0  0.153846  0.122957  0.510526  0.257746
2030  ID00224637202259281193413     86  2812  60.157453   72    Male  Never smoked  test       100.0   ID00224637202259281193413_86       0.0     2992       86.0     1       0          0             1                 0  0.589744  0.367199  0.747368  0.251713
2031  ID00285637202278913507108     86  1304  61.373370   61  Female  Never smoked  test       100.0   ID00285637202278913507108_86       4.0     1411       82.0     0       1          0             1                 0  0.307692  0.073551  0.726316  0.261498
2032  ID00051637202185848464638     86  1532  73.707000   73  Female     Ex-smoker  test       100.0   ID00051637202185848464638_86      -1.0     1697       87.0     0       1          1             0                 0  0.615385  0.126672  0.752632  0.360749
2033  ID00168637202237852027833     86  2711  67.558812   62    Male     Ex-smoker  test       100.0   ID00168637202237852027833_86       7.0     3186       79.0     1       0          1             0                 0  0.333333  0.403232  0.710526  0.311273
2034  ID00127637202219096738943     86  1551  60.907127   55  Female     Ex-smoker  test       100.0   ID00127637202219096738943_86      44.0     1677       42.0     0       1          1             0                 0  0.153846  0.122957  0.515789  0.257746
2035  ID00224637202259281193413     87  2812  60.157453   72    Male  Never smoked  test       100.0   ID00224637202259281193413_87       0.0     2992       87.0     1       0          0             1                 0  0.589744  0.367199  0.752632  0.251713
2036  ID00285637202278913507108     87  1304  61.373370   61  Female  Never smoked  test       100.0   ID00285637202278913507108_87       4.0     1411       83.0     0       1          0             1                 0  0.307692  0.073551  0.731579  0.261498
2037  ID00051637202185848464638     87  1532  73.707000   73  Female     Ex-smoker  test       100.0   ID00051637202185848464638_87      -1.0     1697       88.0     0       1          1             0                 0  0.615385  0.126672  0.757895  0.360749
2038  ID00168637202237852027833     87  2711  67.558812   62    Male     Ex-smoker  test       100.0   ID00168637202237852027833_87       7.0     3186       80.0     1       0          1             0                 0  0.333333  0.403232  0.715789  0.311273
2039  ID00127637202219096738943     87  1551  60.907127   55  Female     Ex-smoker  test       100.0   ID00127637202219096738943_87      44.0     1677       43.0     0       1          1             0                 0  0.153846  0.122957  0.521053  0.257746
2040  ID00224637202259281193413     88  2812  60.157453   72    Male  Never smoked  test       100.0   ID00224637202259281193413_88       0.0     2992       88.0     1       0          0             1                 0  0.589744  0.367199  0.757895  0.251713
2041  ID00285637202278913507108     88  1304  61.373370   61  Female  Never smoked  test       100.0   ID00285637202278913507108_88       4.0     1411       84.0     0       1          0             1                 0  0.307692  0.073551  0.736842  0.261498
2042  ID00051637202185848464638     88  1532  73.707000   73  Female     Ex-smoker  test       100.0   ID00051637202185848464638_88      -1.0     1697       89.0     0       1          1             0                 0  0.615385  0.126672  0.763158  0.360749
2043  ID00168637202237852027833     88  2711  67.558812   62    Male     Ex-smoker  test       100.0   ID00168637202237852027833_88       7.0     3186       81.0     1       0          1             0                 0  0.333333  0.403232  0.721053  0.311273
2044  ID00127637202219096738943     88  1551  60.907127   55  Female     Ex-smoker  test       100.0   ID00127637202219096738943_88      44.0     1677       44.0     0       1          1             0                 0  0.153846  0.122957  0.526316  0.257746
2045  ID00224637202259281193413     89  2812  60.157453   72    Male  Never smoked  test       100.0   ID00224637202259281193413_89       0.0     2992       89.0     1       0          0             1                 0  0.589744  0.367199  0.763158  0.251713
2046  ID00285637202278913507108     89  1304  61.373370   61  Female  Never smoked  test       100.0   ID00285637202278913507108_89       4.0     1411       85.0     0       1          0             1                 0  0.307692  0.073551  0.742105  0.261498
2047  ID00051637202185848464638     89  1532  73.707000   73  Female     Ex-smoker  test       100.0   ID00051637202185848464638_89      -1.0     1697       90.0     0       1          1             0                 0  0.615385  0.126672  0.768421  0.360749
2048  ID00168637202237852027833     89  2711  67.558812   62    Male     Ex-smoker  test       100.0   ID00168637202237852027833_89       7.0     3186       82.0     1       0          1             0                 0  0.333333  0.403232  0.726316  0.311273
2049  ID00127637202219096738943     89  1551  60.907127   55  Female     Ex-smoker  test       100.0   ID00127637202219096738943_89      44.0     1677       45.0     0       1          1             0                 0  0.153846  0.122957  0.531579  0.257746
2050  ID00224637202259281193413     90  2812  60.157453   72    Male  Never smoked  test       100.0   ID00224637202259281193413_90       0.0     2992       90.0     1       0          0             1                 0  0.589744  0.367199  0.768421  0.251713
2051  ID00285637202278913507108     90  1304  61.373370   61  Female  Never smoked  test       100.0   ID00285637202278913507108_90       4.0     1411       86.0     0       1          0             1                 0  0.307692  0.073551  0.747368  0.261498
2052  ID00051637202185848464638     90  1532  73.707000   73  Female     Ex-smoker  test       100.0   ID00051637202185848464638_90      -1.0     1697       91.0     0       1          1             0                 0  0.615385  0.126672  0.773684  0.360749
2053  ID00168637202237852027833     90  2711  67.558812   62    Male     Ex-smoker  test       100.0   ID00168637202237852027833_90       7.0     3186       83.0     1       0          1             0                 0  0.333333  0.403232  0.731579  0.311273
2054  ID00127637202219096738943     90  1551  60.907127   55  Female     Ex-smoker  test       100.0   ID00127637202219096738943_90      44.0     1677       46.0     0       1          1             0                 0  0.153846  0.122957  0.536842  0.257746
2055  ID00224637202259281193413     91  2812  60.157453   72    Male  Never smoked  test       100.0   ID00224637202259281193413_91       0.0     2992       91.0     1       0          0             1                 0  0.589744  0.367199  0.773684  0.251713
2056  ID00285637202278913507108     91  1304  61.373370   61  Female  Never smoked  test       100.0   ID00285637202278913507108_91       4.0     1411       87.0     0       1          0             1                 0  0.307692  0.073551  0.752632  0.261498
2057  ID00051637202185848464638     91  1532  73.707000   73  Female     Ex-smoker  test       100.0   ID00051637202185848464638_91      -1.0     1697       92.0     0       1          1             0                 0  0.615385  0.126672  0.778947  0.360749
2058  ID00168637202237852027833     91  2711  67.558812   62    Male     Ex-smoker  test       100.0   ID00168637202237852027833_91       7.0     3186       84.0     1       0          1             0                 0  0.333333  0.403232  0.736842  0.311273
2059  ID00127637202219096738943     91  1551  60.907127   55  Female     Ex-smoker  test       100.0   ID00127637202219096738943_91      44.0     1677       47.0     0       1          1             0                 0  0.153846  0.122957  0.542105  0.257746
2060  ID00224637202259281193413     92  2812  60.157453   72    Male  Never smoked  test       100.0   ID00224637202259281193413_92       0.0     2992       92.0     1       0          0             1                 0  0.589744  0.367199  0.778947  0.251713
2061  ID00285637202278913507108     92  1304  61.373370   61  Female  Never smoked  test       100.0   ID00285637202278913507108_92       4.0     1411       88.0     0       1          0             1                 0  0.307692  0.073551  0.757895  0.261498
2062  ID00051637202185848464638     92  1532  73.707000   73  Female     Ex-smoker  test       100.0   ID00051637202185848464638_92      -1.0     1697       93.0     0       1          1             0                 0  0.615385  0.126672  0.784211  0.360749
2063  ID00168637202237852027833     92  2711  67.558812   62    Male     Ex-smoker  test       100.0   ID00168637202237852027833_92       7.0     3186       85.0     1       0          1             0                 0  0.333333  0.403232  0.742105  0.311273
2064  ID00127637202219096738943     92  1551  60.907127   55  Female     Ex-smoker  test       100.0   ID00127637202219096738943_92      44.0     1677       48.0     0       1          1             0                 0  0.153846  0.122957  0.547368  0.257746
2065  ID00224637202259281193413     93  2812  60.157453   72    Male  Never smoked  test       100.0   ID00224637202259281193413_93       0.0     2992       93.0     1       0          0             1                 0  0.589744  0.367199  0.784211  0.251713
2066  ID00285637202278913507108     93  1304  61.373370   61  Female  Never smoked  test       100.0   ID00285637202278913507108_93       4.0     1411       89.0     0       1          0             1                 0  0.307692  0.073551  0.763158  0.261498
2067  ID00051637202185848464638     93  1532  73.707000   73  Female     Ex-smoker  test       100.0   ID00051637202185848464638_93      -1.0     1697       94.0     0       1          1             0                 0  0.615385  0.126672  0.789474  0.360749
2068  ID00168637202237852027833     93  2711  67.558812   62    Male     Ex-smoker  test       100.0   ID00168637202237852027833_93       7.0     3186       86.0     1       0          1             0                 0  0.333333  0.403232  0.747368  0.311273
2069  ID00127637202219096738943     93  1551  60.907127   55  Female     Ex-smoker  test       100.0   ID00127637202219096738943_93      44.0     1677       49.0     0       1          1             0                 0  0.153846  0.122957  0.552632  0.257746
2070  ID00224637202259281193413     94  2812  60.157453   72    Male  Never smoked  test       100.0   ID00224637202259281193413_94       0.0     2992       94.0     1       0          0             1                 0  0.589744  0.367199  0.789474  0.251713
2071  ID00285637202278913507108     94  1304  61.373370   61  Female  Never smoked  test       100.0   ID00285637202278913507108_94       4.0     1411       90.0     0       1          0             1                 0  0.307692  0.073551  0.768421  0.261498
2072  ID00051637202185848464638     94  1532  73.707000   73  Female     Ex-smoker  test       100.0   ID00051637202185848464638_94      -1.0     1697       95.0     0       1          1             0                 0  0.615385  0.126672  0.794737  0.360749
2073  ID00168637202237852027833     94  2711  67.558812   62    Male     Ex-smoker  test       100.0   ID00168637202237852027833_94       7.0     3186       87.0     1       0          1             0                 0  0.333333  0.403232  0.752632  0.311273
2074  ID00127637202219096738943     94  1551  60.907127   55  Female     Ex-smoker  test       100.0   ID00127637202219096738943_94      44.0     1677       50.0     0       1          1             0                 0  0.153846  0.122957  0.557895  0.257746
2075  ID00224637202259281193413     95  2812  60.157453   72    Male  Never smoked  test       100.0   ID00224637202259281193413_95       0.0     2992       95.0     1       0          0             1                 0  0.589744  0.367199  0.794737  0.251713
2076  ID00285637202278913507108     95  1304  61.373370   61  Female  Never smoked  test       100.0   ID00285637202278913507108_95       4.0     1411       91.0     0       1          0             1                 0  0.307692  0.073551  0.773684  0.261498
2077  ID00051637202185848464638     95  1532  73.707000   73  Female     Ex-smoker  test       100.0   ID00051637202185848464638_95      -1.0     1697       96.0     0       1          1             0                 0  0.615385  0.126672  0.800000  0.360749
2078  ID00168637202237852027833     95  2711  67.558812   62    Male     Ex-smoker  test       100.0   ID00168637202237852027833_95       7.0     3186       88.0     1       0          1             0                 0  0.333333  0.403232  0.757895  0.311273
2079  ID00127637202219096738943     95  1551  60.907127   55  Female     Ex-smoker  test       100.0   ID00127637202219096738943_95      44.0     1677       51.0     0       1          1             0                 0  0.153846  0.122957  0.563158  0.257746
2080  ID00224637202259281193413     96  2812  60.157453   72    Male  Never smoked  test       100.0   ID00224637202259281193413_96       0.0     2992       96.0     1       0          0             1                 0  0.589744  0.367199  0.800000  0.251713
2081  ID00285637202278913507108     96  1304  61.373370   61  Female  Never smoked  test       100.0   ID00285637202278913507108_96       4.0     1411       92.0     0       1          0             1                 0  0.307692  0.073551  0.778947  0.261498
2082  ID00051637202185848464638     96  1532  73.707000   73  Female     Ex-smoker  test       100.0   ID00051637202185848464638_96      -1.0     1697       97.0     0       1          1             0                 0  0.615385  0.126672  0.805263  0.360749
2083  ID00168637202237852027833     96  2711  67.558812   62    Male     Ex-smoker  test       100.0   ID00168637202237852027833_96       7.0     3186       89.0     1       0          1             0                 0  0.333333  0.403232  0.763158  0.311273
2084  ID00127637202219096738943     96  1551  60.907127   55  Female     Ex-smoker  test       100.0   ID00127637202219096738943_96      44.0     1677       52.0     0       1          1             0                 0  0.153846  0.122957  0.568421  0.257746
2085  ID00224637202259281193413     97  2812  60.157453   72    Male  Never smoked  test       100.0   ID00224637202259281193413_97       0.0     2992       97.0     1       0          0             1                 0  0.589744  0.367199  0.805263  0.251713
2086  ID00285637202278913507108     97  1304  61.373370   61  Female  Never smoked  test       100.0   ID00285637202278913507108_97       4.0     1411       93.0     0       1          0             1                 0  0.307692  0.073551  0.784211  0.261498
2087  ID00051637202185848464638     97  1532  73.707000   73  Female     Ex-smoker  test       100.0   ID00051637202185848464638_97      -1.0     1697       98.0     0       1          1             0                 0  0.615385  0.126672  0.810526  0.360749
2088  ID00168637202237852027833     97  2711  67.558812   62    Male     Ex-smoker  test       100.0   ID00168637202237852027833_97       7.0     3186       90.0     1       0          1             0                 0  0.333333  0.403232  0.768421  0.311273
2089  ID00127637202219096738943     97  1551  60.907127   55  Female     Ex-smoker  test       100.0   ID00127637202219096738943_97      44.0     1677       53.0     0       1          1             0                 0  0.153846  0.122957  0.573684  0.257746
2090  ID00224637202259281193413     98  2812  60.157453   72    Male  Never smoked  test       100.0   ID00224637202259281193413_98       0.0     2992       98.0     1       0          0             1                 0  0.589744  0.367199  0.810526  0.251713
2091  ID00285637202278913507108     98  1304  61.373370   61  Female  Never smoked  test       100.0   ID00285637202278913507108_98       4.0     1411       94.0     0       1          0             1                 0  0.307692  0.073551  0.789474  0.261498
2092  ID00051637202185848464638     98  1532  73.707000   73  Female     Ex-smoker  test       100.0   ID00051637202185848464638_98      -1.0     1697       99.0     0       1          1             0                 0  0.615385  0.126672  0.815789  0.360749
2093  ID00168637202237852027833     98  2711  67.558812   62    Male     Ex-smoker  test       100.0   ID00168637202237852027833_98       7.0     3186       91.0     1       0          1             0                 0  0.333333  0.403232  0.773684  0.311273
2094  ID00127637202219096738943     98  1551  60.907127   55  Female     Ex-smoker  test       100.0   ID00127637202219096738943_98      44.0     1677       54.0     0       1          1             0                 0  0.153846  0.122957  0.578947  0.257746
2095  ID00224637202259281193413     99  2812  60.157453   72    Male  Never smoked  test       100.0   ID00224637202259281193413_99       0.0     2992       99.0     1       0          0             1                 0  0.589744  0.367199  0.815789  0.251713
2096  ID00285637202278913507108     99  1304  61.373370   61  Female  Never smoked  test       100.0   ID00285637202278913507108_99       4.0     1411       95.0     0       1          0             1                 0  0.307692  0.073551  0.794737  0.261498
2097  ID00051637202185848464638     99  1532  73.707000   73  Female     Ex-smoker  test       100.0   ID00051637202185848464638_99      -1.0     1697      100.0     0       1          1             0                 0  0.615385  0.126672  0.821053  0.360749
2098  ID00168637202237852027833     99  2711  67.558812   62    Male     Ex-smoker  test       100.0   ID00168637202237852027833_99       7.0     3186       92.0     1       0          1             0                 0  0.333333  0.403232  0.778947  0.311273
2099  ID00127637202219096738943     99  1551  60.907127   55  Female     Ex-smoker  test       100.0   ID00127637202219096738943_99      44.0     1677       55.0     0       1          1             0                 0  0.153846  0.122957  0.584211  0.257746
2100  ID00224637202259281193413    100  2812  60.157453   72    Male  Never smoked  test       100.0  ID00224637202259281193413_100       0.0     2992      100.0     1       0          0             1                 0  0.589744  0.367199  0.821053  0.251713
2101  ID00285637202278913507108    100  1304  61.373370   61  Female  Never smoked  test       100.0  ID00285637202278913507108_100       4.0     1411       96.0     0       1          0             1                 0  0.307692  0.073551  0.800000  0.261498
2102  ID00051637202185848464638    100  1532  73.707000   73  Female     Ex-smoker  test       100.0  ID00051637202185848464638_100      -1.0     1697      101.0     0       1          1             0                 0  0.615385  0.126672  0.826316  0.360749
2103  ID00168637202237852027833    100  2711  67.558812   62    Male     Ex-smoker  test       100.0  ID00168637202237852027833_100       7.0     3186       93.0     1       0          1             0                 0  0.333333  0.403232  0.784211  0.311273
2104  ID00127637202219096738943    100  1551  60.907127   55  Female     Ex-smoker  test       100.0  ID00127637202219096738943_100      44.0     1677       56.0     0       1          1             0                 0  0.153846  0.122957  0.589474  0.257746
2105  ID00224637202259281193413    101  2812  60.157453   72    Male  Never smoked  test       100.0  ID00224637202259281193413_101       0.0     2992      101.0     1       0          0             1                 0  0.589744  0.367199  0.826316  0.251713
2106  ID00285637202278913507108    101  1304  61.373370   61  Female  Never smoked  test       100.0  ID00285637202278913507108_101       4.0     1411       97.0     0       1          0             1                 0  0.307692  0.073551  0.805263  0.261498
2107  ID00051637202185848464638    101  1532  73.707000   73  Female     Ex-smoker  test       100.0  ID00051637202185848464638_101      -1.0     1697      102.0     0       1          1             0                 0  0.615385  0.126672  0.831579  0.360749
2108  ID00168637202237852027833    101  2711  67.558812   62    Male     Ex-smoker  test       100.0  ID00168637202237852027833_101       7.0     3186       94.0     1       0          1             0                 0  0.333333  0.403232  0.789474  0.311273
2109  ID00127637202219096738943    101  1551  60.907127   55  Female     Ex-smoker  test       100.0  ID00127637202219096738943_101      44.0     1677       57.0     0       1          1             0                 0  0.153846  0.122957  0.594737  0.257746
2110  ID00224637202259281193413    102  2812  60.157453   72    Male  Never smoked  test       100.0  ID00224637202259281193413_102       0.0     2992      102.0     1       0          0             1                 0  0.589744  0.367199  0.831579  0.251713
2111  ID00285637202278913507108    102  1304  61.373370   61  Female  Never smoked  test       100.0  ID00285637202278913507108_102       4.0     1411       98.0     0       1          0             1                 0  0.307692  0.073551  0.810526  0.261498
2112  ID00051637202185848464638    102  1532  73.707000   73  Female     Ex-smoker  test       100.0  ID00051637202185848464638_102      -1.0     1697      103.0     0       1          1             0                 0  0.615385  0.126672  0.836842  0.360749
2113  ID00168637202237852027833    102  2711  67.558812   62    Male     Ex-smoker  test       100.0  ID00168637202237852027833_102       7.0     3186       95.0     1       0          1             0                 0  0.333333  0.403232  0.794737  0.311273
2114  ID00127637202219096738943    102  1551  60.907127   55  Female     Ex-smoker  test       100.0  ID00127637202219096738943_102      44.0     1677       58.0     0       1          1             0                 0  0.153846  0.122957  0.600000  0.257746
2115  ID00224637202259281193413    103  2812  60.157453   72    Male  Never smoked  test       100.0  ID00224637202259281193413_103       0.0     2992      103.0     1       0          0             1                 0  0.589744  0.367199  0.836842  0.251713
2116  ID00285637202278913507108    103  1304  61.373370   61  Female  Never smoked  test       100.0  ID00285637202278913507108_103       4.0     1411       99.0     0       1          0             1                 0  0.307692  0.073551  0.815789  0.261498
2117  ID00051637202185848464638    103  1532  73.707000   73  Female     Ex-smoker  test       100.0  ID00051637202185848464638_103      -1.0     1697      104.0     0       1          1             0                 0  0.615385  0.126672  0.842105  0.360749
2118  ID00168637202237852027833    103  2711  67.558812   62    Male     Ex-smoker  test       100.0  ID00168637202237852027833_103       7.0     3186       96.0     1       0          1             0                 0  0.333333  0.403232  0.800000  0.311273
2119  ID00127637202219096738943    103  1551  60.907127   55  Female     Ex-smoker  test       100.0  ID00127637202219096738943_103      44.0     1677       59.0     0       1          1             0                 0  0.153846  0.122957  0.605263  0.257746
2120  ID00224637202259281193413    104  2812  60.157453   72    Male  Never smoked  test       100.0  ID00224637202259281193413_104       0.0     2992      104.0     1       0          0             1                 0  0.589744  0.367199  0.842105  0.251713
2121  ID00285637202278913507108    104  1304  61.373370   61  Female  Never smoked  test       100.0  ID00285637202278913507108_104       4.0     1411      100.0     0       1          0             1                 0  0.307692  0.073551  0.821053  0.261498
2122  ID00051637202185848464638    104  1532  73.707000   73  Female     Ex-smoker  test       100.0  ID00051637202185848464638_104      -1.0     1697      105.0     0       1          1             0                 0  0.615385  0.126672  0.847368  0.360749
2123  ID00168637202237852027833    104  2711  67.558812   62    Male     Ex-smoker  test       100.0  ID00168637202237852027833_104       7.0     3186       97.0     1       0          1             0                 0  0.333333  0.403232  0.805263  0.311273
2124  ID00127637202219096738943    104  1551  60.907127   55  Female     Ex-smoker  test       100.0  ID00127637202219096738943_104      44.0     1677       60.0     0       1          1             0                 0  0.153846  0.122957  0.610526  0.257746
2125  ID00224637202259281193413    105  2812  60.157453   72    Male  Never smoked  test       100.0  ID00224637202259281193413_105       0.0     2992      105.0     1       0          0             1                 0  0.589744  0.367199  0.847368  0.251713
2126  ID00285637202278913507108    105  1304  61.373370   61  Female  Never smoked  test       100.0  ID00285637202278913507108_105       4.0     1411      101.0     0       1          0             1                 0  0.307692  0.073551  0.826316  0.261498
2127  ID00051637202185848464638    105  1532  73.707000   73  Female     Ex-smoker  test       100.0  ID00051637202185848464638_105      -1.0     1697      106.0     0       1          1             0                 0  0.615385  0.126672  0.852632  0.360749
2128  ID00168637202237852027833    105  2711  67.558812   62    Male     Ex-smoker  test       100.0  ID00168637202237852027833_105       7.0     3186       98.0     1       0          1             0                 0  0.333333  0.403232  0.810526  0.311273
2129  ID00127637202219096738943    105  1551  60.907127   55  Female     Ex-smoker  test       100.0  ID00127637202219096738943_105      44.0     1677       61.0     0       1          1             0                 0  0.153846  0.122957  0.615789  0.257746
2130  ID00224637202259281193413    106  2812  60.157453   72    Male  Never smoked  test       100.0  ID00224637202259281193413_106       0.0     2992      106.0     1       0          0             1                 0  0.589744  0.367199  0.852632  0.251713
2131  ID00285637202278913507108    106  1304  61.373370   61  Female  Never smoked  test       100.0  ID00285637202278913507108_106       4.0     1411      102.0     0       1          0             1                 0  0.307692  0.073551  0.831579  0.261498
2132  ID00051637202185848464638    106  1532  73.707000   73  Female     Ex-smoker  test       100.0  ID00051637202185848464638_106      -1.0     1697      107.0     0       1          1             0                 0  0.615385  0.126672  0.857895  0.360749
2133  ID00168637202237852027833    106  2711  67.558812   62    Male     Ex-smoker  test       100.0  ID00168637202237852027833_106       7.0     3186       99.0     1       0          1             0                 0  0.333333  0.403232  0.815789  0.311273
2134  ID00127637202219096738943    106  1551  60.907127   55  Female     Ex-smoker  test       100.0  ID00127637202219096738943_106      44.0     1677       62.0     0       1          1             0                 0  0.153846  0.122957  0.621053  0.257746
2135  ID00224637202259281193413    107  2812  60.157453   72    Male  Never smoked  test       100.0  ID00224637202259281193413_107       0.0     2992      107.0     1       0          0             1                 0  0.589744  0.367199  0.857895  0.251713
2136  ID00285637202278913507108    107  1304  61.373370   61  Female  Never smoked  test       100.0  ID00285637202278913507108_107       4.0     1411      103.0     0       1          0             1                 0  0.307692  0.073551  0.836842  0.261498
2137  ID00051637202185848464638    107  1532  73.707000   73  Female     Ex-smoker  test       100.0  ID00051637202185848464638_107      -1.0     1697      108.0     0       1          1             0                 0  0.615385  0.126672  0.863158  0.360749
2138  ID00168637202237852027833    107  2711  67.558812   62    Male     Ex-smoker  test       100.0  ID00168637202237852027833_107       7.0     3186      100.0     1       0          1             0                 0  0.333333  0.403232  0.821053  0.311273
2139  ID00127637202219096738943    107  1551  60.907127   55  Female     Ex-smoker  test       100.0  ID00127637202219096738943_107      44.0     1677       63.0     0       1          1             0                 0  0.153846  0.122957  0.626316  0.257746
2140  ID00224637202259281193413    108  2812  60.157453   72    Male  Never smoked  test       100.0  ID00224637202259281193413_108       0.0     2992      108.0     1       0          0             1                 0  0.589744  0.367199  0.863158  0.251713
2141  ID00285637202278913507108    108  1304  61.373370   61  Female  Never smoked  test       100.0  ID00285637202278913507108_108       4.0     1411      104.0     0       1          0             1                 0  0.307692  0.073551  0.842105  0.261498
2142  ID00051637202185848464638    108  1532  73.707000   73  Female     Ex-smoker  test       100.0  ID00051637202185848464638_108      -1.0     1697      109.0     0       1          1             0                 0  0.615385  0.126672  0.868421  0.360749
2143  ID00168637202237852027833    108  2711  67.558812   62    Male     Ex-smoker  test       100.0  ID00168637202237852027833_108       7.0     3186      101.0     1       0          1             0                 0  0.333333  0.403232  0.826316  0.311273
2144  ID00127637202219096738943    108  1551  60.907127   55  Female     Ex-smoker  test       100.0  ID00127637202219096738943_108      44.0     1677       64.0     0       1          1             0                 0  0.153846  0.122957  0.631579  0.257746
2145  ID00224637202259281193413    109  2812  60.157453   72    Male  Never smoked  test       100.0  ID00224637202259281193413_109       0.0     2992      109.0     1       0          0             1                 0  0.589744  0.367199  0.868421  0.251713
2146  ID00285637202278913507108    109  1304  61.373370   61  Female  Never smoked  test       100.0  ID00285637202278913507108_109       4.0     1411      105.0     0       1          0             1                 0  0.307692  0.073551  0.847368  0.261498
2147  ID00051637202185848464638    109  1532  73.707000   73  Female     Ex-smoker  test       100.0  ID00051637202185848464638_109      -1.0     1697      110.0     0       1          1             0                 0  0.615385  0.126672  0.873684  0.360749
2148  ID00168637202237852027833    109  2711  67.558812   62    Male     Ex-smoker  test       100.0  ID00168637202237852027833_109       7.0     3186      102.0     1       0          1             0                 0  0.333333  0.403232  0.831579  0.311273
2149  ID00127637202219096738943    109  1551  60.907127   55  Female     Ex-smoker  test       100.0  ID00127637202219096738943_109      44.0     1677       65.0     0       1          1             0                 0  0.153846  0.122957  0.636842  0.257746
2150  ID00224637202259281193413    110  2812  60.157453   72    Male  Never smoked  test       100.0  ID00224637202259281193413_110       0.0     2992      110.0     1       0          0             1                 0  0.589744  0.367199  0.873684  0.251713
2151  ID00285637202278913507108    110  1304  61.373370   61  Female  Never smoked  test       100.0  ID00285637202278913507108_110       4.0     1411      106.0     0       1          0             1                 0  0.307692  0.073551  0.852632  0.261498
2152  ID00051637202185848464638    110  1532  73.707000   73  Female     Ex-smoker  test       100.0  ID00051637202185848464638_110      -1.0     1697      111.0     0       1          1             0                 0  0.615385  0.126672  0.878947  0.360749
2153  ID00168637202237852027833    110  2711  67.558812   62    Male     Ex-smoker  test       100.0  ID00168637202237852027833_110       7.0     3186      103.0     1       0          1             0                 0  0.333333  0.403232  0.836842  0.311273
2154  ID00127637202219096738943    110  1551  60.907127   55  Female     Ex-smoker  test       100.0  ID00127637202219096738943_110      44.0     1677       66.0     0       1          1             0                 0  0.153846  0.122957  0.642105  0.257746
2155  ID00224637202259281193413    111  2812  60.157453   72    Male  Never smoked  test       100.0  ID00224637202259281193413_111       0.0     2992      111.0     1       0          0             1                 0  0.589744  0.367199  0.878947  0.251713
2156  ID00285637202278913507108    111  1304  61.373370   61  Female  Never smoked  test       100.0  ID00285637202278913507108_111       4.0     1411      107.0     0       1          0             1                 0  0.307692  0.073551  0.857895  0.261498
2157  ID00051637202185848464638    111  1532  73.707000   73  Female     Ex-smoker  test       100.0  ID00051637202185848464638_111      -1.0     1697      112.0     0       1          1             0                 0  0.615385  0.126672  0.884211  0.360749
2158  ID00168637202237852027833    111  2711  67.558812   62    Male     Ex-smoker  test       100.0  ID00168637202237852027833_111       7.0     3186      104.0     1       0          1             0                 0  0.333333  0.403232  0.842105  0.311273
2159  ID00127637202219096738943    111  1551  60.907127   55  Female     Ex-smoker  test       100.0  ID00127637202219096738943_111      44.0     1677       67.0     0       1          1             0                 0  0.153846  0.122957  0.647368  0.257746
2160  ID00224637202259281193413    112  2812  60.157453   72    Male  Never smoked  test       100.0  ID00224637202259281193413_112       0.0     2992      112.0     1       0          0             1                 0  0.589744  0.367199  0.884211  0.251713
2161  ID00285637202278913507108    112  1304  61.373370   61  Female  Never smoked  test       100.0  ID00285637202278913507108_112       4.0     1411      108.0     0       1          0             1                 0  0.307692  0.073551  0.863158  0.261498
2162  ID00051637202185848464638    112  1532  73.707000   73  Female     Ex-smoker  test       100.0  ID00051637202185848464638_112      -1.0     1697      113.0     0       1          1             0                 0  0.615385  0.126672  0.889474  0.360749
2163  ID00168637202237852027833    112  2711  67.558812   62    Male     Ex-smoker  test       100.0  ID00168637202237852027833_112       7.0     3186      105.0     1       0          1             0                 0  0.333333  0.403232  0.847368  0.311273
2164  ID00127637202219096738943    112  1551  60.907127   55  Female     Ex-smoker  test       100.0  ID00127637202219096738943_112      44.0     1677       68.0     0       1          1             0                 0  0.153846  0.122957  0.652632  0.257746
2165  ID00224637202259281193413    113  2812  60.157453   72    Male  Never smoked  test       100.0  ID00224637202259281193413_113       0.0     2992      113.0     1       0          0             1                 0  0.589744  0.367199  0.889474  0.251713
2166  ID00285637202278913507108    113  1304  61.373370   61  Female  Never smoked  test       100.0  ID00285637202278913507108_113       4.0     1411      109.0     0       1          0             1                 0  0.307692  0.073551  0.868421  0.261498
2167  ID00051637202185848464638    113  1532  73.707000   73  Female     Ex-smoker  test       100.0  ID00051637202185848464638_113      -1.0     1697      114.0     0       1          1             0                 0  0.615385  0.126672  0.894737  0.360749
2168  ID00168637202237852027833    113  2711  67.558812   62    Male     Ex-smoker  test       100.0  ID00168637202237852027833_113       7.0     3186      106.0     1       0          1             0                 0  0.333333  0.403232  0.852632  0.311273
2169  ID00127637202219096738943    113  1551  60.907127   55  Female     Ex-smoker  test       100.0  ID00127637202219096738943_113      44.0     1677       69.0     0       1          1             0                 0  0.153846  0.122957  0.657895  0.257746
2170  ID00224637202259281193413    114  2812  60.157453   72    Male  Never smoked  test       100.0  ID00224637202259281193413_114       0.0     2992      114.0     1       0          0             1                 0  0.589744  0.367199  0.894737  0.251713
2171  ID00285637202278913507108    114  1304  61.373370   61  Female  Never smoked  test       100.0  ID00285637202278913507108_114       4.0     1411      110.0     0       1          0             1                 0  0.307692  0.073551  0.873684  0.261498
2172  ID00051637202185848464638    114  1532  73.707000   73  Female     Ex-smoker  test       100.0  ID00051637202185848464638_114      -1.0     1697      115.0     0       1          1             0                 0  0.615385  0.126672  0.900000  0.360749
2173  ID00168637202237852027833    114  2711  67.558812   62    Male     Ex-smoker  test       100.0  ID00168637202237852027833_114       7.0     3186      107.0     1       0          1             0                 0  0.333333  0.403232  0.857895  0.311273
2174  ID00127637202219096738943    114  1551  60.907127   55  Female     Ex-smoker  test       100.0  ID00127637202219096738943_114      44.0     1677       70.0     0       1          1             0                 0  0.153846  0.122957  0.663158  0.257746
2175  ID00224637202259281193413    115  2812  60.157453   72    Male  Never smoked  test       100.0  ID00224637202259281193413_115       0.0     2992      115.0     1       0          0             1                 0  0.589744  0.367199  0.900000  0.251713
2176  ID00285637202278913507108    115  1304  61.373370   61  Female  Never smoked  test       100.0  ID00285637202278913507108_115       4.0     1411      111.0     0       1          0             1                 0  0.307692  0.073551  0.878947  0.261498
2177  ID00051637202185848464638    115  1532  73.707000   73  Female     Ex-smoker  test       100.0  ID00051637202185848464638_115      -1.0     1697      116.0     0       1          1             0                 0  0.615385  0.126672  0.905263  0.360749
2178  ID00168637202237852027833    115  2711  67.558812   62    Male     Ex-smoker  test       100.0  ID00168637202237852027833_115       7.0     3186      108.0     1       0          1             0                 0  0.333333  0.403232  0.863158  0.311273
2179  ID00127637202219096738943    115  1551  60.907127   55  Female     Ex-smoker  test       100.0  ID00127637202219096738943_115      44.0     1677       71.0     0       1          1             0                 0  0.153846  0.122957  0.668421  0.257746
2180  ID00224637202259281193413    116  2812  60.157453   72    Male  Never smoked  test       100.0  ID00224637202259281193413_116       0.0     2992      116.0     1       0          0             1                 0  0.589744  0.367199  0.905263  0.251713
2181  ID00285637202278913507108    116  1304  61.373370   61  Female  Never smoked  test       100.0  ID00285637202278913507108_116       4.0     1411      112.0     0       1          0             1                 0  0.307692  0.073551  0.884211  0.261498
2182  ID00051637202185848464638    116  1532  73.707000   73  Female     Ex-smoker  test       100.0  ID00051637202185848464638_116      -1.0     1697      117.0     0       1          1             0                 0  0.615385  0.126672  0.910526  0.360749
2183  ID00168637202237852027833    116  2711  67.558812   62    Male     Ex-smoker  test       100.0  ID00168637202237852027833_116       7.0     3186      109.0     1       0          1             0                 0  0.333333  0.403232  0.868421  0.311273
2184  ID00127637202219096738943    116  1551  60.907127   55  Female     Ex-smoker  test       100.0  ID00127637202219096738943_116      44.0     1677       72.0     0       1          1             0                 0  0.153846  0.122957  0.673684  0.257746
2185  ID00224637202259281193413    117  2812  60.157453   72    Male  Never smoked  test       100.0  ID00224637202259281193413_117       0.0     2992      117.0     1       0          0             1                 0  0.589744  0.367199  0.910526  0.251713
2186  ID00285637202278913507108    117  1304  61.373370   61  Female  Never smoked  test       100.0  ID00285637202278913507108_117       4.0     1411      113.0     0       1          0             1                 0  0.307692  0.073551  0.889474  0.261498
2187  ID00051637202185848464638    117  1532  73.707000   73  Female     Ex-smoker  test       100.0  ID00051637202185848464638_117      -1.0     1697      118.0     0       1          1             0                 0  0.615385  0.126672  0.915789  0.360749
2188  ID00168637202237852027833    117  2711  67.558812   62    Male     Ex-smoker  test       100.0  ID00168637202237852027833_117       7.0     3186      110.0     1       0          1             0                 0  0.333333  0.403232  0.873684  0.311273
2189  ID00127637202219096738943    117  1551  60.907127   55  Female     Ex-smoker  test       100.0  ID00127637202219096738943_117      44.0     1677       73.0     0       1          1             0                 0  0.153846  0.122957  0.678947  0.257746
2190  ID00224637202259281193413    118  2812  60.157453   72    Male  Never smoked  test       100.0  ID00224637202259281193413_118       0.0     2992      118.0     1       0          0             1                 0  0.589744  0.367199  0.915789  0.251713
2191  ID00285637202278913507108    118  1304  61.373370   61  Female  Never smoked  test       100.0  ID00285637202278913507108_118       4.0     1411      114.0     0       1          0             1                 0  0.307692  0.073551  0.894737  0.261498
2192  ID00051637202185848464638    118  1532  73.707000   73  Female     Ex-smoker  test       100.0  ID00051637202185848464638_118      -1.0     1697      119.0     0       1          1             0                 0  0.615385  0.126672  0.921053  0.360749
2193  ID00168637202237852027833    118  2711  67.558812   62    Male     Ex-smoker  test       100.0  ID00168637202237852027833_118       7.0     3186      111.0     1       0          1             0                 0  0.333333  0.403232  0.878947  0.311273
2194  ID00127637202219096738943    118  1551  60.907127   55  Female     Ex-smoker  test       100.0  ID00127637202219096738943_118      44.0     1677       74.0     0       1          1             0                 0  0.153846  0.122957  0.684211  0.257746
2195  ID00224637202259281193413    119  2812  60.157453   72    Male  Never smoked  test       100.0  ID00224637202259281193413_119       0.0     2992      119.0     1       0          0             1                 0  0.589744  0.367199  0.921053  0.251713
2196  ID00285637202278913507108    119  1304  61.373370   61  Female  Never smoked  test       100.0  ID00285637202278913507108_119       4.0     1411      115.0     0       1          0             1                 0  0.307692  0.073551  0.900000  0.261498
2197  ID00051637202185848464638    119  1532  73.707000   73  Female     Ex-smoker  test       100.0  ID00051637202185848464638_119      -1.0     1697      120.0     0       1          1             0                 0  0.615385  0.126672  0.926316  0.360749
2198  ID00168637202237852027833    119  2711  67.558812   62    Male     Ex-smoker  test       100.0  ID00168637202237852027833_119       7.0     3186      112.0     1       0          1             0                 0  0.333333  0.403232  0.884211  0.311273
2199  ID00127637202219096738943    119  1551  60.907127   55  Female     Ex-smoker  test       100.0  ID00127637202219096738943_119      44.0     1677       75.0     0       1          1             0                 0  0.153846  0.122957  0.689474  0.257746
2200  ID00224637202259281193413    120  2812  60.157453   72    Male  Never smoked  test       100.0  ID00224637202259281193413_120       0.0     2992      120.0     1       0          0             1                 0  0.589744  0.367199  0.926316  0.251713
2201  ID00285637202278913507108    120  1304  61.373370   61  Female  Never smoked  test       100.0  ID00285637202278913507108_120       4.0     1411      116.0     0       1          0             1                 0  0.307692  0.073551  0.905263  0.261498
2202  ID00051637202185848464638    120  1532  73.707000   73  Female     Ex-smoker  test       100.0  ID00051637202185848464638_120      -1.0     1697      121.0     0       1          1             0                 0  0.615385  0.126672  0.931579  0.360749
2203  ID00168637202237852027833    120  2711  67.558812   62    Male     Ex-smoker  test       100.0  ID00168637202237852027833_120       7.0     3186      113.0     1       0          1             0                 0  0.333333  0.403232  0.889474  0.311273
2204  ID00127637202219096738943    120  1551  60.907127   55  Female     Ex-smoker  test       100.0  ID00127637202219096738943_120      44.0     1677       76.0     0       1          1             0                 0  0.153846  0.122957  0.694737  0.257746
2205  ID00224637202259281193413    121  2812  60.157453   72    Male  Never smoked  test       100.0  ID00224637202259281193413_121       0.0     2992      121.0     1       0          0             1                 0  0.589744  0.367199  0.931579  0.251713
2206  ID00285637202278913507108    121  1304  61.373370   61  Female  Never smoked  test       100.0  ID00285637202278913507108_121       4.0     1411      117.0     0       1          0             1                 0  0.307692  0.073551  0.910526  0.261498
2207  ID00051637202185848464638    121  1532  73.707000   73  Female     Ex-smoker  test       100.0  ID00051637202185848464638_121      -1.0     1697      122.0     0       1          1             0                 0  0.615385  0.126672  0.936842  0.360749
2208  ID00168637202237852027833    121  2711  67.558812   62    Male     Ex-smoker  test       100.0  ID00168637202237852027833_121       7.0     3186      114.0     1       0          1             0                 0  0.333333  0.403232  0.894737  0.311273
2209  ID00127637202219096738943    121  1551  60.907127   55  Female     Ex-smoker  test       100.0  ID00127637202219096738943_121      44.0     1677       77.0     0       1          1             0                 0  0.153846  0.122957  0.700000  0.257746
2210  ID00224637202259281193413    122  2812  60.157453   72    Male  Never smoked  test       100.0  ID00224637202259281193413_122       0.0     2992      122.0     1       0          0             1                 0  0.589744  0.367199  0.936842  0.251713
2211  ID00285637202278913507108    122  1304  61.373370   61  Female  Never smoked  test       100.0  ID00285637202278913507108_122       4.0     1411      118.0     0       1          0             1                 0  0.307692  0.073551  0.915789  0.261498
2212  ID00051637202185848464638    122  1532  73.707000   73  Female     Ex-smoker  test       100.0  ID00051637202185848464638_122      -1.0     1697      123.0     0       1          1             0                 0  0.615385  0.126672  0.942105  0.360749
2213  ID00168637202237852027833    122  2711  67.558812   62    Male     Ex-smoker  test       100.0  ID00168637202237852027833_122       7.0     3186      115.0     1       0          1             0                 0  0.333333  0.403232  0.900000  0.311273
2214  ID00127637202219096738943    122  1551  60.907127   55  Female     Ex-smoker  test       100.0  ID00127637202219096738943_122      44.0     1677       78.0     0       1          1             0                 0  0.153846  0.122957  0.705263  0.257746
2215  ID00224637202259281193413    123  2812  60.157453   72    Male  Never smoked  test       100.0  ID00224637202259281193413_123       0.0     2992      123.0     1       0          0             1                 0  0.589744  0.367199  0.942105  0.251713
2216  ID00285637202278913507108    123  1304  61.373370   61  Female  Never smoked  test       100.0  ID00285637202278913507108_123       4.0     1411      119.0     0       1          0             1                 0  0.307692  0.073551  0.921053  0.261498
2217  ID00051637202185848464638    123  1532  73.707000   73  Female     Ex-smoker  test       100.0  ID00051637202185848464638_123      -1.0     1697      124.0     0       1          1             0                 0  0.615385  0.126672  0.947368  0.360749
2218  ID00168637202237852027833    123  2711  67.558812   62    Male     Ex-smoker  test       100.0  ID00168637202237852027833_123       7.0     3186      116.0     1       0          1             0                 0  0.333333  0.403232  0.905263  0.311273
2219  ID00127637202219096738943    123  1551  60.907127   55  Female     Ex-smoker  test       100.0  ID00127637202219096738943_123      44.0     1677       79.0     0       1          1             0                 0  0.153846  0.122957  0.710526  0.257746
2220  ID00224637202259281193413    124  2812  60.157453   72    Male  Never smoked  test       100.0  ID00224637202259281193413_124       0.0     2992      124.0     1       0          0             1                 0  0.589744  0.367199  0.947368  0.251713
2221  ID00285637202278913507108    124  1304  61.373370   61  Female  Never smoked  test       100.0  ID00285637202278913507108_124       4.0     1411      120.0     0       1          0             1                 0  0.307692  0.073551  0.926316  0.261498
2222  ID00051637202185848464638    124  1532  73.707000   73  Female     Ex-smoker  test       100.0  ID00051637202185848464638_124      -1.0     1697      125.0     0       1          1             0                 0  0.615385  0.126672  0.952632  0.360749
2223  ID00168637202237852027833    124  2711  67.558812   62    Male     Ex-smoker  test       100.0  ID00168637202237852027833_124       7.0     3186      117.0     1       0          1             0                 0  0.333333  0.403232  0.910526  0.311273
2224  ID00127637202219096738943    124  1551  60.907127   55  Female     Ex-smoker  test       100.0  ID00127637202219096738943_124      44.0     1677       80.0     0       1          1             0                 0  0.153846  0.122957  0.715789  0.257746
2225  ID00224637202259281193413    125  2812  60.157453   72    Male  Never smoked  test       100.0  ID00224637202259281193413_125       0.0     2992      125.0     1       0          0             1                 0  0.589744  0.367199  0.952632  0.251713
2226  ID00285637202278913507108    125  1304  61.373370   61  Female  Never smoked  test       100.0  ID00285637202278913507108_125       4.0     1411      121.0     0       1          0             1                 0  0.307692  0.073551  0.931579  0.261498
2227  ID00051637202185848464638    125  1532  73.707000   73  Female     Ex-smoker  test       100.0  ID00051637202185848464638_125      -1.0     1697      126.0     0       1          1             0                 0  0.615385  0.126672  0.957895  0.360749
2228  ID00168637202237852027833    125  2711  67.558812   62    Male     Ex-smoker  test       100.0  ID00168637202237852027833_125       7.0     3186      118.0     1       0          1             0                 0  0.333333  0.403232  0.915789  0.311273
2229  ID00127637202219096738943    125  1551  60.907127   55  Female     Ex-smoker  test       100.0  ID00127637202219096738943_125      44.0     1677       81.0     0       1          1             0                 0  0.153846  0.122957  0.721053  0.257746
2230  ID00224637202259281193413    126  2812  60.157453   72    Male  Never smoked  test       100.0  ID00224637202259281193413_126       0.0     2992      126.0     1       0          0             1                 0  0.589744  0.367199  0.957895  0.251713
2231  ID00285637202278913507108    126  1304  61.373370   61  Female  Never smoked  test       100.0  ID00285637202278913507108_126       4.0     1411      122.0     0       1          0             1                 0  0.307692  0.073551  0.936842  0.261498
2232  ID00051637202185848464638    126  1532  73.707000   73  Female     Ex-smoker  test       100.0  ID00051637202185848464638_126      -1.0     1697      127.0     0       1          1             0                 0  0.615385  0.126672  0.963158  0.360749
2233  ID00168637202237852027833    126  2711  67.558812   62    Male     Ex-smoker  test       100.0  ID00168637202237852027833_126       7.0     3186      119.0     1       0          1             0                 0  0.333333  0.403232  0.921053  0.311273
2234  ID00127637202219096738943    126  1551  60.907127   55  Female     Ex-smoker  test       100.0  ID00127637202219096738943_126      44.0     1677       82.0     0       1          1             0                 0  0.153846  0.122957  0.726316  0.257746
2235  ID00224637202259281193413    127  2812  60.157453   72    Male  Never smoked  test       100.0  ID00224637202259281193413_127       0.0     2992      127.0     1       0          0             1                 0  0.589744  0.367199  0.963158  0.251713
2236  ID00285637202278913507108    127  1304  61.373370   61  Female  Never smoked  test       100.0  ID00285637202278913507108_127       4.0     1411      123.0     0       1          0             1                 0  0.307692  0.073551  0.942105  0.261498
2237  ID00051637202185848464638    127  1532  73.707000   73  Female     Ex-smoker  test       100.0  ID00051637202185848464638_127      -1.0     1697      128.0     0       1          1             0                 0  0.615385  0.126672  0.968421  0.360749
2238  ID00168637202237852027833    127  2711  67.558812   62    Male     Ex-smoker  test       100.0  ID00168637202237852027833_127       7.0     3186      120.0     1       0          1             0                 0  0.333333  0.403232  0.926316  0.311273
2239  ID00127637202219096738943    127  1551  60.907127   55  Female     Ex-smoker  test       100.0  ID00127637202219096738943_127      44.0     1677       83.0     0       1          1             0                 0  0.153846  0.122957  0.731579  0.257746
2240  ID00224637202259281193413    128  2812  60.157453   72    Male  Never smoked  test       100.0  ID00224637202259281193413_128       0.0     2992      128.0     1       0          0             1                 0  0.589744  0.367199  0.968421  0.251713
2241  ID00285637202278913507108    128  1304  61.373370   61  Female  Never smoked  test       100.0  ID00285637202278913507108_128       4.0     1411      124.0     0       1          0             1                 0  0.307692  0.073551  0.947368  0.261498
2242  ID00051637202185848464638    128  1532  73.707000   73  Female     Ex-smoker  test       100.0  ID00051637202185848464638_128      -1.0     1697      129.0     0       1          1             0                 0  0.615385  0.126672  0.973684  0.360749
2243  ID00168637202237852027833    128  2711  67.558812   62    Male     Ex-smoker  test       100.0  ID00168637202237852027833_128       7.0     3186      121.0     1       0          1             0                 0  0.333333  0.403232  0.931579  0.311273
2244  ID00127637202219096738943    128  1551  60.907127   55  Female     Ex-smoker  test       100.0  ID00127637202219096738943_128      44.0     1677       84.0     0       1          1             0                 0  0.153846  0.122957  0.736842  0.257746
2245  ID00224637202259281193413    129  2812  60.157453   72    Male  Never smoked  test       100.0  ID00224637202259281193413_129       0.0     2992      129.0     1       0          0             1                 0  0.589744  0.367199  0.973684  0.251713
2246  ID00285637202278913507108    129  1304  61.373370   61  Female  Never smoked  test       100.0  ID00285637202278913507108_129       4.0     1411      125.0     0       1          0             1                 0  0.307692  0.073551  0.952632  0.261498
2247  ID00051637202185848464638    129  1532  73.707000   73  Female     Ex-smoker  test       100.0  ID00051637202185848464638_129      -1.0     1697      130.0     0       1          1             0                 0  0.615385  0.126672  0.978947  0.360749
2248  ID00168637202237852027833    129  2711  67.558812   62    Male     Ex-smoker  test       100.0  ID00168637202237852027833_129       7.0     3186      122.0     1       0          1             0                 0  0.333333  0.403232  0.936842  0.311273
2249  ID00127637202219096738943    129  1551  60.907127   55  Female     Ex-smoker  test       100.0  ID00127637202219096738943_129      44.0     1677       85.0     0       1          1             0                 0  0.153846  0.122957  0.742105  0.257746
2250  ID00224637202259281193413    130  2812  60.157453   72    Male  Never smoked  test       100.0  ID00224637202259281193413_130       0.0     2992      130.0     1       0          0             1                 0  0.589744  0.367199  0.978947  0.251713
2251  ID00285637202278913507108    130  1304  61.373370   61  Female  Never smoked  test       100.0  ID00285637202278913507108_130       4.0     1411      126.0     0       1          0             1                 0  0.307692  0.073551  0.957895  0.261498
2252  ID00051637202185848464638    130  1532  73.707000   73  Female     Ex-smoker  test       100.0  ID00051637202185848464638_130      -1.0     1697      131.0     0       1          1             0                 0  0.615385  0.126672  0.984211  0.360749
2253  ID00168637202237852027833    130  2711  67.558812   62    Male     Ex-smoker  test       100.0  ID00168637202237852027833_130       7.0     3186      123.0     1       0          1             0                 0  0.333333  0.403232  0.942105  0.311273
2254  ID00127637202219096738943    130  1551  60.907127   55  Female     Ex-smoker  test       100.0  ID00127637202219096738943_130      44.0     1677       86.0     0       1          1             0                 0  0.153846  0.122957  0.747368  0.257746
2255  ID00224637202259281193413    131  2812  60.157453   72    Male  Never smoked  test       100.0  ID00224637202259281193413_131       0.0     2992      131.0     1       0          0             1                 0  0.589744  0.367199  0.984211  0.251713
2256  ID00285637202278913507108    131  1304  61.373370   61  Female  Never smoked  test       100.0  ID00285637202278913507108_131       4.0     1411      127.0     0       1          0             1                 0  0.307692  0.073551  0.963158  0.261498
2257  ID00051637202185848464638    131  1532  73.707000   73  Female     Ex-smoker  test       100.0  ID00051637202185848464638_131      -1.0     1697      132.0     0       1          1             0                 0  0.615385  0.126672  0.989474  0.360749
2258  ID00168637202237852027833    131  2711  67.558812   62    Male     Ex-smoker  test       100.0  ID00168637202237852027833_131       7.0     3186      124.0     1       0          1             0                 0  0.333333  0.403232  0.947368  0.311273
2259  ID00127637202219096738943    131  1551  60.907127   55  Female     Ex-smoker  test       100.0  ID00127637202219096738943_131      44.0     1677       87.0     0       1          1             0                 0  0.153846  0.122957  0.752632  0.257746
2260  ID00224637202259281193413    132  2812  60.157453   72    Male  Never smoked  test       100.0  ID00224637202259281193413_132       0.0     2992      132.0     1       0          0             1                 0  0.589744  0.367199  0.989474  0.251713
2261  ID00285637202278913507108    132  1304  61.373370   61  Female  Never smoked  test       100.0  ID00285637202278913507108_132       4.0     1411      128.0     0       1          0             1                 0  0.307692  0.073551  0.968421  0.261498
2262  ID00051637202185848464638    132  1532  73.707000   73  Female     Ex-smoker  test       100.0  ID00051637202185848464638_132      -1.0     1697      133.0     0       1          1             0                 0  0.615385  0.126672  0.994737  0.360749
2263  ID00168637202237852027833    132  2711  67.558812   62    Male     Ex-smoker  test       100.0  ID00168637202237852027833_132       7.0     3186      125.0     1       0          1             0                 0  0.333333  0.403232  0.952632  0.311273
2264  ID00127637202219096738943    132  1551  60.907127   55  Female     Ex-smoker  test       100.0  ID00127637202219096738943_132      44.0     1677       88.0     0       1          1             0                 0  0.153846  0.122957  0.757895  0.257746
2265  ID00224637202259281193413    133  2812  60.157453   72    Male  Never smoked  test       100.0  ID00224637202259281193413_133       0.0     2992      133.0     1       0          0             1                 0  0.589744  0.367199  0.994737  0.251713
2266  ID00285637202278913507108    133  1304  61.373370   61  Female  Never smoked  test       100.0  ID00285637202278913507108_133       4.0     1411      129.0     0       1          0             1                 0  0.307692  0.073551  0.973684  0.261498
2267  ID00051637202185848464638    133  1532  73.707000   73  Female     Ex-smoker  test       100.0  ID00051637202185848464638_133      -1.0     1697      134.0     0       1          1             0                 0  0.615385  0.126672  1.000000  0.360749
2268  ID00168637202237852027833    133  2711  67.558812   62    Male     Ex-smoker  test       100.0  ID00168637202237852027833_133       7.0     3186      126.0     1       0          1             0                 0  0.333333  0.403232  0.957895  0.311273
2269  ID00127637202219096738943    133  1551  60.907127   55  Female     Ex-smoker  test       100.0  ID00127637202219096738943_133      44.0     1677       89.0     0       1          1             0                 0  0.153846  0.122957  0.763158  0.257746